live_rebalance_date,signal_cutoff_date,sector,z_star,standard_tilt,placebo_tilt,confidence_tilt,b63,a21,confidence,c_match,confidence_minus_placebo_tilt,selective_deviation,standard_multiplier,placebo_multiplier,confidence_multiplier,confidence_group
2021-01-04,2020-12-31,Comm,-0.9735042446184904,-0.09735042446184905,-0.06154846022365285,-0.0590437092663735,0.6730158730158731,0.9011777832176718,0.6065069525147506,0.6322361773345248,0.002504750957279353,0.002504750957279353,0.902649575538151,0.9384515397763471,0.9409562907336265,C < C_match
2021-01-04,2020-12-31,Consumer,0.6389687627844215,0.06389687627844215,0.04039791680189934,0.048898048253336206,0.907936507936508,0.842861890816971,0.765265081821123,0.6322361773345248,0.008500131451436868,0.008500131451436868,1.0638968762784422,1.0403979168018993,1.048898048253336,C > C_match
2021-01-04,2020-12-31,Energy,-1.1170935263312745,-0.11170935263312745,-0.07062669408128293,-0.06992286915340423,0.7142857142857143,0.8763099463682328,0.6259356759773091,0.6322361773345248,0.0007038249278786962,0.0007038249278786962,0.8882906473668726,0.929373305918717,0.9300771308465958,C < C_match
2021-01-04,2020-12-31,Financials,-0.4206244139211191,-0.04206244139211191,-0.02659339715510632,-0.028658068393953802,0.8380952380952381,0.8129410709452839,0.6813220404112855,0.6322361773345248,-0.0020646712388474805,0.0020646712388474805,0.9579375586078881,0.9734066028448937,0.9713419316060462,C > C_match
2021-01-04,2020-12-31,Healthcare,0.8701960269486025,0.08701960269486025,0.055016940960967556,0.053111263660084514,0.7396825396825397,0.82513340809902,0.6103367748795926,0.6322361773345248,-0.0019056773008830422,0.0019056773008830422,1.0870196026948602,1.0550169409609675,1.0531112636600846,C < C_match
2021-01-04,2020-12-31,Industrials,-0.2816122616930814,-0.02816122616930814,-0.01780454598233636,-0.019715977523024696,0.819047619047619,0.8547863959323112,0.7001107623826549,0.6322361773345248,-0.001911431540688336,0.001911431540688336,0.9718387738306918,0.9821954540176636,0.9802840224769753,C > C_match
2021-01-04,2020-12-31,Materials,-0.5358675250854837,-0.05358675250854838,-0.033879483561775885,-0.015876692439722305,0.3142857142857143,0.9427096494377982,0.2962801755375937,0.6322361773345248,0.01800279112205358,0.01800279112205358,0.9464132474914516,0.9661205164382242,0.9841233075602777,C < C_match
2021-01-04,2020-12-31,RealEstate,-0.9290782766896106,-0.09290782766896107,-0.05873968980987873,-0.02629088290948274,0.2952380952380952,0.9584742957364324,0.2829781254078991,0.6322361773345248,0.03244880690039599,0.03244880690039599,0.9070921723310389,0.9412603101901212,0.9737091170905172,C < C_match
2021-01-04,2020-12-31,Tech,0.5214141098571416,0.05214141098571417,0.03296568636243632,0.030358751754562888,0.6825396825396826,0.8530475214802768,0.5822387845024112,0.6322361773345248,-0.0026069346078734304,0.0026069346078734304,1.0521414109857141,1.0329656863624364,1.030358751754563,C < C_match
2021-01-04,2020-12-31,Utilities,2.0,0.2,0.12644723546690495,0.07391495339649919,0.4063492063492063,0.909500403120986,0.3695747669824959,0.6322361773345248,-0.052532282070405764,0.052532282070405764,1.2,1.1264472354669048,1.0739149533964991,C < C_match
2021-02-01,2021-01-29,Comm,-1.3312127600493553,-0.13312127600493553,-0.08416408666325463,-0.08303382427121966,0.7015873015873015,0.8890493093060471,0.6237457058940837,0.6322361773345248,0.001130262392034967,0.001130262392034967,0.8668787239950645,0.9158359133367454,0.9169661757287804,C < C_match
2021-02-01,2021-01-29,Consumer,0.1497466309621143,0.01497466309621143,0.009467523752821094,0.011975360123780247,0.9174603174603174,0.8716542121004491,0.799708150149301,0.6322361773345248,0.0025078363709591534,0.0025078363709591534,1.0149746630962115,1.009467523752821,1.0119753601237802,C > C_match
2021-02-01,2021-01-29,Energy,-1.239917701170751,-0.1239917701170751,-0.07839208275976071,-0.080006337768117,0.7365079365079366,0.8761008469505646,0.6452552269604158,0.6322361773345248,-0.0016142550083562829,0.0016142550083562829,0.8760082298829249,0.9216079172402393,0.919993662231883,C > C_match
2021-02-01,2021-01-29,Financials,0.5077519231367645,0.05077519231367646,0.03210191349182415,0.0365402840383717,0.8285714285714286,0.868541127968368,0.7196483631737907,0.6322361773345248,0.004438370546547554,0.004438370546547554,1.0507751923136766,1.0321019134918241,1.0365402840383717,C > C_match
2021-02-01,2021-01-29,Healthcare,0.5772912908930903,0.05772912908930903,0.03649844389627605,0.03609892618839447,0.7301587301587301,0.8564105239889542,0.6253156206903475,0.6322361773345248,-0.00039951770788158175,0.00039951770788158175,1.057729129089309,1.036498443896276,1.0360989261883944,C < C_match
2021-02-01,2021-01-29,Industrials,0.0565734739485346,0.00565734739485346,0.003576779690775584,0.0039405797833360345,0.834920634920635,0.8342612702980342,0.6965419494869302,0.6322361773345248,0.0003638000925604507,0.0003638000925604507,1.0056573473948534,1.0035767796907755,1.003940579783336,C > C_match
2021-02-01,2021-01-29,Materials,-1.0313016540465194,-0.10313016540465195,-0.0652026215433144,-0.03666719311110406,0.3777777777777777,0.941142842910894,0.3555428517663377,0.6322361773345248,0.02853542843221034,0.02853542843221034,0.8968698345953481,0.9347973784566856,0.963332806888896,C < C_match
2021-02-01,2021-01-29,RealEstate,-0.3180742247993337,-0.03180742247993337,-0.020109803199577305,-0.0108034335628021,0.3619047619047619,0.9385102725049264,0.3396513367160686,0.6322361773345248,0.009306369636775206,0.009306369636775206,0.9681925775200666,0.9798901968004227,0.9891965664371979,C < C_match
2021-02-01,2021-01-29,Tech,0.4622734425463545,0.046227344254635455,0.029226599419877826,0.027773198166265632,0.7015873015873015,0.8563380250089611,0.6007958842126361,0.6322361773345248,-0.0014534012536121937,0.0014534012536121937,1.0462273442546355,1.029226599419878,1.0277731981662657,C < C_match
2021-02-01,2021-01-29,Utilities,2.0,0.2,0.12644723546690495,0.07210536597608358,0.4063492063492063,0.887233995408841,0.3605268298804179,0.6322361773345248,-0.05434186949082137,0.05434186949082137,1.2,1.1264472354669048,1.0721053659760835,C < C_match
2021-03-01,2021-02-26,Comm,-0.0708422432277652,-0.00708422432277652,-0.004478902905212489,-0.0039682289378941025,0.6761904761904762,0.8283909877531298,0.5601500964806878,0.6322361773345248,0.0005106739673183865,0.0005106739673183865,0.9929157756772234,0.9955210970947875,0.9960317710621059,C < C_match
2021-03-01,2021-02-26,Consumer,-0.3437618802347502,-0.03437618802347502,-0.02173386970729472,-0.027564373498832347,0.9333333333333332,0.8591196120992142,0.8018449712925999,0.6322361773345248,-0.005830503791537628,0.005830503791537628,0.965623811976525,0.9782661302927053,0.9724356265011677,C > C_match
2021-03-01,2021-02-26,Energy,-1.186836946744771,-0.1186836946744771,-0.0750361254329293,-0.07691484630151996,0.746031746031746,0.868683975912982,0.6480658233001612,0.6322361773345248,-0.0018787208685906581,0.0018787208685906581,0.8813163053255229,0.9249638745670707,0.9230851536984801,C > C_match
2021-03-01,2021-02-26,Financials,-0.4840866326487322,-0.048408663264873225,-0.030605708212457682,-0.0348922136881081,0.8063492063492064,0.8938862776129299,0.7207844905196324,0.6322361773345248,-0.004286505475650414,0.004286505475650414,0.9515913367351267,0.9693942917875423,0.9651077863118919,C > C_match
2021-03-01,2021-02-26,Healthcare,0.3732959261825828,0.03732959261825828,0.02360111893842271,0.021804319329269555,0.7301587301587301,0.7999668693854017,0.5841027935194997,0.6322361773345248,-0.0017967996091531532,0.0017967996091531532,1.0373295926182582,1.0236011189384226,1.0218043193292696,C < C_match
2021-03-01,2021-02-26,Industrials,-1.0384409377256163,-0.10384409377256164,-0.0656539928855323,-0.0716965036455823,0.8126984126984127,0.8495457374144878,0.6904244723114568,0.6322361773345248,-0.00604251076005001,0.00604251076005001,0.8961559062274383,0.9343460071144677,0.9283034963544177,C > C_match
2021-03-01,2021-02-26,Materials,-0.6520773240129372,-0.06520773240129372,-0.041226687466046574,-0.02377449104269028,0.4,0.9114904846092532,0.3645961938437012,0.6322361773345248,0.017452196423356294,0.017452196423356294,0.9347922675987063,0.9587733125339535,0.9762255089573098,C < C_match
2021-03-01,2021-02-26,RealEstate,0.2416369680535497,0.024163696805354972,0.015277163298488095,0.009262373969027297,0.4222222222222222,0.9078578365844012,0.3833177532245249,0.6322361773345248,-0.0060147893294607985,0.0060147893294607985,1.024163696805355,1.015277163298488,1.0092623739690274,C < C_match
2021-03-01,2021-02-26,Tech,0.7041243564175554,0.07041243564175555,0.04451728914695677,0.041858644642669654,0.7015873015873015,0.8473329106487187,0.5944780103281486,0.6322361773345248,-0.0026586445042871137,0.0026586445042871137,1.0704124356417555,1.0445172891469567,1.0418586446426696,C < C_match
2021-03-01,2021-02-26,Utilities,2.0,0.2,0.12644723546690495,0.0740314725100676,0.4285714285714285,0.8637005126174555,0.370157362550338,0.6322361773345248,-0.05241576295683735,0.05241576295683735,1.2,1.1264472354669048,1.0740314725100677,C < C_match
2021-04-01,2021-03-31,Comm,-0.7701187090238929,-0.0770118709023893,-0.048689690868706524,-0.04923872261299261,0.746031746031746,0.8570216536225306,0.6393653606390307,0.6322361773345248,-0.0005490317442860826,0.0005490317442860826,0.9229881290976107,0.9513103091312934,0.9507612773870074,C > C_match
2021-04-01,2021-03-31,Consumer,-0.0712272438163759,-0.00712272438163759,-0.004503244035253966,-0.005792850387423681,0.923809523809524,0.8803669646805479,0.8132913864191729,0.6322361773345248,-0.0012896063521697148,0.0012896063521697148,0.9928772756183624,0.9954967559647461,0.9942071496125763,C > C_match
2021-04-01,2021-03-31,Energy,-0.3789469512797851,-0.037894695127978516,-0.023958397188970377,-0.024728743957667092,0.7301587301587301,0.8937300453221221,0.652564794997105,0.6322361773345248,-0.0007703467686967155,0.0007703467686967155,0.9621053048720215,0.9760416028110296,0.9752712560423329,C > C_match
2021-04-01,2021-03-31,Financials,-0.1629248541741252,-0.01629248541741252,-0.010300698699583381,-0.011381954484357209,0.819047619047619,0.8529436718538048,0.6986014836135925,0.6322361773345248,-0.0010812557847738272,0.0010812557847738272,0.9837075145825874,0.9896993013004166,0.9886180455156428,C > C_match
2021-04-01,2021-03-31,Healthcare,-0.7423666197562484,-0.07423666197562484,-0.04693510338554432,-0.04600817394968601,0.7396825396825397,0.8378594910532738,0.6197500362394057,0.6322361773345248,0.0009269294358583077,0.0009269294358583077,0.9257633380243752,0.9530648966144557,0.953991826050314,C < C_match
2021-04-01,2021-03-31,Industrials,-1.0494775313248397,-0.10494775313248397,-0.06635176626032906,-0.06655867679797821,0.7841269841269841,0.8088074352082792,0.6342077349093491,0.6322361773345248,-0.00020691053764915202,0.00020691053764915202,0.895052246867516,0.933648233739671,0.9334413232020218,C > C_match
2021-04-01,2021-03-31,Materials,-0.4768757279149808,-0.04768757279149808,-0.030149808728058638,-0.017290412072377484,0.3968253968253968,0.9136937753762008,0.3625768949905558,0.6322361773345248,0.012859396655681154,0.012859396655681154,0.952312427208502,0.9698501912719414,0.9827095879276225,C < C_match
2021-04-01,2021-03-31,RealEstate,0.6331639868570067,0.06331639868570067,0.04003091786763612,0.025046661731158985,0.4444444444444444,0.8900536048307324,0.3955793799247699,0.6322361773345248,-0.014984256136477137,0.014984256136477137,1.0633163986857006,1.0400309178676361,1.0250466617311589,C < C_match
2021-04-01,2021-03-31,Tech,0.4152243609381951,0.04152243609381951,0.026251986269573542,0.02462273910884602,0.6952380952380952,0.8529429367100281,0.5929984226650671,0.6322361773345248,-0.001629247160727522,0.001629247160727522,1.0415224360938196,1.0262519862695736,1.024622739108846,C < C_match
2021-04-01,2021-03-31,Utilities,2.0,0.2,0.12644723546690495,0.07609352568532483,0.4126984126984127,0.9219023304183586,0.3804676284266241,0.6322361773345248,-0.05035370978158012,0.05035370978158012,1.2,1.1264472354669048,1.0760935256853248,C < C_match
2021-05-03,2021-04-30,Comm,-0.2127013753034761,-0.02127013753034761,-0.013447750443566582,-0.01352459225713109,0.7428571428571429,0.8559503603878204,0.635848839145238,0.6322361773345248,-7.68418135645068e-05,7.68418135645068e-05,0.9787298624696524,0.9865522495564334,0.9864754077428689,C > C_match
2021-05-03,2021-04-30,Consumer,-0.5164083595415411,-0.05164083595415411,-0.032649204718013684,-0.04191442912747624,0.9174603174603174,0.8846734677812025,0.8116528005992619,0.6322361773345248,-0.009265224409462557,0.009265224409462557,0.9483591640458459,0.9673507952819863,0.9580855708725238,C > C_match
2021-05-03,2021-04-30,Energy,-1.7508850576442618,-0.1750885057644262,-0.11069728757971471,-0.11032446898311082,0.7333333333333333,0.8592366303397191,0.6301068622491273,0.6322361773345248,0.0003728185966038883,0.0003728185966038883,0.8249114942355738,0.8893027124202852,0.8896755310168891,C < C_match
2021-05-03,2021-04-30,Financials,0.7321522853933594,0.07321522853933594,0.046289316214383355,0.05367084048549987,0.8380952380952381,0.8746687309652956,0.7330556983328192,0.6322361773345248,0.007381524271116512,0.007381524271116512,1.073215228539336,1.0462893162143834,1.0536708404855,C > C_match
2021-05-03,2021-04-30,Healthcare,0.3032407691722493,0.03032407691722493,0.01917197847134439,0.019101537220464898,0.7777777777777778,0.8098884378407771,0.6299132294317156,0.6322361773345248,-7.044125087949174e-05,7.044125087949174e-05,1.0303240769172248,1.0191719784713444,1.0191015372204648,C < C_match
2021-05-03,2021-04-30,Industrials,-0.2824928098503181,-0.02824928098503181,-0.01786021742242539,-0.018889366635923954,0.780952380952381,0.8562201505938144,0.6686671652256455,0.6322361773345248,-0.0010291492134985626,0.0010291492134985626,0.9717507190149682,0.9821397825775746,0.981110633364076,C > C_match
2021-05-03,2021-04-30,Materials,-0.3470129572656164,-0.03470129572656164,-0.02193941455871621,-0.01164940422138805,0.3809523809523809,0.8812260591680682,0.3357051653973593,0.6322361773345248,0.010290010337328159,0.010290010337328159,0.9652987042734383,0.9780605854412838,0.988350595778612,C < C_match
2021-05-03,2021-04-30,RealEstate,0.575629965076607,0.0575629965076607,0.036393408867924,0.02269298790705219,0.4222222222222222,0.9336996606669608,0.394228745614939,0.6322361773345248,-0.013700420960871807,0.013700420960871807,1.0575629965076607,1.036393408867924,1.022692987907052,C < C_match
2021-05-03,2021-04-30,Tech,-0.7238859035024805,-0.07238859035024806,-0.045766685645675695,-0.044380356429384274,0.692063492063492,0.8858796522216577,0.6130849656645123,0.6322361773345248,0.001386329216291421,0.001386329216291421,0.927611409649752,0.9542333143543243,0.9556196435706157,C < C_match
2021-05-03,2021-04-30,Utilities,2.0,0.2,0.12644723546690495,0.07628188867519614,0.4444444444444444,0.8581712475959566,0.3814094433759807,0.6322361773345248,-0.05016534679170881,0.05016534679170881,1.2,1.1264472354669048,1.0762818886751961,C < C_match
2021-06-01,2021-05-28,Comm,-0.7351893122136138,-0.07351893122136138,-0.04648132803711336,-0.04774677586834817,0.7555555555555555,0.8595644839887799,0.6494487212359671,0.6322361773345248,-0.001265447831234806,0.001265447831234806,0.9264810687786387,0.9535186719628866,0.9522532241316518,C > C_match
2021-06-01,2021-05-28,Consumer,-0.4620301486994828,-0.04620301486994828,-0.029211217502706305,-0.03498609458877514,0.8984126984126984,0.842848016048631,0.75722536045004,0.6322361773345248,-0.005774877086068837,0.005774877086068837,0.9537969851300517,0.9707887824972937,0.9650139054112249,C > C_match
2021-06-01,2021-05-28,Energy,-1.2263425435609816,-0.12263425435609816,-0.07753381218436929,-0.07586180058410863,0.7206349206349206,0.8584125299979475,0.6186020454270923,0.6322361773345248,0.0016720116002606616,0.0016720116002606616,0.8773657456439018,0.9224661878156307,0.9241381994158914,C < C_match
2021-06-01,2021-05-28,Financials,-0.422444768516122,-0.0422444768516122,-0.026708486558160115,-0.02979282507645747,0.8317460317460318,0.8479124516384797,0.7052478169183546,0.6322361773345248,-0.0030843385182973554,0.0030843385182973554,0.9577555231483879,0.9732915134418398,0.9702071749235426,C > C_match
2021-06-01,2021-05-28,Healthcare,0.1443188800095977,0.01443188800095977,0.009124361701446801,0.009181619347689287,0.765079365079365,0.8315524455777717,0.6362036170928348,0.6322361773345248,5.72576462424864e-05,5.72576462424864e-05,1.0144318880009597,1.0091243617014467,1.0091816193476892,C > C_match
2021-06-01,2021-05-28,Industrials,-0.2614443740139,-0.026144437401390004,-0.016529459161216592,-0.016736230443819732,0.7492063492063492,0.8544308039870092,0.6401449833045529,0.6322361773345248,-0.00020677128260314023,0.00020677128260314023,0.97385556259861,0.9834705408387834,0.9832637695561802,C > C_match
2021-06-01,2021-05-28,Materials,0.0537017940478923,0.00537017940478923,0.003395221698484536,0.0018414617620624114,0.3777777777777777,0.9076898997288972,0.3429050732309167,0.6322361773345248,-0.0015537599364221248,0.0015537599364221248,1.0053701794047891,1.0033952216984845,1.0018414617620623,C < C_match
2021-06-01,2021-05-28,RealEstate,0.2959125082706723,0.02959125082706723,0.01870865930545208,0.009655503288266682,0.3492063492063492,0.934392753016021,0.3262958820055946,0.6322361773345248,-0.009053156017185397,0.009053156017185397,1.0295912508270673,1.0187086593054522,1.0096555032882666,C < C_match
2021-06-01,2021-05-28,Tech,-0.1019251429004874,-0.010192514290048742,-0.006444076272167934,-0.0059764062655489085,0.6793650793650794,0.863088964655184,0.5863525029720933,0.6322361773345248,0.00046767000661902553,0.00046767000661902553,0.9898074857099513,0.9935559237278321,0.994023593734451,C < C_match
2021-06-01,2021-05-28,Utilities,2.0,0.2,0.12644723546690495,0.0681418236967593,0.4095238095238095,0.8319641265302008,0.3407091184837965,0.6322361773345248,-0.05830541177014566,0.05830541177014566,1.2,1.1264472354669048,1.0681418236967593,C < C_match
2021-07-01,2021-06-30,Comm,0.0294807634807209,0.0029480763480720902,0.0018638805207954242,0.001851810842410529,0.7301587301587301,0.8602815597405055,0.6281420912390991,0.6322361773345248,-1.2069678384895102e-05,1.2069678384895102e-05,1.002948076348072,1.0018638805207953,1.0018518108424106,C < C_match
2021-07-01,2021-06-30,Consumer,-0.7101449050503233,-0.07101449050503233,-0.04489793001226055,-0.05556590540892017,0.9111111111111112,0.8587961262206352,0.7824586927788009,0.6322361773345248,-0.010667975396659618,0.010667975396659618,0.9289855094949677,0.9551020699877395,0.9444340945910799,C > C_match
2021-07-01,2021-06-30,Energy,0.1646041962742356,0.016460419627423558,0.010406872782564452,0.010419814582466248,0.7619047619047619,0.8308419195281214,0.6330224148785686,0.6322361773345248,1.294179990179653e-05,1.294179990179653e-05,1.0164604196274236,1.0104068727825644,1.0104198145824663,C > C_match
2021-07-01,2021-06-30,Financials,-0.3692996063070649,-0.03692996063070649,-0.02334845713827237,-0.026732475947982635,0.834920634920635,0.8669921102979241,0.7238696032011239,0.6322361773345248,-0.0033840188097102666,0.0033840188097102666,0.9630700393692935,0.9766515428617276,0.9732675240520173,C > C_match
2021-07-01,2021-06-30,Healthcare,0.1443704532414773,0.01443704532414773,0.009127622347744436,0.009384502120107484,0.7682539682539683,0.8461124873979772,0.6500292760327318,0.6322361773345248,0.0002568797723630483,0.0002568797723630483,1.0144370453241478,1.0091276223477443,1.0093845021201076,C > C_match
2021-07-01,2021-06-30,Industrials,-0.0720629604179688,-0.007206296041796879,-0.004556081062206576,-0.004414503590778371,0.7142857142857143,0.8576257471582682,0.612589819398763,0.6322361773345248,0.000141577471428205,0.000141577471428205,0.9927937039582031,0.9954439189377934,0.9955854964092217,C < C_match
2021-07-01,2021-06-30,Materials,-1.4477269164390874,-0.14477269164390874,-0.09153053314737476,-0.056336883047094326,0.419047619047619,0.92863016887421,0.3891402612425261,0.6322361773345248,0.03519365010028044,0.03519365010028044,0.8552273083560913,0.9084694668526252,0.9436631169529057,C < C_match
2021-07-01,2021-06-30,RealEstate,-0.5167993818819864,-0.05167993818819864,-0.03267392656499123,-0.01523292328799757,0.3206349206349206,0.9192855835629236,0.2947550601265247,0.6322361773345248,0.017441003276993664,0.017441003276993664,0.9483200618118014,0.9673260734350088,0.9847670767120025,C < C_match
2021-07-01,2021-06-30,Tech,0.1468457681802482,0.01468457681802482,0.00928412071320319,0.008514716376244211,0.6857142857142857,0.8456011275799473,0.5798407731976781,0.6322361773345248,-0.0007694043369589794,0.0007694043369589794,1.0146845768180248,1.0092841207132033,1.0085147163762442,C < C_match
2021-07-01,2021-06-30,Utilities,2.0,0.2,0.12644723546690495,0.08094376635775685,0.4412698412698412,0.9171685756364536,0.4047188317887842,0.6322361773345248,-0.0455034691091481,0.0455034691091481,1.2,1.1264472354669048,1.0809437663577568,C < C_match
2021-08-02,2021-07-30,Comm,-0.1992011826981485,-0.01992011826981485,-0.01259421942695937,-0.012690433339279258,0.746031746031746,0.8539397521956582,0.6370661643364435,0.6322361773345248,-9.621391231988928e-05,9.621391231988928e-05,0.9800798817301851,0.9874057805730406,0.9873095666607208,C > C_match
2021-08-02,2021-07-30,Consumer,-0.6092760832419889,-0.06092760832419889,-0.038520638181026676,-0.04720566652642997,0.907936507936508,0.8533447565124388,0.7747828582938333,0.6322361773345248,-0.008685028345403294,0.008685028345403294,0.9390723916758011,0.9614793618189733,0.95279433347357,C > C_match
2021-08-02,2021-07-30,Energy,0.5056184295869229,0.050561842958692295,0.03196702631119217,0.033454745278831015,0.7619047619047619,0.8684286530919869,0.6616599261653233,0.6322361773345248,0.001487718967638843,0.001487718967638843,1.0505618429586923,1.0319670263111922,1.033454745278831,C > C_match
2021-08-02,2021-07-30,Financials,0.2495805017415754,0.02495805017415754,0.015779382235832633,0.018035432156531864,0.8285714285714286,0.872139479113283,0.7226298541224345,0.6322361773345248,0.0022560499206992317,0.0022560499206992317,1.0249580501741575,1.0157793822358325,1.018035432156532,C > C_match
2021-08-02,2021-07-30,Healthcare,0.1129670796313051,0.01129670796313051,0.007142187459074119,0.007086832807472603,0.707936507936508,0.8861474172137851,0.6273361080592829,0.6322361773345248,-5.5354651601516314e-05,5.5354651601516314e-05,1.0112967079631305,1.007142187459074,1.0070868328074727,C < C_match
2021-08-02,2021-07-30,Industrials,-0.6670307171800239,-0.0667030717180024,-0.042172095079460487,-0.037154464293855126,0.6349206349206349,0.8772951493181147,0.5570127932178506,0.6322361773345248,0.005017630785605361,0.005017630785605361,0.9332969282819976,0.9578279049205395,0.9628455357061448,C < C_match
2021-08-02,2021-07-30,Materials,-0.7213502942549641,-0.07213502942549642,-0.045606375255889314,-0.028892048955088123,0.4444444444444444,0.9011864369735914,0.4005273053215961,0.6322361773345248,0.01671432630080119,0.01671432630080119,0.9278649705745036,0.9543936247441107,0.9711079510449119,C < C_match
2021-08-02,2021-07-30,RealEstate,-1.027069481341355,-0.1027069481341355,-0.06493504827402113,-0.030836952011055595,0.3238095238095238,0.927218316711944,0.3002421216019628,0.6322361773345248,0.03409809626296554,0.03409809626296554,0.8972930518658645,0.9350649517259788,0.9691630479889444,C < C_match
2021-08-02,2021-07-30,Tech,-0.3160141874713485,-0.03160141874713485,-0.019979560187036127,-0.018362141140349193,0.6761904761904762,0.859305696636885,0.5810543282020842,0.6322361773345248,0.001617419046686934,0.001617419046686934,0.9683985812528652,0.9800204398129638,0.9816378588596508,C < C_match
2021-08-02,2021-07-30,Utilities,2.0,0.2,0.12644723546690495,0.0717917826975008,0.3936507936507936,0.9118714334561594,0.358958913487504,0.6322361773345248,-0.054655452769404145,0.054655452769404145,1.2,1.1264472354669048,1.0717917826975008,C < C_match
2021-09-01,2021-08-31,Comm,0.7079241322766594,0.07079241322766594,0.04475752472334556,0.042365574655724,0.7142857142857143,0.837827131662667,0.5984479511876193,0.6322361773345248,-0.002391950067621558,0.002391950067621558,1.0707924132276658,1.0447575247233456,1.042365574655724,C < C_match
2021-09-01,2021-08-31,Consumer,0.0432193898724122,0.00432193898724122,0.0027324861839664364,0.00349885244243961,0.9015873015873016,0.8979232344215063,0.809556185954628,0.6322361773345248,0.0007663662584731735,0.0007663662584731735,1.0043219389872413,1.0027324861839664,1.0034988524424395,C > C_match
2021-09-01,2021-08-31,Energy,-2.0,-0.2,-0.12644723546690495,-0.13691951020064327,0.7904761904761904,0.8660571428353943,0.6845975510032164,0.6322361773345248,-0.010472274733738324,0.010472274733738324,0.8,0.873552764533095,0.8630804897993567,C > C_match
2021-09-01,2021-08-31,Financials,-0.2255205444687792,-0.022552054446877922,-0.014258224694534168,-0.016590710087002608,0.834920634920635,0.8811171781486388,0.7356629138193397,0.6322361773345248,-0.00233248539246844,0.00233248539246844,0.9774479455531221,0.9857417753054658,0.9834092899129974,C > C_match
2021-09-01,2021-08-31,Healthcare,0.9200301935899784,0.09200301935899785,0.05816763726276708,0.053608668746894565,0.7174603174603175,0.8121477715384644,0.582683797992676,0.6322361773345248,-0.004558968515872515,0.004558968515872515,1.0920030193589978,1.058167637262767,1.0536086687468946,C < C_match
2021-09-01,2021-08-31,Industrials,-0.3904323532411021,-0.03904323532411021,-0.024684545852087725,-0.02004489966173044,0.5936507936507937,0.8648226104194974,0.5134026290426857,0.6322361773345248,0.004639646190357286,0.004639646190357286,0.9609567646758898,0.9753154541479123,0.9799551003382696,C < C_match
2021-09-01,2021-08-31,Materials,-0.6291810804072565,-0.06291810804072566,-0.03977910411278902,-0.02512665213122813,0.4507936507936508,0.8858928198251131,0.3993548584608447,0.6322361773345248,0.014652451981560888,0.014652451981560888,0.9370818919592744,0.9602208958872109,0.9748733478687719,C < C_match
2021-09-01,2021-08-31,RealEstate,1.7154795501096671,0.17154795501096673,0.10845882330568864,0.05407758860686395,0.3365079365079365,0.9367775210118836,0.3152330705627291,0.6322361773345248,-0.054381234698824686,0.054381234698824686,1.1715479550109666,1.1084588233056887,1.0540775886068638,C < C_match
2021-09-01,2021-08-31,Tech,-0.6514765945922754,-0.06514765945922754,-0.041188707178793416,-0.04057785068295652,0.6888888888888889,0.9041511563959448,0.6228596855172064,0.6322361773345248,0.0006108564958368923,0.0006108564958368923,0.9348523405407725,0.9588112928212066,0.9594221493170435,C < C_match
2021-09-01,2021-08-31,Utilities,0.5917562575870652,0.059175625758706524,0.03741297142106305,0.020186393994118427,0.3873015873015873,0.8807783065337818,0.3411268361813377,0.6322361773345248,-0.017226577426944622,0.017226577426944622,1.0591756257587066,1.0374129714210631,1.0201863939941185,C < C_match
2021-10-01,2021-09-30,Comm,0.1561106520025695,0.01561106520025695,0.009869880186330482,0.009586735290935167,0.7428571428571429,0.8266713653683782,0.6140987285593666,0.6322361773345248,-0.00028314489539531425,0.00028314489539531425,1.015611065200257,1.0098698801863304,1.0095867352909351,C < C_match
2021-10-01,2021-09-30,Consumer,0.7598547702346882,0.07598547702346882,0.04804076752625829,0.05769300168733825,0.9015873015873016,0.8421408896843295,0.7592635322868241,0.6322361773345248,0.009652234161079958,0.009652234161079958,1.075985477023469,1.0480407675262582,1.0576930016873383,C > C_match
2021-10-01,2021-09-30,Energy,-1.0493971615133948,-0.10493971615133948,-0.06634668499009296,-0.07386658208525533,0.7968253968253968,0.8833746885444945,0.7038953867449781,0.6322361773345248,-0.007519897095162376,0.007519897095162376,0.8950602838486605,0.933653315009907,0.9261334179147447,C > C_match
2021-10-01,2021-09-30,Financials,-0.8909353106224658,-0.08909353106224659,-0.056328153504029525,-0.06416216340813989,0.8539682539682539,0.8433174774439207,0.7201663537536973,0.6322361773345248,-0.007834009904110366,0.007834009904110366,0.9109064689377534,0.9436718464959705,0.9358378365918602,C > C_match
2021-10-01,2021-09-30,Healthcare,0.4321080111641492,0.043210801116414926,0.02731943171740459,0.02762429385691618,0.7555555555555555,0.8461209802696908,0.6392914073148775,0.6322361773345248,0.00030486213951159274,0.00030486213951159274,1.043210801116415,1.0273194317174046,1.0276242938569162,C > C_match
2021-10-01,2021-09-30,Industrials,-0.7670036063800387,-0.07670036063800388,-0.04849274280995102,-0.03920705374103266,0.5777777777777777,0.8847202500697524,0.5111717000403013,0.6322361773345248,0.009285689068918364,0.009285689068918364,0.9232996393619961,0.951507257190049,0.9607929462589674,C < C_match
2021-10-01,2021-09-30,Materials,-1.64553398869956,-0.164553398869956,-0.10403661186894429,-0.0667038385089102,0.4507936507936508,0.8992204574560747,0.4053628728849606,0.6322361773345248,0.0373327733600341,0.0373327733600341,0.835446601130044,0.8959633881310557,0.9332961614910898,C < C_match
2021-10-01,2021-09-30,RealEstate,0.5389142147102622,0.05389142147102623,0.03407210630196535,0.018037714463599853,0.3619047619047619,0.924842057652924,0.3347047446743915,0.6322361773345248,-0.0160343918383655,0.0160343918383655,1.0538914214710262,1.0340721063019653,1.0180377144636,C < C_match
2021-10-01,2021-09-30,Tech,0.6456850876342355,0.06456850876342356,0.040822547156777675,0.042086383939153565,0.765079365079365,0.8519505108892272,0.6518097559501707,0.6322361773345248,0.0012638367823758906,0.0012638367823758906,1.0645685087634236,1.0408225471567776,1.0420863839391536,C > C_match
2021-10-01,2021-09-30,Utilities,1.8201973314695543,0.18201973314695544,0.11507946028428138,0.06590282531019372,0.4031746031746032,0.8980332007886357,0.3620641793655769,0.6322361773345248,-0.04917663497408767,0.04917663497408767,1.1820197331469555,1.1150794602842813,1.0659028253101936,C < C_match
2021-11-01,2021-10-29,Comm,1.0691544384493883,0.10691544384493884,0.06759581151454817,0.06712527462672212,0.7396825396825397,0.8487900210751975,0.6278351584460985,0.6322361773345248,-0.0004705368878260563,0.0004705368878260563,1.106915443844939,1.067595811514548,1.0671252746267221,C < C_match
2021-11-01,2021-10-29,Consumer,0.1543357012520242,0.01543357012520242,0.0097576613785823,0.012034334173736819,0.8920634920634921,0.874097546614804,0.7797505098373331,0.6322361773345248,0.002276672795154519,0.002276672795154519,1.0154335701252024,1.0097576613785824,1.0120343341737368,C > C_match
2021-11-01,2021-10-29,Energy,1.2655332623286342,0.12655332623286342,0.0800115912064346,0.08839532565410818,0.8095238095238095,0.8628317331390725,0.698482831588773,0.6322361773345248,0.008383734447673583,0.008383734447673583,1.1265533262328633,1.0800115912064345,1.0883953256541081,C > C_match
2021-11-01,2021-10-29,Financials,-0.8198095225189773,-0.08198095225189773,-0.05183132386598402,-0.05968194386929047,0.8539682539682539,0.8524880013855131,0.727997690072073,0.6322361773345248,-0.007850620003306448,0.007850620003306448,0.9180190477481023,0.948168676134016,0.9403180561307095,C > C_match
2021-11-01,2021-10-29,Healthcare,-1.0225715145151433,-0.10225715145151433,-0.06465067053882297,-0.07004971022143082,0.7873015873015873,0.8701047218566718,0.6850348286363638,0.6322361773345248,-0.0053990396826078535,0.0053990396826078535,0.8977428485484856,0.935349329461177,0.9299502897785692,C > C_match
2021-11-01,2021-10-29,Industrials,-0.5512049192992715,-0.05512049192992716,-0.034849169110575666,-0.0280623904078125,0.6031746031746031,0.8440506920632304,0.5091099412444882,0.6322361773345248,0.006786778702763167,0.006786778702763167,0.9448795080700728,0.9651508308894243,0.9719376095921874,C < C_match
2021-11-01,2021-10-29,Materials,-1.502837201049675,-0.15028372010496752,-0.09501480471477633,-0.06022413074669301,0.4634920634920635,0.864602130326998,0.4007362254848943,0.6322361773345248,0.03479067396808332,0.03479067396808332,0.8497162798950325,0.9049851952852237,0.939775869253307,C < C_match
2021-11-01,2021-10-29,RealEstate,1.669803459455642,0.1669803459455642,0.10557101561062003,0.05684319364627049,0.3777777777777777,0.901107710891938,0.3404184685591766,0.6322361773345248,-0.04872782196434954,0.04872782196434954,1.1669803459455643,1.10557101561062,1.0568431936462706,C < C_match
2021-11-01,2021-10-29,Tech,-0.3849307658553191,-0.038493076585531916,-0.0243367155942818,-0.028141769125920223,0.8444444444444444,0.8657603440455917,0.7310865127496108,0.6322361773345248,-0.0038050535316384235,0.0038050535316384235,0.9615069234144681,0.9756632844057183,0.9718582308740797,C > C_match
2021-11-01,2021-10-29,Utilities,0.1225270617526948,0.012252706175269482,0.0077466041142555024,0.0044828423039149235,0.4063492063492063,0.9003720953137113,0.3658654863496985,0.6322361773345248,-0.003263761810340579,0.003263761810340579,1.0122527061752695,1.0077466041142555,1.004482842303915,C < C_match
2021-12-01,2021-11-30,Comm,-0.959971460087147,-0.0959971460087147,-0.06069286862757401,-0.06020016308541675,0.7714285714285715,0.8129121717532567,0.6271036753525123,0.6322361773345248,0.0004927055421572596,0.0004927055421572596,0.9040028539912853,0.9393071313724259,0.9397998369145832,C < C_match
2021-12-01,2021-11-30,Consumer,0.6131966425464213,0.06131966425464213,0.03876851012379144,0.048918808586802705,0.923809523809524,0.8635622869896815,0.797767065123801,0.6322361773345248,0.010150298463011263,0.010150298463011263,1.061319664254642,1.0387685101237913,1.0489188085868026,C > C_match
2021-12-01,2021-11-30,Energy,-1.8944442187108037,-0.18944442187108038,-0.11977361710112089,-0.12326863736267762,0.765079365079365,0.8504803508453109,0.6506849668372061,0.6322361773345248,-0.003495020261556736,0.003495020261556736,0.8105555781289197,0.8802263828988791,0.8767313626373223,C > C_match
2021-12-01,2021-11-30,Financials,-0.0417235019595235,-0.00417235019595235,-0.002637910738389869,-0.0031434578528715235,0.8571428571428571,0.8789692434193414,0.7534022086451497,0.6322361773345248,-0.0005055471144816545,0.0005055471144816545,0.9958276498040477,0.9973620892616102,0.9968565421471285,C > C_match
2021-12-01,2021-11-30,Healthcare,-0.1249834091596692,-0.01249834091596692,-0.007901903283734609,-0.00824591038294577,0.7904761904761904,0.8346366486682368,0.6597603984710825,0.6322361773345248,-0.00034400709921116046,0.00034400709921116046,0.9875016590840331,0.9920980967162654,0.9917540896170542,C > C_match
2021-12-01,2021-11-30,Industrials,-0.4788472178259169,-0.04788472178259169,-0.03027445345255302,-0.024012009935567572,0.6158730158730159,0.814217382540976,0.501454514961744,0.6322361773345248,0.006262443516985447,0.006262443516985447,0.9521152782174083,0.969725546547447,0.9759879900644324,C < C_match
2021-12-01,2021-11-30,Materials,-0.4333241581723109,-0.043332415817231094,-0.027396320930956283,-0.018030823962782473,0.4539682539682539,0.9165943749102512,0.4161047479751298,0.6322361773345248,0.00936549696817381,0.00936549696817381,0.9566675841827689,0.9726036790690438,0.9819691760372176,C < C_match
2021-12-01,2021-11-30,RealEstate,1.063529523178061,0.10635295231780612,0.06724018402165072,0.03980694210574717,0.4063492063492063,0.9211065085962908,0.3742908987311912,0.6322361773345248,-0.027433241915903545,0.027433241915903545,1.1063529523178062,1.0672401840216508,1.0398069421057472,C < C_match
2021-12-01,2021-11-30,Tech,0.4204861100366134,0.04204861100366134,0.02658465308318128,0.03131046605225901,0.8984126984126984,0.8288233850246209,0.7446254538475167,0.6322361773345248,0.004725812969077731,0.004725812969077731,1.0420486110036613,1.0265846530831813,1.031310466052259,C > C_match
2021-12-01,2021-11-30,Utilities,1.836081690154276,0.18360816901542762,0.11608372690570529,0.06802474041698373,0.4126984126984127,0.8977224683768925,0.3704886377428445,0.6322361773345248,-0.04805898648872156,0.04805898648872156,1.1836081690154276,1.1160837269057053,1.0680247404169838,C < C_match
2022-01-03,2021-12-31,Comm,-0.5328082085154138,-0.05328082085154138,-0.033686062500424156,-0.035273914504784565,0.746031746031746,0.8874122969039898,0.6620377453093258,0.6322361773345248,-0.0015878520043604086,0.0015878520043604086,0.9467191791484586,0.9663139374995758,0.9647260854952154,C > C_match
2022-01-03,2021-12-31,Consumer,-0.5309697362816612,-0.05309697362816612,-0.03356982763470382,-0.04081023446002334,0.9174603174603174,0.8377453629294977,0.7685981266242058,0.6322361773345248,-0.007240406825319519,0.007240406825319519,0.9469030263718339,0.9664301723652962,0.9591897655399767,C > C_match
2022-01-03,2021-12-31,Energy,-0.3860290566148981,-0.038602905661489814,-0.024406153509425602,-0.02448473515346819,0.7333333333333333,0.8649161154359135,0.6342718179863366,0.6322361773345248,-7.85816440425878e-05,7.85816440425878e-05,0.9613970943385102,0.9755938464905743,0.9755152648465318,C > C_match
2022-01-03,2021-12-31,Financials,-1.4286118670817638,-0.14286118670817638,-0.09032201057385125,-0.10204280629951952,0.8539682539682539,0.8364238620116811,0.714279425019499,0.6322361773345248,-0.011720795725668268,0.011720795725668268,0.8571388132918236,0.9096779894261487,0.8979571937004804,C > C_match
2022-01-03,2021-12-31,Healthcare,0.1414007682196404,0.01414007682196404,0.00893986811713506,0.009388616401868364,0.7936507936507936,0.8366048371094362,0.663972092943997,0.6322361773345248,0.00044874828473330346,0.00044874828473330346,1.014140076821964,1.008939868117135,1.0093886164018684,C > C_match
2022-01-03,2021-12-31,Industrials,-0.6938388230345501,-0.06938388230345502,-0.04386700051616498,-0.03918992757516649,0.6476190476190476,0.8721601724606647,0.56482754026024,0.6322361773345248,0.004677072940998492,0.004677072940998492,0.930616117696545,0.956132999483835,0.9608100724248335,C < C_match
2022-01-03,2021-12-31,Materials,-0.1604640251154732,-0.01604640251154732,-0.010145116183871794,-0.006277295452410924,0.4412698412698412,0.8865242944827397,0.3911964347082565,0.6322361773345248,0.0038678207314608694,0.0038678207314608694,0.9839535974884527,0.9898548838161282,0.993722704547589,C < C_match
2022-01-03,2021-12-31,RealEstate,0.4436546553068107,0.044365465530681075,0.028049452332784424,0.01750210160167028,0.4634920634920635,0.8511436348285534,0.3944983196348215,0.6322361773345248,-0.010547350731114145,0.010547350731114145,1.044365465530681,1.0280494523327843,1.0175021016016703,C < C_match
2022-01-03,2021-12-31,Tech,0.6888613785836584,0.06888613785836584,0.0435523084709123,0.05439000400909448,0.8984126984126984,0.8788431512006233,0.7895638469516711,0.6322361773345248,0.01083769553818218,0.01083769553818218,1.0688861378583658,1.0435523084709124,1.0543900040090946,C > C_match
2022-01-03,2021-12-31,Utilities,2.0,0.2,0.12644723546690495,0.07368366501108652,0.4095238095238095,0.8996261425772192,0.3684183250554326,0.6322361773345248,-0.052763570455818434,0.052763570455818434,1.2,1.1264472354669048,1.0736836650110866,C < C_match
2022-02-01,2022-01-31,Comm,0.068215501177059,0.006821550117705901,0.004312830769914256,0.004616680745607049,0.7904761904761904,0.8561659968357712,0.6767788355939905,0.6322361773345248,0.0003038499756927932,0.0003038499756927932,1.0068215501177058,1.0043128307699143,1.004616680745607,C > C_match
2022-02-01,2022-01-31,Consumer,-1.4268586536446128,-0.1426858653644613,-0.09021116607769566,-0.11975501666019088,0.946031746031746,0.8871704170633208,0.8392913786821257,0.6322361773345248,-0.029543850582495215,0.029543850582495215,0.8573141346355387,0.9097888339223044,0.8802449833398092,C > C_match
2022-02-01,2022-01-31,Energy,0.4012439942803133,0.04012439942803134,0.025368096912222124,0.02609387404738662,0.7492063492063492,0.8680176728864553,0.6503243517498521,0.6322361773345248,0.0007257771351644945,0.0007257771351644945,1.0401243994280314,1.025368096912222,1.0260938740473866,C > C_match
2022-02-01,2022-01-31,Financials,-0.0410167617907802,-0.00410167617907802,-0.002593228068124367,-0.0032291831109936713,0.8825396825396825,0.8920661492857149,0.7872837761950119,0.6322361773345248,-0.0006359550428693041,0.0006359550428693041,0.995898323820922,0.9974067719318757,0.9967708168890064,C > C_match
2022-02-01,2022-01-31,Healthcare,-0.8399187015850691,-0.08399187015850691,-0.053102698916192154,-0.06152937197965422,0.8285714285714286,0.8841282701749112,0.7325634238592122,0.6322361773345248,-0.008426673063462065,0.008426673063462065,0.916008129841493,0.9468973010838079,0.9384706280203458,C > C_match
2022-02-01,2022-01-31,Industrials,-0.128472545063275,-0.0128472545063275,-0.008122499078324245,-0.007933242926112844,0.7111111111111111,0.8683663003135496,0.617504924667413,0.6322361773345248,0.00018925615221140023,0.00018925615221140023,0.9871527454936725,0.9918775009216757,0.9920667570738871,C < C_match
2022-02-01,2022-01-31,Materials,-1.2156014223439284,-0.12156014223439285,-0.07685471964251366,-0.05021595462033076,0.4507936507936508,0.9163739460452814,0.4130955566299364,0.6322361773345248,0.026638765022182896,0.026638765022182896,0.8784398577656072,0.9231452803574863,0.9497840453796692,C < C_match
2022-02-01,2022-01-31,RealEstate,0.6647079357212334,0.06647079357212335,0.04202524043243157,0.030029792269298937,0.546031746031746,0.8273772424405984,0.4517742403167711,0.6322361773345248,-0.011995448163132631,0.011995448163132631,1.0664707935721234,1.0420252404324315,1.030029792269299,C < C_match
2022-02-01,2022-01-31,Tech,0.2623962276774887,0.026239622767748872,0.01658963879338151,0.021469671397408494,0.9111111111111112,0.8980416255802046,0.8182157033064086,0.6322361773345248,0.004880032604026984,0.004880032604026984,1.0262396227677488,1.0165896387933815,1.0214696713974085,C > C_match
2022-02-01,2022-01-31,Utilities,2.0,0.2,0.12644723546690495,0.08545544937456317,0.5111111111111111,0.8359772221424658,0.4272772468728158,0.6322361773345248,-0.040991786092341775,0.040991786092341775,1.2,1.1264472354669048,1.0854554493745632,C < C_match
2022-03-01,2022-02-28,Comm,-0.1430957961414862,-0.014309579614148622,-0.009047033914513369,-0.009339132109569322,0.8,0.8158111874522889,0.6526489499618311,0.6322361773345248,-0.00029209819505595334,0.00029209819505595334,0.9856904203858514,0.9909529660854867,0.9906608678904307,C > C_match
2022-03-01,2022-02-28,Consumer,-0.7113179511582868,-0.07113179511582868,-0.04497209423097414,-0.059377511786170005,0.9587301587301588,0.8706865515204413,0.8347534557434072,0.6322361773345248,-0.014405417555195865,0.014405417555195865,0.9288682048841713,0.9550279057690259,0.94062248821383,C > C_match
2022-03-01,2022-02-28,Energy,0.0549184778239264,0.0054918477823926405,0.00347214484844301,0.0040010085015528465,0.8285714285714286,0.8792675171050206,0.72853594274416,0.6322361773345248,0.0005288636531098367,0.0005288636531098367,1.0054918477823926,1.003472144848443,1.004001008501553,C > C_match
2022-03-01,2022-02-28,Financials,-1.0939554281016377,-0.10939554281016378,-0.0691638198037333,-0.08694762314306084,0.907936507936508,0.8753920686776152,0.7948004179104696,0.6322361773345248,-0.01778380333932754,0.01778380333932754,0.8906044571898362,0.9308361801962667,0.9130523768569392,C > C_match
2022-03-01,2022-02-28,Healthcare,0.0393150158675183,0.003931501586751831,0.002485637534392596,0.0029183560620551535,0.8666666666666667,0.8565007144097341,0.7423006191551029,0.6322361773345248,0.00043271852766255765,0.00043271852766255765,1.0039315015867518,1.0024856375343927,1.0029183560620551,C > C_match
2022-03-01,2022-02-28,Industrials,-0.4375572387115249,-0.043755723871152494,-0.027663951596802464,-0.028784509989238496,0.7714285714285715,0.8527628019508937,0.6578455900764038,0.6322361773345248,-0.0011205583924360323,0.0011205583924360323,0.9562442761288475,0.9723360484031975,0.9712154900107615,C > C_match
2022-03-01,2022-02-28,Materials,-1.269948227061971,-0.1269948227061971,-0.08029072124904177,-0.0538640126296589,0.492063492063492,0.8619687930670359,0.4241433743663192,0.6322361773345248,0.02642670861938287,0.02642670861938287,0.8730051772938029,0.9197092787509582,0.9461359873703411,C < C_match
2022-03-01,2022-02-28,RealEstate,1.0713953038996136,0.10713953038996137,0.06773748713516532,0.05915036592686431,0.6412698412698413,0.8609280970239084,0.5520872241232683,0.6322361773345248,-0.008587121208301011,0.008587121208301011,1.1071395303899614,1.0677374871351653,1.0591503659268644,C < C_match
2022-03-01,2022-02-28,Tech,0.1916820685385878,0.019168206853858782,0.012118833827641114,0.016088261103229914,0.9523809523809524,0.8812860945827449,0.8393200900788046,0.6322361773345248,0.003969427275588799,0.003969427275588799,1.0191682068538588,1.012118833827641,1.0160882611032298,C > C_match
2022-03-01,2022-02-28,Utilities,2.0,0.2,0.12644723546690495,0.10529143828981131,0.6158730158730159,0.854814511888932,0.5264571914490566,0.6322361773345248,-0.021155797177093635,0.021155797177093635,1.2,1.1264472354669048,1.1052914382898114,C < C_match
2022-04-01,2022-03-31,Comm,-1.6210577676773383,-0.16210577676773386,-0.10248913662747587,-0.11040386127767599,0.8095238095238095,0.8413101810507524,0.681060622755371,0.6322361773345248,-0.007914724650200114,0.007914724650200114,0.8378942232322661,0.8975108633725242,0.889596138722324,C > C_match
2022-04-01,2022-03-31,Consumer,-0.4731639134970127,-0.047316391349701274,-0.02991513439219951,-0.041042988383000786,0.9809523809523808,0.8842588883102308,0.8674158618662263,0.6322361773345248,-0.011127853990801278,0.011127853990801278,0.9526836086502988,0.9700848656078005,0.9589570116169992,C > C_match
2022-04-01,2022-03-31,Energy,0.4383497139491349,0.04383497139491349,0.027714054748288346,0.034275260698525656,0.9174603174603174,0.852261264861875,0.7819158906193076,0.6322361773345248,0.0065612059502373095,0.0065612059502373095,1.0438349713949135,1.0277140547482884,1.0342752606985257,C > C_match
2022-04-01,2022-03-31,Financials,-0.3512003883838255,-0.03512003883838255,-0.022204159103019025,-0.026561264300368526,0.8984126984126984,0.84181735332276,0.7562993999693368,0.6322361773345248,-0.004357105197349501,0.004357105197349501,0.9648799611616174,0.977795840896981,0.9734387356996315,C > C_match
2022-04-01,2022-03-31,Healthcare,-1.1557524772514112,-0.11557524772514112,-0.07307085281623395,-0.08382587319068142,0.8857142857142857,0.8188787543659948,0.7252926110098811,0.6322361773345248,-0.010755020374447477,0.010755020374447477,0.8844247522748588,0.9269291471837661,0.9161741268093185,C > C_match
2022-04-01,2022-03-31,Industrials,-0.244887824903441,-0.0244887824903441,-0.015482694229271796,-0.017156826985511013,0.8285714285714286,0.845551032825149,0.7005994271979806,0.6322361773345248,-0.0016741327562392171,0.0016741327562392171,0.9755112175096559,0.9845173057707282,0.982843173014489,C > C_match
2022-04-01,2022-03-31,Materials,0.2535951260286715,0.025359512602867153,0.016033201307103433,0.012104910480364403,0.5365079365079365,0.8897019221820773,0.477332142377051,0.6322361773345248,-0.003928290826739031,0.003928290826739031,1.0253595126028672,1.0160332013071034,1.0121049104803643,C < C_match
2022-04-01,2022-03-31,RealEstate,0.9324275662242402,0.09324275662242403,0.05895144401109481,0.05290324597090552,0.6603174603174603,0.8592398964233269,0.5673711062096889,0.6322361773345248,-0.006048198040189294,0.006048198040189294,1.093242756622424,1.0589514440110948,1.0529032459709056,C < C_match
2022-04-01,2022-03-31,Tech,0.1020395507687908,0.01020395507687908,0.006451309551499246,0.008830149520150295,0.961904761904762,0.8996372821003374,0.8653653856393723,0.6322361773345248,0.002378839968651049,0.002378839968651049,1.010203955076879,1.0064513095514993,1.0088301495201504,C > C_match
2022-04-01,2022-03-31,Utilities,2.0,0.2,0.12644723546690495,0.12176467236849581,0.6634920634920635,0.9176045884228752,0.608823361842479,0.6322361773345248,-0.004682563098409143,0.004682563098409143,1.2,1.1264472354669048,1.1217646723684958,C < C_match
2022-05-02,2022-04-29,Comm,-0.669640186990343,-0.0669640186990343,-0.042337075201235086,-0.04508608030392842,0.7777777777777778,0.8656561935769576,0.6732881505598559,0.6322361773345248,-0.002749005102693332,0.002749005102693332,0.9330359813009657,0.9576629247987649,0.9549139196960715,C > C_match
2022-05-02,2022-04-29,Consumer,-0.8998924330611568,-0.08998924330611568,-0.05689445518908505,-0.07831040009918319,0.9809523809523808,0.8871170315413229,0.8702195642738692,0.6322361773345248,-0.021415944910098142,0.021415944910098142,0.9100107566938843,0.9431055448109149,0.9216895999008168,C > C_match
2022-05-02,2022-04-29,Energy,1.1454977487149494,0.11454977487149494,0.07242251177928437,0.09216173989305021,0.9365079365079364,0.8591024605288,0.8045562725587175,0.6322361773345248,0.01973922811376584,0.01973922811376584,1.114549774871495,1.0724225117792843,1.0921617398930503,C > C_match
2022-05-02,2022-04-29,Financials,-0.7421108583538026,-0.07421108583538026,-0.046918933224405115,-0.057592890673446036,0.8888888888888888,0.873077132321612,0.776068562063655,0.6322361773345248,-0.01067395744904092,0.01067395744904092,0.9257889141646197,0.9530810667755949,0.9424071093265539,C > C_match
2022-05-02,2022-04-29,Healthcare,-0.034258789049147,-0.0034258789049147,-0.0021659645828542577,-0.0025950396402653238,0.8857142857142857,0.8552209655199821,0.7574814266034127,0.6322361773345248,-0.00042907505741106603,0.00042907505741106603,0.9965741210950853,0.9978340354171458,0.9974049603597347,C > C_match
2022-05-02,2022-04-29,Industrials,-1.1417913000751077,-0.11417913000751077,-0.07218817668733034,-0.08238770461193855,0.8444444444444444,0.8544852902105288,0.7215653561777798,0.6322361773345248,-0.01019952792460821,0.01019952792460821,0.8858208699924892,0.9278118233126696,0.9176122953880614,C > C_match
2022-05-02,2022-04-29,Materials,0.379499392884644,0.03794993928846441,0.02399332454581603,0.020243589281590722,0.6,0.8890479432090572,0.5334287659254343,0.6322361773345248,-0.003749735264225309,0.003749735264225309,1.0379499392884644,1.023993324545816,1.0202435892815906,C < C_match
2022-05-02,2022-04-29,RealEstate,-0.3616926602386145,-0.03616926602386145,-0.02286751848792167,-0.02121181756732316,0.6857142857142857,0.8552537560094625,0.5864597184064886,0.6322361773345248,0.0016557009205985102,0.0016557009205985102,0.9638307339761385,0.9771324815120783,0.9787881824326768,C < C_match
2022-05-02,2022-04-29,Tech,0.0225043897279597,0.00225043897279597,0.0014228089334851588,0.0019414968010975334,0.9682539682539684,0.8910050253125416,0.8627191514930957,0.6322361773345248,0.0005186878676123746,0.0005186878676123746,1.002250438972796,1.0014228089334851,1.0019414968010976,C > C_match
2022-05-02,2022-04-29,Utilities,2.0,0.2,0.12644723546690495,0.1090113150291489,0.6317460317460317,0.8627779958337162,0.5450565751457445,0.6322361773345248,-0.017435920437756047,0.017435920437756047,1.2,1.1264472354669048,1.109011315029149,C < C_match
2022-06-01,2022-05-31,Comm,-1.2117147098536185,-0.12117147098536185,-0.07660898761778645,-0.0777860529567696,0.765079365079365,0.8390635709534962,0.6419502241263256,0.6322361773345248,-0.001177065338983152,0.001177065338983152,0.8788285290146381,0.9233910123822135,0.9222139470432305,C > C_match
2022-06-01,2022-05-31,Consumer,-1.1797927141394535,-0.11797927141394536,-0.07459076356346518,-0.09817355244038628,0.9777777777777776,0.8510373757863039,0.8321254341021638,0.6322361773345248,-0.0235827888769211,0.0235827888769211,0.8820207285860546,0.9254092364365348,0.9018264475596137,C > C_match
2022-06-01,2022-05-31,Energy,1.3578661022914993,0.13578661022914992,0.08584920738449082,0.1117061597241401,0.9333333333333332,0.881421010002604,0.8226596093357638,0.6322361773345248,0.02585695233964927,0.02585695233964927,1.1357866102291498,1.0858492073844908,1.11170615972414,C > C_match
2022-06-01,2022-05-31,Financials,-0.3972088537009168,-0.039720885370091684,-0.025112980726729614,-0.0307339861307086,0.8952380952380953,0.8642938369256392,0.7737487682953342,0.6322361773345248,-0.0056210054039789875,0.0056210054039789875,0.9602791146299083,0.9748870192732704,0.9692660138692915,C > C_match
2022-06-01,2022-05-31,Healthcare,-1.4868923845493522,-0.14868923845493523,-0.09400671573152987,-0.1106344783954958,0.873015873015873,0.852292791858785,0.744065135749733,0.6322361773345248,-0.016627762663965928,0.016627762663965928,0.8513107615450648,0.9059932842684701,0.8893655216045042,C > C_match
2022-06-01,2022-05-31,Industrials,1.0545483788107402,0.10545483788107402,0.06667236358336227,0.07054417236364595,0.8539682539682539,0.7833446975375693,0.6689515036114481,0.6322361773345248,0.0038718087802836754,0.0038718087802836754,1.105454837881074,1.0666723635833624,1.070544172363646,C > C_match
2022-06-01,2022-05-31,Materials,-0.0915746183124196,-0.009157461831241961,-0.005789678662271234,-0.0045317112841393005,0.5746031746031746,0.8612298914783294,0.4948654297065956,0.6322361773345248,0.0012579673781319333,0.0012579673781319333,0.990842538168758,0.9942103213377288,0.9954682887158607,C < C_match
2022-06-01,2022-05-31,RealEstate,0.3591125863930847,0.03591125863930847,0.022704396885387813,0.021516178998136154,0.6984126984126984,0.8578718056699977,0.599148562690157,0.6322361773345248,-0.0011882178872516594,0.0011882178872516594,1.0359112586393084,1.0227043968853877,1.0215161789981362,C < C_match
2022-06-01,2022-05-31,Tech,0.3478653267752011,0.03478653267752011,0.021993304442757846,0.029286730467159138,0.9682539682539684,0.8695017528366613,0.8418985225878785,0.6322361773345248,0.007293426024401292,0.007293426024401292,1.03478653267752,1.0219933044427578,1.0292867304671591,C > C_match
2022-06-01,2022-05-31,Utilities,1.2477908862852327,0.12477908862852327,0.07888985400578342,0.06295292771220411,0.5682539682539682,0.8878337411963738,0.5045150465846061,0.6322361773345248,-0.015936926293579318,0.015936926293579318,1.1247790886285234,1.0788898540057834,1.062952927712204,C < C_match
2022-07-01,2022-06-30,Comm,-0.975659985625386,-0.09756599856253861,-0.06168475396900515,-0.06711640348335103,0.7841269841269841,0.8772912200673054,0.6879077185924586,0.6322361773345248,-0.005431649514345882,0.005431649514345882,0.9024340014374614,0.9383152460309948,0.932883596516649,C > C_match
2022-07-01,2022-06-30,Consumer,-1.1422940620935935,-0.11422940620935935,-0.07221996312099799,-0.09374461698695158,0.9746031746031746,0.8420552697207826,0.8206697390612071,0.6322361773345248,-0.02152465386595359,0.02152465386595359,0.8857705937906406,0.927780036879002,0.9062553830130484,C > C_match
2022-07-01,2022-06-30,Energy,0.4519745593694962,0.045197455936949626,0.02857546676682265,0.03615814013748093,0.923809523809524,0.8659835819652195,0.8000038804821552,0.6322361773345248,0.0075826733706582765,0.0075826733706582765,1.0451974559369497,1.0285754667668225,1.0361581401374809,C > C_match
2022-07-01,2022-06-30,Financials,-1.241778080855835,-0.1241778080855835,-0.07850970269380955,-0.09516820245806311,0.907936507936508,0.8440970790263013,0.7663865542905466,0.6322361773345248,-0.016658499764253556,0.016658499764253556,0.8758221919144165,0.9214902973061905,0.9048317975419369,C > C_match
2022-07-01,2022-06-30,Healthcare,0.4033572659119414,0.04033572659119414,0.025501705590027124,0.02873635907766778,0.8634920634920635,0.8250561520887468,0.7124294392639338,0.6322361773345248,0.0032346534876406575,0.0032346534876406575,1.040335726591194,1.025501705590027,1.0287363590776677,C > C_match
2022-07-01,2022-06-30,Industrials,0.1015158373651078,0.010151583736510782,0.006418198495462908,0.007220728112356587,0.8666666666666667,0.8207201532945358,0.7112907995219311,0.6322361773345248,0.0008025296168936791,0.0008025296168936791,1.0101515837365107,1.006418198495463,1.0072207281123566,C > C_match
2022-07-01,2022-06-30,Materials,-0.4713634781514628,-0.04713634781514628,-0.029801304356158662,-0.02350699176405818,0.6095238095238096,0.8181829978459961,0.4987020177347024,0.6322361773345248,0.006294312592100483,0.006294312592100483,0.9528636521848537,0.9701986956438413,0.9764930082359419,C < C_match
2022-07-01,2022-06-30,RealEstate,0.8723425000918622,0.08723425000918622,0.055152648758452126,0.053302696157384304,0.7174603174603175,0.8516560974560357,0.6110294540478224,0.6322361773345248,-0.0018499526010678224,0.0018499526010678224,1.0872342500091863,1.0551526487584522,1.0533026961573844,C < C_match
2022-07-01,2022-06-30,Tech,-0.1900506040317201,-0.019005060403172014,-0.012015686739313216,-0.016470848009915894,0.9714285714285714,0.8921457946674031,0.866655914819763,0.6322361773345248,-0.004455161270602678,0.004455161270602678,0.980994939596828,0.9879843132606868,0.9835291519900841,C > C_match
2022-07-01,2022-06-30,Utilities,2.0,0.2,0.12644723546690495,0.10530034003849974,0.6444444444444445,0.8169853968504289,0.5265017001924986,0.6322361773345248,-0.021146895428405213,0.021146895428405213,1.2,1.1264472354669048,1.1053003400384998,C < C_match
2022-08-01,2022-07-29,Comm,-1.0214136191492782,-0.10214136191492783,-0.06457746420483618,-0.06947721810973721,0.780952380952381,0.8709961257464763,0.6802064982020101,0.6322361773345248,-0.004899753904901036,0.004899753904901036,0.8978586380850722,0.9354225357951638,0.9305227818902628,C > C_match
2022-08-01,2022-07-29,Consumer,-0.629392058579515,-0.0629392058579515,-0.03979244291610198,-0.05244774277613147,0.9714285714285714,0.8578170428122229,0.8333079844461594,0.6322361773345248,-0.012655299860029487,0.012655299860029487,0.9370607941420485,0.960207557083898,0.9475522572238685,C > C_match
2022-08-01,2022-07-29,Energy,1.6851953115700138,0.16851953115700138,0.1065441441849089,0.13837830028525194,0.946031746031746,0.8679846388796896,0.8211410234480873,0.6322361773345248,0.03183415610034304,0.03183415610034304,1.1685195311570014,1.1065441441849089,1.1383783002852519,C > C_match
2022-08-01,2022-07-29,Financials,-0.9330783209889106,-0.09330783209889107,-0.05899258708157455,-0.07071579458574467,0.907936507936508,0.8347238972499461,0.7578763003602685,0.6322361773345248,-0.011723207504170122,0.011723207504170122,0.906692167901109,0.9410074129184255,0.9292842054142554,C > C_match
2022-08-01,2022-07-29,Healthcare,-0.7570231813304875,-0.07570231813304876,-0.04786174423180082,-0.056055464971551776,0.8761904761904762,0.8451041853038753,0.740472238551967,0.6322361773345248,-0.008193720739750956,0.008193720739750956,0.9242976818669513,0.9521382557681992,0.9439445350284482,C > C_match
2022-08-01,2022-07-29,Industrials,0.0086830702011091,0.0008683070201109099,0.000548975111147654,0.0006170203482200895,0.8285714285714286,0.8576226073990902,0.7106015889878177,0.6322361773345248,6.804523707243555e-05,6.804523707243555e-05,1.000868307020111,1.0005489751111476,1.00061702034822,C > C_match
2022-08-01,2022-07-29,Materials,-1.0040882650916512,-0.10040882650916512,-0.06348209264280005,-0.050134537980223375,0.5746031746031746,0.8689546357907636,0.499304092311518,0.6322361773345248,0.013347554662576679,0.013347554662576679,0.8995911734908348,0.9365179073572,0.9498654620197766,C < C_match
2022-08-01,2022-07-29,RealEstate,0.6049459622586821,0.06049459622586822,0.03824687226723849,0.035652820532556403,0.7428571428571429,0.7933631180368259,0.5893554591130707,0.6322361773345248,-0.002594051734682086,0.002594051734682086,1.0604945962258683,1.0382468722672384,1.0356528205325564,C < C_match
2022-08-01,2022-07-29,Tech,0.3869483710332784,0.03869483710332784,0.02446427589279013,0.03330973201402646,0.9682539682539684,0.88905541282621,0.8608314314666479,0.6322361773345248,0.008845456121236332,0.008845456121236332,1.0386948371033278,1.0244642758927902,1.0333097320140265,C > C_match
2022-08-01,2022-07-29,Utilities,1.659222730076758,0.1659222730076758,0.10490206362102836,0.09343186606779899,0.692063492063492,0.8136626756331145,0.5631062326603776,0.6322361773345248,-0.011470197553229367,0.011470197553229367,1.1659222730076757,1.1049020636210283,1.093431866067799,C < C_match
2022-09-01,2022-08-31,Comm,-1.608020500278467,-0.16080205002784673,-0.10166487341716082,-0.10693714847981739,0.7936507936507936,0.8379296598596618,0.6650235395711601,0.6322361773345248,-0.005272275062656567,0.005272275062656567,0.8391979499721532,0.8983351265828392,0.8930628515201826,C > C_match
2022-09-01,2022-08-31,Consumer,-0.8153274886750227,-0.08153274886750228,-0.05154795347156545,-0.06673129848553817,0.9587301587301588,0.8536917838675087,0.818460059453929,0.6322361773345248,-0.015183345013972727,0.015183345013972727,0.9184672511324977,0.9484520465284345,0.9332687015144618,C > C_match
2022-09-01,2022-08-31,Energy,0.8662438091308381,0.08662438091308382,0.05476706745245788,0.07095921891517543,0.926984126984127,0.8836827652098342,0.8191598966389575,0.6322361773345248,0.016192151462717547,0.016192151462717547,1.0866243809130838,1.0547670674524579,1.0709592189151755,C > C_match
2022-09-01,2022-08-31,Financials,-0.1163525517110116,-0.01163525517110116,-0.007356229251688759,-0.008400085715010898,0.8793650793650793,0.8209913666415898,0.7219511382848266,0.6322361773345248,-0.0010438564633221386,0.0010438564633221386,0.9883647448288988,0.9926437707483112,0.9915999142849891,C > C_match
2022-09-01,2022-08-31,Healthcare,-0.8122902548015091,-0.08122902548015092,-0.051355928558179324,-0.058977868159425774,0.8634920634920635,0.8408518365747064,0.7260688874549847,0.6322361773345248,-0.00762193960124645,0.00762193960124645,0.9187709745198491,0.9486440714418207,0.9410221318405743,C > C_match
2022-09-01,2022-08-31,Industrials,-0.1793996128368446,-0.017939961283684462,-0.011342292543526039,-0.011557189014150105,0.7587301587301587,0.8490697480837982,0.6442148247365961,0.6322361773345248,-0.00021489647062406664,0.00021489647062406664,0.9820600387163155,0.988657707456474,0.9884428109858499,C > C_match
2022-09-01,2022-08-31,Materials,-0.6527412654470446,-0.06527412654470446,-0.04126866424547398,-0.03279228479738151,0.5682539682539682,0.8840730073806278,0.5023779946702615,0.6322361773345248,0.008476379448092465,0.008476379448092465,0.9347258734552956,0.9587313357545261,0.9672077152026185,C < C_match
2022-09-01,2022-08-31,RealEstate,1.3126824403790005,0.13126824403790005,0.08299253281593745,0.08155552033745547,0.7428571428571429,0.836350620685123,0.6212890325089485,0.6322361773345248,-0.0014370124784819777,0.0014370124784819777,1.1312682440379,1.0829925328159375,1.0815555203374554,C < C_match
2022-09-01,2022-08-31,Tech,0.2496204815797806,0.024962048157978062,0.015781909905840365,0.021220109469853584,0.9587301587301588,0.8866883739132305,0.8500948854660179,0.6322361773345248,0.005438199564013219,0.005438199564013219,1.024962048157978,1.0157819099058403,1.0212201094698536,C > C_match
2022-09-01,2022-08-31,Utilities,1.7555849426602783,0.17555849426602785,0.11099443131335852,0.10888727145972192,0.7111111111111111,0.8722034563488766,0.6202335689592012,0.6322361773345248,-0.002107159853636603,0.002107159853636603,1.1755584942660278,1.1109944313133586,1.108887271459722,C < C_match
2022-10-03,2022-09-30,Comm,-0.6075393385628708,-0.06075393385628708,-0.03841083489933351,-0.04183480961649718,0.8031746031746032,0.8573406690080471,0.6885942516159871,0.6322361773345248,-0.003423974717163672,0.003423974717163672,0.939246066143713,0.9615891651006665,0.9581651903835028,C > C_match
2022-10-03,2022-09-30,Consumer,0.0325296577116952,0.00325296577116952,0.002056642644164272,0.002667998845865829,0.9650793650793652,0.8498516345576815,0.8201742758905879,0.6322361773345248,0.0006113562017015573,0.0006113562017015573,1.0032529657711695,1.0020566426441642,1.0026679988458658,C > C_match
2022-10-03,2022-09-30,Energy,0.9537859878703048,0.09537859878703048,0.06030180069663549,0.073994218291704,0.9047619047619048,0.857457379486708,0.7757947719165453,0.6322361773345248,0.013692417595068507,0.013692417595068507,1.0953785987870304,1.0603018006966356,1.073994218291704,C > C_match
2022-10-03,2022-09-30,Financials,-0.2839442054218961,-0.02839442054218961,-0.017951979901222864,-0.020844693219070336,0.8825396825396825,0.8318178878063378,0.7341122946354346,0.6322361773345248,-0.002892713317847472,0.002892713317847472,0.9716055794578103,0.9820480200987771,0.9791553067809297,C > C_match
2022-10-03,2022-09-30,Healthcare,-0.7526911575167196,-0.07526911575167196,-0.04758785801418694,-0.05617750369758828,0.8857142857142857,0.8426592131276223,0.7463553030558939,0.6322361773345248,-0.008589645683401342,0.008589645683401342,0.9247308842483281,0.952412141985813,0.9438224963024118,C > C_match
2022-10-03,2022-09-30,Industrials,-0.4420397688747706,-0.04420397688747706,-0.02794735337032218,-0.025875513368792385,0.7047619047619048,0.8305871562004258,0.5853661862745858,0.6322361773345248,0.0020718400015297955,0.0020718400015297955,0.955796023112523,0.9720526466296778,0.9741244866312077,C < C_match
2022-10-03,2022-09-30,Materials,-0.8798686913251625,-0.08798686913251626,-0.05562848179597517,-0.041398409319165816,0.5428571428571428,0.866722824042589,0.470506675908834,0.6322361773345248,0.014230072476809352,0.014230072476809352,0.9120131308674837,0.9443715182040249,0.9586015906808342,C < C_match
2022-10-03,2022-09-30,RealEstate,1.4943885574847484,0.14943885574847485,0.0944806509036612,0.09218832526549148,0.7142857142857143,0.8636552704131989,0.6168966217237135,0.6322361773345248,-0.0022923256381697232,0.0022923256381697232,1.149438855748475,1.094480650903661,1.0921883252654916,C < C_match
2022-10-03,2022-09-30,Tech,-1.2988033318382008,-0.12988033318382008,-0.08211504536307283,-0.10918383760240441,0.961904761904762,0.8739425531196432,0.8406495034769902,0.6322361773345248,-0.027068792239331577,0.027068792239331577,0.8701196668161799,0.9178849546369272,0.8908161623975956,C > C_match
2022-10-03,2022-09-30,Utilities,1.784182290472868,0.1784182290472868,0.11280245909965227,0.10952403596608269,0.7142857142857143,0.8594057410573066,0.6138612436123618,0.6322361773345248,-0.0032784231335695746,0.0032784231335695746,1.1784182290472869,1.1128024590996524,1.1095240359660827,C < C_match
2022-11-01,2022-10-31,Comm,0.2266126138990033,0.022661261389900333,0.014327269274729045,0.015661727092225863,0.8126984126984127,0.850405695712998,0.6911233590556428,0.6322361773345248,0.0013344578174968175,0.0013344578174968175,1.0226612613899004,1.014327269274729,1.015661727092226,C > C_match
2022-11-01,2022-10-31,Consumer,-0.4185709705983013,-0.04185709705983013,-0.026463571039427175,-0.035561042305813494,0.961904761904762,0.883228962679641,0.84958214505375,0.6322361773345248,-0.009097471266386319,0.009097471266386319,0.9581429029401699,0.9735364289605728,0.9644389576941865,C > C_match
2022-11-01,2022-10-31,Energy,0.4372447605615585,0.04372447605615585,0.027644195597698932,0.0333840428808678,0.8920634920634921,0.855891176762563,0.7635092719691435,0.6322361773345248,0.005739847283168866,0.005739847283168866,1.043724476056156,1.027644195597699,1.0333840428808678,C > C_match
2022-11-01,2022-10-31,Financials,-0.4045763268155367,-0.04045763268155367,-0.02557877903058983,-0.030768690100476743,0.873015873015873,0.8711368806643658,0.7605163243895257,0.6322361773345248,-0.005189911069886914,0.005189911069886914,0.9595423673184463,0.9744212209694102,0.9692313098995232,C > C_match
2022-11-01,2022-10-31,Healthcare,-1.4504015275860924,-0.14504015275860924,-0.09169963174011862,-0.10891992306379725,0.8603174603174604,0.8728916524743245,0.7509639295890221,0.6322361773345248,-0.017220291323678624,0.017220291323678624,0.8549598472413907,0.9083003682598814,0.8910800769362027,C > C_match
2022-11-01,2022-10-31,Industrials,1.2873410451909837,0.12873410451909836,0.08139035813373792,0.07316094632910272,0.6825396825396826,0.8326409995186308,0.5683105234809702,0.6322361773345248,-0.008229411804635198,0.008229411804635198,1.1287341045190984,1.0813903581337379,1.0731609463291027,C < C_match
2022-11-01,2022-10-31,Materials,-0.9935373212773716,-0.09935373212773717,-0.06281502380435891,-0.0468696370249727,0.526984126984127,0.8951789687044971,0.4717451073172905,0.6322361773345248,0.015945386779386207,0.015945386779386207,0.9006462678722629,0.9371849761956411,0.9531303629750273,C < C_match
2022-11-01,2022-10-31,RealEstate,0.4702796875531062,0.04702796875531062,0.029732783193665055,0.027900231398119313,0.7015873015873015,0.845609521294707,0.5932689022416833,0.6322361773345248,-0.001832551795545742,0.001832551795545742,1.0470279687553106,1.0297327831936651,1.0279002313981194,C < C_match
2022-11-01,2022-10-31,Tech,-1.0075565384892526,-0.10075565384892526,-0.0637013694342851,-0.08541225236518399,0.961904761904762,0.8812896590233227,0.847716719631958,0.6322361773345248,-0.021710882930898887,0.021710882930898887,0.8992443461510747,0.9362986305657149,0.914587747634816,C > C_match
2022-11-01,2022-10-31,Utilities,1.8531645775619008,0.1853164577561901,0.11716376884894857,0.11598870447991293,0.7396825396825397,0.8461674989145771,0.625895324593957,0.6322361773345248,-0.0011750643690356388,0.0011750643690356388,1.18531645775619,1.1171637688489486,1.1159887044799128,C < C_match
2022-12-01,2022-11-30,Comm,0.2082308561570184,0.020823085615701842,0.013165108049980861,0.013608898008319515,0.765079365079365,0.8542232460205028,0.6535485787014005,0.6322361773345248,0.0004437899583386532,0.0004437899583386532,1.020823085615702,1.0131651080499808,1.0136088980083195,C > C_match
2022-12-01,2022-11-30,Consumer,-0.4444004781645219,-0.044440047816452194,-0.028096605952037227,-0.036823528065071075,0.961904761904762,0.8614276422544762,0.8286113511209724,0.6322361773345248,-0.008726922113033848,0.008726922113033848,0.9555599521835478,0.9719033940479628,0.963176471934929,C > C_match
2022-12-01,2022-11-30,Energy,0.1775740023569303,0.01775740023569303,0.01122687084441375,0.014112644522325298,0.9111111111111112,0.8722835372726798,0.7947472228484416,0.6322361773345248,0.0028857736779115475,0.0028857736779115475,1.017757400235693,1.0112268708444137,1.0141126445223252,C > C_match
2022-12-01,2022-11-30,Financials,-0.6045065083193126,-0.06045065083193127,-0.03821908839936433,-0.04552286172149506,0.873015873015873,0.8625940029324141,0.7530582565282979,0.6322361773345248,-0.007303773322130731,0.007303773322130731,0.9395493491680688,0.9617809116006357,0.9544771382785049,C > C_match
2022-12-01,2022-11-30,Healthcare,-0.418924240359994,-0.0418924240359994,-0.026485906031797225,-0.03210454332486197,0.8952380952380953,0.8560368323027547,0.766356783204371,0.6322361773345248,-0.005618637293064745,0.005618637293064745,0.9581075759640006,0.9735140939682028,0.967895456675138,C > C_match
2022-12-01,2022-11-30,Industrials,-0.9259722481210994,-0.09259722481210994,-0.058543315446993996,-0.055178897162367894,0.6793650793650794,0.8771458758650897,0.5959022775718388,0.6322361773345248,0.0033644182846261014,0.0033644182846261014,0.90740277518789,0.941456684553006,0.9448211028376321,C < C_match
2022-12-01,2022-11-30,Materials,-0.2096357232871759,-0.02096357232871759,-0.013253928832384231,-0.00976472052284538,0.5142857142857142,0.9057118831884148,0.4657946827826132,0.6322361773345248,0.0034892083095388517,0.0034892083095388517,0.9790364276712824,0.9867460711676158,0.9902352794771546,C < C_match
2022-12-01,2022-11-30,RealEstate,1.1033606921090175,0.11033606921090176,0.06975845462001809,0.06179748794921797,0.6285714285714286,0.8910430295086307,0.5600841899768536,0.6322361773345248,-0.007960966670800117,0.007960966670800117,1.1103360692109017,1.069758454620018,1.061797487949218,C < C_match
2022-12-01,2022-11-30,Tech,-1.2382893822596872,-0.12382893822596873,-0.07828913454737947,-0.10491217237038845,0.9587301587301588,0.8837050598044764,0.8472346922569901,0.6322361773345248,-0.026623037823008983,0.026623037823008983,0.8761710617740313,0.9217108654526205,0.8950878276296116,C > C_match
2022-12-01,2022-11-30,Utilities,2.0,0.2,0.12644723546690495,0.1258939845662162,0.7333333333333333,0.8583680765878376,0.6294699228310809,0.6322361773345248,-0.0005532509006887509,0.0005532509006887509,1.2,1.1264472354669048,1.1258939845662161,C < C_match
2023-01-03,2022-12-30,Comm,-0.8303446280574887,-0.08303446280574887,-0.05249739135133245,-0.049502206636089716,0.7333333333333333,0.8129517162907411,0.5961645919465435,0.6322361773345248,0.002995184715242731,0.002995184715242731,0.9169655371942511,0.9475026086486675,0.9504977933639103,C < C_match
2023-01-03,2022-12-30,Consumer,0.1219631648894297,0.01219631648894297,0.007710952514531336,0.009905682202930914,0.9492063492063492,0.8556478640948969,0.8121863852837276,0.6322361773345248,0.002194729688399578,0.002194729688399578,1.012196316488943,1.0077109525145314,1.0099056822029309,C > C_match
2023-01-03,2022-12-30,Energy,0.8066588322260564,0.08066588322260565,0.05099988964997337,0.06491207364349229,0.926984126984127,0.868087079116044,0.8047029431805869,0.6322361773345248,0.013912183993518915,0.013912183993518915,1.0806658832226057,1.0509998896499733,1.0649120736434923,C > C_match
2023-01-03,2022-12-30,Financials,-0.5421379015841067,-0.05421379015841067,-0.03427591944856964,-0.039462578194233676,0.8571428571428571,0.8492244210451452,0.7279066466101244,0.6322361773345248,-0.005186658745664034,0.005186658745664034,0.9457862098415893,0.9657240805514303,0.9605374218057663,C > C_match
2023-01-03,2022-12-30,Healthcare,-0.7247206997417934,-0.07247206997417935,-0.04581946448399534,-0.05514957734711169,0.9015873015873016,0.844041374842147,0.7609769855719675,0.6322361773345248,-0.00933011286311635,0.00933011286311635,0.9275279300258207,0.9541805355160047,0.9448504226528883,C > C_match
2023-01-03,2022-12-30,Industrials,0.3323967723753453,0.033239677237534536,0.02101532647249225,0.019592431115617558,0.6825396825396826,0.863582085015861,0.5894290421536829,0.6322361773345248,-0.0014228953568746934,0.0014228953568746934,1.0332396772375345,1.0210153264724922,1.0195924311156175,C < C_match
2023-01-03,2022-12-30,Materials,-1.5921020432298518,-0.1592102043229852,-0.10065845097381278,-0.06899311083696141,0.4761904761904761,0.9100266743185244,0.4333460353897735,0.6322361773345248,0.031665340136851364,0.031665340136851364,0.8407897956770148,0.8993415490261872,0.9310068891630385,C < C_match
2023-01-03,2022-12-30,RealEstate,1.2019816728390105,0.12019816728390105,0.07599362980618933,0.059655464989841,0.5873015873015873,0.8450671400777126,0.4963092727440534,0.6322361773345248,-0.01633816481634833,0.01633816481634833,1.120198167283901,1.0759936298061894,1.059655464989841,C < C_match
2023-01-03,2022-12-30,Tech,-0.608296002909261,-0.0608296002909261,-0.038458673956722214,-0.050611362827777416,0.9333333333333332,0.8914485696646535,0.8320186650203433,0.6322361773345248,-0.012152688871055202,0.012152688871055202,0.9391703997090739,0.9615413260432778,0.9493886371722225,C > C_match
2023-01-03,2022-12-30,Utilities,1.83460083319266,0.183460083319266,0.11599010177124615,0.10804659201797365,0.6857142857142857,0.8588677375594067,0.5889378771835931,0.6322361773345248,-0.007943509753272501,0.007943509753272501,1.1834600833192659,1.1159901017712461,1.1080465920179736,C < C_match
2023-02-01,2023-01-31,Comm,0.3360335687137256,0.03360335687137256,0.021245257893964423,0.021105172982870898,0.7206349206349206,0.8715472731853935,0.6280674000415375,0.6322361773345248,-0.00014008491109352567,0.00014008491109352567,1.0336033568713725,1.0212452578939644,1.0211051729828708,C < C_match
2023-02-01,2023-01-31,Consumer,-0.3168612267044147,-0.03168612267044147,-0.020033113071712738,-0.026628711775341426,0.9555555555555556,0.8794782750454451,0.840390351710092,0.6322361773345248,-0.006595598703628688,0.006595598703628688,0.9683138773295585,0.9799668869282873,0.9733712882246586,C > C_match
2023-02-01,2023-01-31,Energy,2.0,0.2,0.12644723546690495,0.16084160599564368,0.923809523809524,0.8705344654403394,0.8042080299782184,0.6322361773345248,0.03439437052873873,0.03439437052873873,1.2,1.1264472354669048,1.1608416059956437,C > C_match
2023-02-01,2023-01-31,Financials,-0.7927547273334118,-0.07927547273334118,-0.05012082183731498,-0.05952691498722309,0.8666666666666667,0.8664079763910038,0.7508869128722033,0.6322361773345248,-0.009406093149908111,0.009406093149908111,0.9207245272666589,0.949879178162685,0.9404730850127769,C > C_match
2023-02-01,2023-01-31,Healthcare,-0.490671671305048,-0.0490671671305048,-0.0310220381792246,-0.03795977911717122,0.9047619047619048,0.8550635342048881,0.7736289118996607,0.6322361773345248,-0.006937740937946624,0.006937740937946624,0.9509328328694951,0.9689779618207754,0.9620402208828288,C > C_match
2023-02-01,2023-01-31,Industrials,-0.8717255885761552,-0.08717255885761553,-0.05511364538060771,-0.05213573953868349,0.6888888888888889,0.868173576930181,0.5980751307741247,0.6322361773345248,0.0029779058419242208,0.0029779058419242208,0.9128274411423845,0.9448863546193923,0.9478642604613166,C < C_match
2023-02-01,2023-01-31,Materials,-0.4815152232932656,-0.04815152232932657,-0.03044313441033144,-0.02123511753429497,0.5174603174603175,0.8522511509883905,0.4410061511463735,0.6322361773345248,0.009208016876036468,0.009208016876036468,0.9518484776706735,0.9695568655896686,0.978764882465705,C < C_match
2023-02-01,2023-01-31,RealEstate,0.1538580903438558,0.015385809034385581,0.009727465089098936,0.007547462787897476,0.5650793650793651,0.8681028742881263,0.4905470210263062,0.6322361773345248,-0.00218000230120146,0.00218000230120146,1.0153858090343857,1.0097274650890988,1.0075474627878975,C < C_match
2023-02-01,2023-01-31,Tech,-1.1379835477066376,-0.11379835477066376,-0.07194743680716253,-0.09431691236768941,0.9333333333333332,0.888007870441709,0.8288073457455951,0.6322361773345248,-0.022369475560526875,0.022369475560526875,0.8862016452293362,0.9280525631928375,0.9056830876323105,C > C_match
2023-02-01,2023-01-31,Utilities,1.5546538180069331,0.15546538180069333,0.09829083869752274,0.08864932630284343,0.6666666666666666,0.8553286134448751,0.5702190756299167,0.6322361773345248,-0.009641512394679308,0.009641512394679308,1.1554653818006932,1.0982908386975228,1.0886493263028434,C < C_match
2023-03-01,2023-02-28,Comm,-0.3685587871237354,-0.036855878712373544,-0.023301619869415934,-0.02393216428285644,0.7492063492063492,0.8667098977168759,0.6493445582894689,0.6322361773345248,-0.0006305444134405043,0.0006305444134405043,0.9631441212876265,0.9766983801305841,0.9760678357171435,C > C_match
2023-03-01,2023-02-28,Consumer,-0.3624952982654633,-0.03624952982654633,-0.02291826416770949,-0.030898813141855094,0.946031746031746,0.9010185033935534,0.852392107972314,0.6322361773345248,-0.007980548974145605,0.007980548974145605,0.9637504701734537,0.9770817358322905,0.969101186858145,C > C_match
2023-03-01,2023-02-28,Energy,-0.6881779764350038,-0.06881779764350038,-0.043509101314707546,-0.05503709746871247,0.923809523809524,0.8657097664853056,0.7997509271340443,0.6322361773345248,-0.011527996154004926,0.011527996154004926,0.9311822023564996,0.9564908986852925,0.9449629025312876,C > C_match
2023-03-01,2023-02-28,Financials,-1.0773620643274973,-0.10773620643274973,-0.06811472731556492,-0.08087248703130848,0.8761904761904762,0.8567233256533501,0.7506528186676972,0.6322361773345248,-0.012757759715743555,0.012757759715743555,0.8922637935672503,0.9318852726844351,0.9191275129686916,C > C_match
2023-03-01,2023-02-28,Healthcare,-0.4507081491387966,-0.04507081491387966,-0.028495399730503163,-0.03444292270405085,0.8920634920634921,0.8566606539584041,0.7641956944835288,0.6322361773345248,-0.005947522973547691,0.005947522973547691,0.9549291850861203,0.9715046002694968,0.9655570772959492,C > C_match
2023-03-01,2023-02-28,Industrials,0.3975274624849096,0.03975274624849096,0.025133124326695296,0.024745134994637614,0.707936507936508,0.8792824027947244,0.6224761137245192,0.6322361773345248,-0.00038798933205768174,0.00038798933205768174,1.039752746248491,1.0251331243266952,1.0247451349946377,C < C_match
2023-03-01,2023-02-28,Materials,-0.9386190464665756,-0.09386190464665756,-0.05934289179114044,-0.04903744369269465,0.5841269841269842,0.8943987643885241,0.5224424528491697,0.6322361773345248,0.010305448098445788,0.010305448098445788,0.9061380953533424,0.9406571082088595,0.9509625563073053,C < C_match
2023-03-01,2023-02-28,RealEstate,1.034791849847502,0.1034791849847502,0.06542328434845061,0.054892217715595756,0.6222222222222222,0.8525350835276806,0.5304662741950013,0.6322361773345248,-0.010531066632854857,0.010531066632854857,1.1034791849847503,1.0654232843484506,1.0548922177155957,C < C_match
2023-03-01,2023-02-28,Tech,0.0487907293092862,0.004879072930928621,0.0030847264187866667,0.003994229389546967,0.946031746031746,0.8653463829875871,0.818645149620003,0.6322361773345248,0.0009095029707603002,0.0009095029707603002,1.0048790729309287,1.0030847264187868,1.003994229389547,C > C_match
2023-03-01,2023-02-28,Utilities,2.0,0.2,0.12644723546690495,0.12257043389732569,0.7047619047619048,0.8695875377850809,0.6128521694866285,0.6322361773345248,-0.003876801569579258,0.003876801569579258,1.2,1.1264472354669048,1.1225704338973257,C < C_match
2023-04-03,2023-03-31,Comm,0.1709270172673896,0.01709270172673896,0.01080662440003267,0.010726340603074574,0.746031746031746,0.8411695844364122,0.6275392137858948,0.6322361773345248,-8.028379695809544e-05,8.028379695809544e-05,1.017092701726739,1.0108066244000327,1.0107263406030746,C < C_match
2023-04-03,2023-03-31,Consumer,-1.2314346532384026,-0.12314346532384027,-0.07785575378007137,-0.09911055610183869,0.9650793650793652,0.8339605602224839,0.8048381279607464,0.6322361773345248,-0.021254802321767324,0.021254802321767324,0.8768565346761598,0.9221442462199286,0.9008894438981613,C > C_match
2023-04-03,2023-03-31,Energy,0.0882050594196183,0.00882050594196183,0.0055766429589024094,0.0073373835718529715,0.9365079365079364,0.8882521430278996,0.8318551815658107,0.6322361773345248,0.001760740612950562,0.001760740612950562,1.008820505941962,1.0055766429589024,1.0073373835718529,C > C_match
2023-04-03,2023-03-31,Financials,-1.6487452333665191,-0.16487452333665192,-0.10423963837421671,-0.13231922233535348,0.9206349206349206,0.8717299006442151,0.8025449878946741,0.6322361773345248,-0.028079583961136773,0.028079583961136773,0.835125476663348,0.8957603616257833,0.8676807776646465,C > C_match
2023-04-03,2023-03-31,Healthcare,-0.2334649394325963,-0.023346493943259633,-0.014760498084850105,-0.01807239181087331,0.8825396825396825,0.877121429675145,0.7740944680942549,0.6322361773345248,-0.003311893726023205,0.003311893726023205,0.9766535060567404,0.9852395019151499,0.9819276081891267,C > C_match
2023-04-03,2023-03-31,Industrials,1.4405483219097277,0.1440548321909728,0.09107667643098707,0.08453359886094997,0.692063492063492,0.8479213838805606,0.5868154339236895,0.6322361773345248,-0.006543077570037109,0.006543077570037109,1.1440548321909727,1.0910766764309872,1.08453359886095,C < C_match
2023-04-03,2023-03-31,Materials,-0.7724418610808526,-0.07724418610808526,-0.04883656894629242,-0.04531223152991861,0.6698412698412698,0.8757451639341073,0.5866102526669734,0.6322361773345248,0.003524337416373813,0.003524337416373813,0.9227558138919147,0.9511634310537076,0.9546877684700814,C < C_match
2023-04-03,2023-03-31,RealEstate,1.2442653511534976,0.12442653511534976,0.07866695692030874,0.07525944343638627,0.6952380952380952,0.8699903464678895,0.6048504313538661,0.6322361773345248,-0.0034075134839224724,0.0034075134839224724,1.1244265351153497,1.0786669569203087,1.0752594434363862,C < C_match
2023-04-03,2023-03-31,Tech,-0.2395098790074536,-0.02395098790074536,-0.0151426810337527,-0.0208775881970546,0.9682539682539684,0.9002592867917404,0.8716796268935899,0.6322361773345248,-0.005734907163301901,0.005734907163301901,0.9760490120992547,0.9848573189662473,0.9791224118029453,C > C_match
2023-04-03,2023-03-31,Utilities,1.1816508163755908,0.11816508163755908,0.0747082395089524,0.07492828779681449,0.7555555555555555,0.8392478666111554,0.6340983881062062,0.6322361773345248,0.00022004828786208186,0.00022004828786208186,1.118165081637559,1.0747082395089524,1.0749282877968145,C > C_match
2023-05-01,2023-04-28,Comm,-0.982283342595366,-0.0982283342595366,-0.06210350655818735,-0.06963353716895399,0.7777777777777778,0.9114359332042612,0.7088946147144254,0.6322361773345248,-0.007530030610766632,0.007530030610766632,0.9017716657404634,0.9378964934418127,0.930366462831046,C > C_match
2023-05-01,2023-04-28,Consumer,-0.4086981656318489,-0.04086981656318489,-0.02583937659227126,-0.034702058047862326,0.9682539682539684,0.8769266284194276,0.8490876878346839,0.6322361773345248,-0.008862681455591066,0.008862681455591066,0.9591301834368151,0.9741606234077287,0.9652979419521377,C > C_match
2023-05-01,2023-04-28,Energy,0.3144274648989977,0.031442746489899774,0.01987924184567278,0.026660864069443475,0.9428571428571428,0.8993067454247138,0.8479177885433016,0.6322361773345248,0.006781622223770694,0.006781622223770694,1.0314427464898999,1.0198792418456728,1.0266608640694435,C > C_match
2023-05-01,2023-04-28,Financials,-0.6039460519088649,-0.06039460519088649,-0.03818365431751392,-0.051010113468891866,0.9396825396825396,0.8988288129599373,0.8446137417020363,0.6322361773345248,-0.012826459151377943,0.012826459151377943,0.9396053948091135,0.9618163456824861,0.9489898865311082,C > C_match
2023-05-01,2023-04-28,Healthcare,-1.2923867278547976,-0.12923867278547976,-0.08170936444567921,-0.1029764215293172,0.9111111111111112,0.8745284924592419,0.7967926264628649,0.6322361773345248,-0.02126705708363799,0.02126705708363799,0.8707613272145203,0.9182906355543208,0.8970235784706828,C > C_match
2023-05-01,2023-04-28,Industrials,-0.1039694083853425,-0.01039694083853425,-0.006573322131728102,-0.0063567898889801515,0.707936507936508,0.8636503929316918,0.6114096432500549,0.6322361773345248,0.0002165322427479504,0.0002165322427479504,0.9896030591614657,0.9934266778682719,0.9936432101110199,C < C_match
2023-05-01,2023-04-28,Materials,-0.6595286348915224,-0.06595286348915223,-0.04169778629664735,-0.03940964543283342,0.6793650793650794,0.8795603670627412,0.5975425985759576,0.6322361773345248,0.002288140863813931,0.002288140863813931,0.9340471365108478,0.9583022137033527,0.9605903545671666,C < C_match
2023-05-01,2023-04-28,RealEstate,0.2784655937176106,0.02784655937176106,0.017605602249121097,0.017543476484304456,0.7206349206349206,0.8742362547691092,0.6300051740717072,0.6322361773345248,-6.212576481664026e-05,6.212576481664026e-05,1.0278465593717612,1.017605602249121,1.0175434764843045,C < C_match
2023-05-01,2023-04-28,Tech,1.3881717752286489,0.1388171775228649,0.08776524166542422,0.11928942748110119,0.9777777777777776,0.878857739438258,0.8593275674507411,0.6322361773345248,0.03152418581567697,0.03152418581567697,1.1388171775228648,1.0877652416654242,1.1192894274811012,C > C_match
2023-05-01,2023-04-28,Utilities,2.0,0.2,0.12644723546690495,0.13329627605705746,0.780952380952381,0.8534212796335996,0.6664813802852873,0.6322361773345248,0.006849040590152511,0.006849040590152511,1.2,1.1264472354669048,1.1332962760570575,C > C_match
2023-06-01,2023-05-31,Comm,0.4252282463651444,0.04252282463651444,0.026884468097656242,0.02891339169550289,0.7873015873015873,0.8636460822507682,0.679949931422827,0.6322361773345248,0.002028923597846649,0.002028923597846649,1.0425228246365144,1.0268844680976563,1.0289133916955029,C > C_match
2023-06-01,2023-05-31,Consumer,-0.9251978958390056,-0.09251978958390056,-0.05849435809431987,-0.07946238098835999,0.9682539682539684,0.8870286597525091,0.858869019760366,0.6322361773345248,-0.020968022894040123,0.020968022894040123,0.9074802104160995,0.9415056419056801,0.92053761901164,C > C_match
2023-06-01,2023-05-31,Energy,0.0759454369057949,0.007594543690579491,0.004801545271532011,0.006372029173155254,0.9301587301587302,0.9020258923699978,0.8390272586171725,0.6322361773345248,0.0015704839016232432,0.0015704839016232432,1.0075945436905795,1.004801545271532,1.0063720291731553,C > C_match
2023-06-01,2023-05-31,Financials,-1.7950106180693788,-0.1795010618069379,-0.11348706514430668,-0.15350327119834917,0.9777777777777776,0.8746019679608082,0.8551663686727903,0.6322361773345248,-0.04001620605404249,0.04001620605404249,0.8204989381930621,0.8865129348556933,0.8464967288016508,C > C_match
2023-06-01,2023-05-31,Healthcare,-0.3528259029376084,-0.035282590293760845,-0.022306930013787564,-0.02784866311101767,0.9301587301587302,0.8485683381198007,0.7893032478384178,0.6322361773345248,-0.005541733097230106,0.005541733097230106,0.9647174097062392,0.9776930699862124,0.9721513368889824,C > C_match
2023-06-01,2023-05-31,Industrials,0.2641907143271651,0.026419071432716514,0.016703092731348436,0.016324877171737383,0.7111111111111111,0.8689502422983221,0.617920172301029,0.6322361773345248,-0.00037821555961105313,0.00037821555961105313,1.0264190714327166,1.0167030927313485,1.0163248771717375,C < C_match
2023-06-01,2023-05-31,Materials,-0.7833005665419314,-0.07833005665419314,-0.04952309558944382,-0.04598697757679796,0.6603174603174603,0.8891062135663446,0.5870923568946022,0.6322361773345248,0.0035361180126458613,0.0035361180126458613,0.9216699433458069,0.9504769044105562,0.9540130224232021,C < C_match
2023-06-01,2023-05-31,RealEstate,0.7219195660685283,0.07219195660685283,0.04564236667941653,0.04501835193392436,0.6952380952380952,0.896947901927375,0.6235923508637939,0.6322361773345248,-0.0006240147454921671,0.0006240147454921671,1.0721919566068527,1.0456423666794166,1.0450183519339244,C < C_match
2023-06-01,2023-05-31,Tech,0.2900572018976176,0.02900572018976176,0.01833846565360982,0.025587544488211645,0.9746031746031746,0.9051428725110684,0.8821551170187238,0.6322361773345248,0.007249078834601824,0.007249078834601824,1.0290057201897618,1.0183384656536099,1.0255875444882117,C > C_match
2023-06-01,2023-05-31,Utilities,2.0,0.2,0.12644723546690495,0.1268906841084873,0.746031746031746,0.8504375637058191,0.6344534205424365,0.6322361773345248,0.00044344864158235575,0.00044344864158235575,1.2,1.1264472354669048,1.1268906841084874,C > C_match
2023-07-03,2023-06-30,Comm,0.1022245094176174,0.01022245094176174,0.006463003306409155,0.007293153758504836,0.8095238095238095,0.8813140790112626,0.7134447306281649,0.6322361773345248,0.0008301504520956812,0.0008301504520956812,1.0102224509417617,1.0064630033064093,1.0072931537585048,C > C_match
2023-07-03,2023-06-30,Consumer,-1.261819564826019,-0.12618195648260191,-0.0797767978151516,-0.1122535895887284,0.9746031746031746,0.912799006865974,0.8896168098662033,0.6322361773345248,-0.032476791773576805,0.032476791773576805,0.8738180435173981,0.9202232021848484,0.8877464104112716,C > C_match
2023-07-03,2023-06-30,Energy,-1.3265460092054115,-0.13265460092054115,-0.08386903779183986,-0.10882431365899238,0.926984126984127,0.884975650863294,0.8203583811177202,0.6322361773345248,-0.024955275867152515,0.024955275867152515,0.8673453990794588,0.9161309622081601,0.8911756863410076,C > C_match
2023-07-03,2023-06-30,Financials,-0.7403705971079163,-0.07403705971079164,-0.04680890761263886,-0.06341913074259727,0.9746031746031746,0.878907762971789,0.85658629597568,0.6322361773345248,-0.016610223129958405,0.016610223129958405,0.9259629402892083,0.9531910923873611,0.9365808692574027,C > C_match
2023-07-03,2023-06-30,Healthcare,0.3270397103111509,0.032703971031115095,0.020676633628371244,0.02549132044643082,0.9301587301587302,0.8379821667888919,0.7794564281560169,0.6322361773345248,0.004814686818059577,0.004814686818059577,1.032703971031115,1.0206766336283712,1.0254913204464309,C > C_match
2023-07-03,2023-06-30,Industrials,0.1276787067866066,0.01276787067866066,0.00807230975057798,0.008034937331922336,0.7301587301587301,0.861879867886794,0.6293091098855956,0.6322361773345248,-3.737241865564393e-05,3.737241865564393e-05,1.0127678706786607,1.008072309750578,1.0080349373319224,C < C_match
2023-07-03,2023-06-30,Materials,0.3011568727002557,0.030115687270025573,0.019040226997402977,0.016156562997563517,0.6444444444444445,0.8324740712218655,0.53648329034298,0.6322361773345248,-0.0028836639998394593,0.0028836639998394593,1.0301156872700257,1.019040226997403,1.0161565629975635,C < C_match
2023-07-03,2023-06-30,RealEstate,0.1890321046589889,0.018903210465898893,0.011951293524309896,0.011211960966039505,0.6761904761904762,0.877156240956835,0.5931246962660504,0.6322361773345248,-0.0007393325582703905,0.0007393325582703905,1.0189032104658988,1.0119512935243098,1.0112119609660395,C < C_match
2023-07-03,2023-06-30,Tech,-0.1313897074124669,-0.013138970741246689,-0.008306932635555974,-0.011847265315998152,0.9809523809523808,0.9191975186307942,0.9016889944663982,0.6322361773345248,-0.0035403326804421785,0.0035403326804421785,0.9868610292587533,0.9916930673644441,0.9881527346840019,C > C_match
2023-07-03,2023-06-30,Utilities,2.0,0.2,0.12644723546690495,0.12682566874988888,0.726984126984127,0.8722726125811135,0.6341283437494444,0.6322361773345248,0.0003784332829839254,0.0003784332829839254,1.2,1.1264472354669048,1.126825668749889,C > C_match
2023-08-01,2023-07-31,Comm,-0.5222392486466177,-0.05222392486466178,-0.0330178546218392,-0.03828260835314301,0.8317460317460318,0.8813355227228747,0.7330473236615657,0.6322361773345248,-0.005264753731303813,0.005264753731303813,0.9477760751353382,0.9669821453781609,0.961717391646857,C > C_match
2023-08-01,2023-07-31,Consumer,-0.0535430500461586,-0.00535430500461586,-0.0033851853284014464,-0.004647743854048207,0.9682539682539684,0.8964989656556951,0.8680386810317048,0.6322361773345248,-0.001262558525646761,0.001262558525646761,0.9946456949953841,0.9966148146715985,0.9953522561459518,C > C_match
2023-08-01,2023-07-31,Energy,-0.5528160580769808,-0.05528160580769808,-0.0349510311327731,-0.0460196435121911,0.9365079365079364,0.8888963810939677,0.832458515627684,0.6322361773345248,-0.011068612379418002,0.011068612379418002,0.944718394192302,0.9650489688672269,0.9539803564878089,C > C_match
2023-08-01,2023-07-31,Financials,-0.9120190446859056,-0.09120190446859056,-0.0576611434468502,-0.08034239345098901,0.9809523809523808,0.8980343163115881,0.880928900762796,0.6322361773345248,-0.022681250004138807,0.022681250004138807,0.9087980955314094,0.9423388565531498,0.919657606549011,C > C_match
2023-08-01,2023-07-31,Healthcare,-0.3583683880950591,-0.03583683880950591,-0.02265734597667556,-0.027899672188769098,0.9333333333333332,0.8341278670095525,0.7785193425422491,0.6322361773345248,-0.005242326212093539,0.005242326212093539,0.9641631611904941,0.9773426540233244,0.9721003278112309,C > C_match
2023-08-01,2023-07-31,Industrials,-0.4124797098691823,-0.041247970986918236,-0.02607845949957457,-0.025998331573452264,0.7301587301587301,0.8632281729566507,0.6302935866032687,0.6322361773345248,8.01279261223066e-05,8.01279261223066e-05,0.9587520290130818,0.9739215405004255,0.9740016684265478,C < C_match
2023-08-01,2023-07-31,Materials,-1.247360958714896,-0.1247360958714896,-0.07886267242942338,-0.0709413151062323,0.638095238095238,0.8912952347618074,0.5687312450384866,0.6322361773345248,0.007921357323191075,0.007921357323191075,0.8752639041285104,0.9211373275705766,0.9290586848937676,C < C_match
2023-08-01,2023-07-31,RealEstate,1.0769322803127808,0.10769322803127808,0.06808755481531054,0.06711035271302905,0.707936507936508,0.8802515880635717,0.6231622353592905,0.6322361773345248,-0.0009772021022814853,0.0009772021022814853,1.1076932280312781,1.0680875548153106,1.067110352713029,C < C_match
2023-08-01,2023-07-31,Tech,0.740311150916659,0.0740311150916659,0.0468051492093671,0.06598284657939454,0.984126984126984,0.90566089619661,0.8912853264157113,0.6322361773345248,0.019177697370027447,0.019177697370027447,1.074031115091666,1.046805149209367,1.0659828465793946,C > C_match
2023-08-01,2023-07-31,Utilities,2.0,0.2,0.12644723546690495,0.11922381485050233,0.6857142857142857,0.8693403166182461,0.5961190742525116,0.6322361773345248,-0.007223420616402618,0.007223420616402618,1.2,1.1264472354669048,1.1192238148505023,C < C_match
2023-09-01,2023-08-31,Comm,-0.7481062853385763,-0.07481062853385763,-0.04729798580823927,-0.05496912799897441,0.819047619047619,0.8971114338510323,0.7347769839160836,0.6322361773345248,-0.007671142190735142,0.007671142190735142,0.9251893714661423,0.9527020141917607,0.9450308720010256,C > C_match
2023-09-01,2023-08-31,Consumer,-0.6871458606786286,-0.06871458606786286,-0.04344384722266981,-0.060428335361083,0.9809523809523808,0.8964865339567283,0.8794105999766001,0.6322361773345248,-0.016984488138413197,0.016984488138413197,0.9312854139321372,0.9565561527773302,0.939571664638917,C > C_match
2023-09-01,2023-08-31,Energy,0.3019043335336266,0.03019043335336266,0.019087484175402746,0.024147661423723144,0.9396825396825396,0.8511861996331611,0.7998448098140181,0.6322361773345248,0.005060177248320398,0.005060177248320398,1.0301904333533627,1.0190874841754027,1.024147661423723,C > C_match
2023-09-01,2023-08-31,Financials,-1.9552305657685027,-0.1955230565768503,-0.12361674987090984,-0.16727653894784136,0.9809523809523808,0.8721458740889018,0.8555335717253036,0.6322361773345248,-0.04365978907693152,0.04365978907693152,0.8044769434231497,0.8763832501290901,0.8327234610521587,C > C_match
2023-09-01,2023-08-31,Healthcare,0.124638419226386,0.0124638419226386,0.007880091772070823,0.009779256740502812,0.9174603174603174,0.8551979021172762,0.7846101387679136,0.6322361773345248,0.0018991649684319892,0.0018991649684319892,1.0124638419226386,1.0078800917720707,1.0097792567405028,C > C_match
2023-09-01,2023-08-31,Industrials,-0.7117669721270456,-0.07117669721270457,-0.04500048296105726,-0.04659591781601404,0.7333333333333333,0.8927063269182822,0.6546513064067403,0.6322361773345248,-0.0015954348549567787,0.0015954348549567787,0.9288233027872954,0.9549995170389427,0.953404082183986,C > C_match
2023-09-01,2023-08-31,Materials,1.0504414168981,0.10504414168981001,0.06641270659335166,0.0609782105210012,0.6349206349206349,0.9142887935072108,0.5805008212744195,0.6322361773345248,-0.005434496072350463,0.005434496072350463,1.10504414168981,1.0664127065933517,1.0609782105210013,C < C_match
2023-09-01,2023-08-31,RealEstate,0.3718537185285494,0.03718537185285494,0.023509937353011844,0.023577007168511275,0.7301587301587301,0.8683589094107547,0.6340398386173763,0.6322361773345248,6.706981549943133e-05,6.706981549943133e-05,1.037185371852855,1.0235099373530119,1.0235770071685113,C > C_match
2023-09-01,2023-08-31,Tech,0.5137976326911432,0.05137976326911432,0.032484145121617666,0.04617027084065864,0.9936507936507936,0.9043499928627003,0.8986080881461118,0.6322361773345248,0.013686125719040973,0.013686125719040973,1.0513797632691144,1.0324841451216176,1.0461702708406586,C > C_match
2023-09-01,2023-08-31,Utilities,1.7396141630349429,0.1739614163034943,0.1099847008474211,0.10424946822098191,0.6952380952380952,0.8619604762688151,0.5992677596916524,0.6322361773345248,-0.005735232626439185,0.005735232626439185,1.1739614163034944,1.109984700847421,1.1042494682209818,C < C_match
2023-10-02,2023-09-29,Comm,-0.3589599186640075,-0.03589599186640075,-0.022694744679244403,-0.025674595608517894,0.8285714285714286,0.863232335859645,0.7152496497122773,0.6322361773345248,-0.0029798509292734907,0.0029798509292734907,0.9641040081335992,0.9773052553207556,0.9743254043914821,C > C_match
2023-10-02,2023-09-29,Consumer,-0.6290038039984046,-0.06290038039984046,-0.0397678960568826,-0.05405229979132389,0.9714285714285714,0.8846063085929963,0.8593318426331964,0.6322361773345248,-0.014284403734441294,0.014284403734441294,0.9370996196001595,0.9602321039431174,0.9459477002086761,C > C_match
2023-10-02,2023-09-29,Energy,0.0792056623551033,0.00792056623551033,0.005007668519063958,0.00619715261467494,0.9333333333333332,0.8382994568112715,0.7824128263571868,0.6322361773345248,0.001189484095610982,0.001189484095610982,1.0079205662355104,1.0050076685190639,1.006197152614675,C > C_match
2023-10-02,2023-09-29,Financials,0.2133339630758866,0.02133339630758866,0.01348774493107232,0.01829758727842859,0.9777777777777776,0.877189982548621,0.8576968718253183,0.6322361773345248,0.00480984234735627,0.00480984234735627,1.0213333963075886,1.0134877449310724,1.0182975872784286,C > C_match
2023-10-02,2023-09-29,Healthcare,-1.47013365729496,-0.147013365729496,-0.09294716836589897,-0.11287781840012166,0.923809523809524,0.8311307518857312,0.7678065041230088,0.6322361773345248,-0.01993065003422269,0.01993065003422269,0.852986634270504,0.907052831634101,0.8871221815998783,C > C_match
2023-10-02,2023-09-29,Industrials,0.5376124340204935,0.05376124340204935,0.03398980301726262,0.035039507655291055,0.7492063492063492,0.8699358759367322,0.6517614816541867,0.6322361773345248,0.0010497046380284342,0.0010497046380284342,1.0537612434020494,1.0339898030172625,1.035039507655291,C > C_match
2023-10-02,2023-09-29,Materials,-1.3425952770517111,-0.1342595277051711,-0.0848837305670561,-0.0767197789283786,0.6507936507936508,0.8780493391258514,0.5714289349866652,0.6322361773345248,0.008163951638677502,0.008163951638677502,0.8657404722948289,0.9151162694329439,0.9232802210716214,C < C_match
2023-10-02,2023-09-29,RealEstate,2.0,0.2,0.12644723546690495,0.12614900834838302,0.7714285714285715,0.8176324615172972,0.630745041741915,0.6322361773345248,-0.0002982271185219265,0.0002982271185219265,1.2,1.1264472354669048,1.126149008348383,C < C_match
2023-10-02,2023-09-29,Tech,-0.0731381385891072,-0.00731381385891072,-0.004624057715893983,-0.006594140461860162,0.9936507936507936,0.9073618323767296,0.9016008048695756,0.6322361773345248,-0.001970082745966179,0.001970082745966179,0.9926861861410893,0.995375942284106,0.9934058595381399,C > C_match
2023-10-02,2023-09-29,Utilities,1.0053630446281472,0.10053630446281472,0.0635626888169099,0.06391732231839624,0.7428571428571429,0.8558356081865796,0.6357635946528877,0.6322361773345248,0.00035463350148633166,0.00035463350148633166,1.1005363044628147,1.0635626888169099,1.0639173223183962,C > C_match
2023-11-01,2023-10-31,Comm,-1.1405372606631343,-0.11405372606631344,-0.07210889177892504,-0.08043862975070777,0.7841269841269841,0.8994329352962558,0.705269634978334,0.6322361773345248,-0.008329737971782727,0.008329737971782727,0.8859462739336865,0.927891108221075,0.9195613702492922,C > C_match
2023-11-01,2023-10-31,Consumer,-0.1355439084723545,-0.013554390847235451,-0.008569576255354212,-0.011756318982477868,0.9809523809523808,0.8841855865043878,0.8673439562852566,0.6322361773345248,-0.0031867427271236558,0.0031867427271236558,0.9864456091527646,0.9914304237446457,0.9882436810175221,C > C_match
2023-11-01,2023-10-31,Energy,0.0489854467014821,0.00489854467014821,0.0030970371567569147,0.003958307417552852,0.9015873015873016,0.8962613348647803,0.8080578384177702,0.6322361773345248,0.0008612702607959373,0.0008612702607959373,1.0048985446701482,1.003097037156757,1.0039583074175529,C > C_match
2023-11-01,2023-10-31,Financials,-0.7961151483310354,-0.07961151483310354,-0.0503332798098922,-0.06756054831367887,0.946031746031746,0.8970395011671684,0.8486278455486227,0.6322361773345248,-0.017227268503786676,0.017227268503786676,0.9203884851668964,0.9496667201901078,0.9324394516863211,C > C_match
2023-11-01,2023-10-31,Healthcare,-0.0185789397412966,-0.00185789397412966,-0.0011746277840965847,-0.0014830558319367084,0.923809523809524,0.864080371289798,0.7982456763343848,0.6322361773345248,-0.0003084280478401237,0.0003084280478401237,0.9981421060258704,0.9988253722159034,0.9985169441680632,C > C_match
2023-11-01,2023-10-31,Industrials,-1.1830917767228857,-0.11830917767228857,-0.07479934223511883,-0.08222672120932453,0.8095238095238095,0.8585486521142041,0.6950155755210223,0.6322361773345248,-0.007427378974205701,0.007427378974205701,0.8816908223277115,0.9252006577648811,0.9177732787906755,C > C_match
2023-11-01,2023-10-31,Materials,-0.7913764788592678,-0.07913764788592678,-0.05003368398264398,-0.04597363417786421,0.6571428571428571,0.8840277663747824,0.5809325321891428,0.6322361773345248,0.004060049804779774,0.004060049804779774,0.9208623521140732,0.949966316017356,0.9540263658221357,C < C_match
2023-11-01,2023-10-31,RealEstate,1.778824073991027,0.17788240739910272,0.11246369326907128,0.11146711460883177,0.7492063492063492,0.8363967020754771,0.6266337196501988,0.6322361773345248,-0.0009965786602395138,0.0009965786602395138,1.1778824073991028,1.1124636932690712,1.1114671146088317,C < C_match
2023-11-01,2023-10-31,Tech,0.6997867385029021,0.0699786738502902,0.04424304925004695,0.061109297891573655,0.9904761904761904,0.8816527078859667,0.8732560154299099,0.6322361773345248,0.016866248641526707,0.016866248641526707,1.06997867385029,1.044243049250047,1.0611092978915737,C > C_match
2023-11-01,2023-10-31,Utilities,1.5376472535945622,0.15376472535945623,0.09721562217015567,0.10081787878498359,0.7555555555555555,0.8677895888782188,0.6556632449302098,0.6322361773345248,0.003602256614827923,0.003602256614827923,1.1537647253594563,1.0972156221701557,1.1008178787849836,C > C_match
2023-12-01,2023-11-30,Comm,-0.7041932624667588,-0.07041932624667589,-0.04452164563667113,-0.048868239121918504,0.780952380952381,0.8886081076987703,0.6939606174409444,0.6322361773345248,-0.004346593485247373,0.004346593485247373,0.9295806737533241,0.9554783543633288,0.9511317608780815,C > C_match
2023-12-01,2023-11-30,Consumer,-1.074406233290479,-0.1074406233290479,-0.0679278489839958,-0.09333368828984866,0.9809523809523808,0.8855681395801444,0.868700175016713,0.6322361773345248,-0.025405839305852856,0.025405839305852856,0.8925593766709521,0.9320721510160042,0.9066663117101513,C > C_match
2023-12-01,2023-11-30,Energy,0.1253384403030615,0.012533844030306149,0.007924349637027912,0.010152514425413803,0.9015873015873016,0.8984244095687052,0.8100080391032136,0.6322361773345248,0.002228164788385891,0.002228164788385891,1.0125338440303062,1.0079243496370278,1.0101525144254138,C > C_match
2023-12-01,2023-11-30,Financials,-1.0909038001592066,-0.10909038001592067,-0.06897088484523632,-0.08705294539867948,0.9047619047619048,0.8819880664210791,0.7979892029524048,0.6322361773345248,-0.018082060553443163,0.018082060553443163,0.8909096199840794,0.9310291151547637,0.9129470546013205,C > C_match
2023-12-01,2023-11-30,Healthcare,-0.5825172506636662,-0.058251725066366625,-0.036828847979101346,-0.046836068880327854,0.926984126984127,0.8673599148277711,0.8040288734276482,0.6322361773345248,-0.010007220901226507,0.010007220901226507,0.9417482749336333,0.9631711520208986,0.9531639311196721,C > C_match
2023-12-01,2023-11-30,Industrials,-0.4705572969158975,-0.04705572969158975,-0.029750334661897398,-0.03580105852592218,0.873015873015873,0.8714876060657752,0.760822513232026,0.6322361773345248,-0.00605072386402478,0.00605072386402478,0.9529442703084102,0.9702496653381026,0.9641989414740778,C > C_match
2023-12-01,2023-11-30,Materials,0.5318523831235681,0.05318523831235681,0.03362563176123018,0.03262499725484839,0.7015873015873015,0.8743345784539343,0.6134220375819666,0.6322361773345248,-0.001000634506381791,0.001000634506381791,1.0531852383123568,1.0336256317612302,1.0326249972548485,C < C_match
2023-12-01,2023-11-30,RealEstate,-0.2107877713249202,-0.02107877713249202,-0.01332676547713315,-0.013381744754069079,0.7238095238095238,0.8770877321332505,0.6348444537345432,0.6322361773345248,-5.497927693592919e-05,5.497927693592919e-05,0.9789212228675079,0.9866732345228668,0.9866182552459309,C > C_match
2023-12-01,2023-11-30,Tech,1.4109500239363857,0.14109500239363856,0.08920536495435967,0.12617895521314407,0.9968253968253968,0.8971316975948568,0.894283660459635,0.6322361773345248,0.0369735902587844,0.0369735902587844,1.1410950023936386,1.0892053649543596,1.126178955213144,C > C_match
2023-12-01,2023-11-30,Utilities,2.0,0.2,0.12644723546690495,0.12664965669359662,0.7333333333333333,0.8635203865472497,0.6332482834679831,0.6322361773345248,0.00020242122669167362,0.00020242122669167362,1.2,1.1264472354669048,1.1266496566935966,C > C_match
