date,gross_return,turnover,transaction_cost,net_return,missing_return_asset_count,base_method,overlay,tilt_strength,growth_net,drawdown_net
2021-01-04,-0.0053483794936716,1.0,0.0009999999999999,-0.0063483794936716,0,Maximum Sharpe,Base,0.1,0.9936516205063284,0.0
2021-01-05,0.0058114739943285,0.0,0.0,0.0058114739943285,0,Maximum Sharpe,Base,0.1,0.9994262010583234,0.0
2021-01-06,-0.0118148510017291,0.0,0.0,-0.0118148510017291,0,Maximum Sharpe,Base,0.1,0.9876181294055952,-0.011814851001729
2021-01-07,0.0212443763213252,0.0,0.0,0.0212443763213252,0,Maximum Sharpe,Base,0.1,1.008599460608451,0.0
2021-01-08,-0.0003732078872741,0.0,0.0,-0.0003732078872741,0,Maximum Sharpe,Base,0.1,1.0082230433346515,-0.000373207887274
2021-01-11,-0.0037094234660341,0.0,0.0,-0.0037094234660341,0,Maximum Sharpe,Base,0.1,1.0044831171187096,-0.0040812469672134
2021-01-12,-0.0170853911858092,0.0,0.0,-0.0170853911858092,0,Maximum Sharpe,Base,0.1,0.9873211301231954,-0.0210969084520619
2021-01-13,-0.0009006364059731,0.0,0.0,-0.0009006364059731,0,Maximum Sharpe,Base,0.1,0.98643191276902,-0.0219785442142296
2021-01-14,-0.0147422602180775,0.0,0.0,-0.0147422602180775,0,Maximum Sharpe,Base,0.1,0.9718896768235632,-0.0363967910142865
2021-01-15,-0.0048757737919682,0.0,0.0,-0.0048757737919682,0,Maximum Sharpe,Base,0.1,0.9671509626086224,-0.0410951022865154
2021-01-19,0.0096925165676853,0.0,0.0,0.0096925165676853,0,Maximum Sharpe,Base,0.1,0.9765250893371592,-0.0318009006785929
2021-01-20,0.0275301199253079,0.0,0.0,0.0275301199253079,0,Maximum Sharpe,Base,0.1,1.0034089421566832,-0.0051462633626995
2021-01-21,-0.0014035357738143,0.0,0.0,-0.0014035357738143,0,Maximum Sharpe,Base,0.1,1.002000621810601,-0.0065425761717828
2021-01-22,-0.0055762497253562,0.0,0.0,-0.0055762497253562,0,Maximum Sharpe,Base,0.1,0.9964132161184228,-0.0120823428585581
2021-01-25,0.0016174043228858,0.0,0.0,0.0016174043228858,0,Maximum Sharpe,Base,0.1,0.9980248191615532,-0.0104844805692424
2021-01-26,-0.008065195330656,0.0,0.0,-0.008065195330656,0,Maximum Sharpe,Base,0.1,0.9899755540501728,-0.0184651165161668
2021-01-27,-0.0403756300161987,0.0,0.0,-0.0403756300161987,0,Maximum Sharpe,Base,0.1,0.9500046673547616,-0.0580952058197028
2021-01-28,0.0207768113696774,0.0,0.0,0.0207768113696774,0,Maximum Sharpe,Base,0.1,0.9697427351287048,-0.038525427582824
2021-01-29,-0.0064972480375489,0.0,0.0,-0.0064972480375489,0,Maximum Sharpe,Base,0.1,0.9634420760459624,-0.0447723663616146
2021-02-01,0.0033181110756394,0.5720122118898002,0.0005720122118898,0.0027460988637496,0,Maximum Sharpe,Base,0.1,0.966087783236281,-0.0421492168422579
2021-02-02,0.023522880595699,0.0,0.0,0.023522880595699,0,Maximum Sharpe,Base,0.1,0.9888129508063116,-0.0196178072415414
2021-02-03,-0.0122912762554417,0.0,0.0,-0.0122912762554417,0,Maximum Sharpe,Base,0.1,0.9766591776629928,-0.0316679556086514
2021-02-04,-0.0061934738489433,0.0,0.0,-0.0061934738489433,0,Maximum Sharpe,Base,0.1,0.9706102645868064,-0.0376652948026831
2021-02-05,0.0032652044123416,0.0,0.0,0.0032652044123416,0,Maximum Sharpe,Base,0.1,0.9737795055053992,-0.0345230752771235
2021-02-08,0.0249675639557678,0.0,0.0,0.0249675639557678,0,Maximum Sharpe,Base,0.1,0.9980924075879212,-0.0104174684112869
2021-02-09,-0.018733349297651,0.0,0.0,-0.018733349297651,0,Maximum Sharpe,Base,0.1,0.9793947938852432,-0.0289556636343921
2021-02-10,0.0016857547871644,0.0,0.0,0.0016857547871644,0,Maximum Sharpe,Base,0.1,0.9810458133475594,-0.0273187209958147
2021-02-11,0.0015976012212789,0.0,0.0,0.0015976012212789,0,Maximum Sharpe,Base,0.1,0.982613133337094,-0.0257647641965624
2021-02-12,0.0021188883180879,0.0,0.0,0.0021188883180879,0,Maximum Sharpe,Base,0.1,0.984695180826522,-0.0237004685363488
2021-02-16,-0.0038224934127902,0.0,0.0,-0.0038224934127902,0,Maximum Sharpe,Base,0.1,0.9809311899842064,-0.0274323670642788
2021-02-17,-0.0133616781049038,0.0,0.0,-0.0133616781049038,0,Maximum Sharpe,Base,0.1,0.967824303180577,-0.0404275027108143
2021-02-18,-0.0007831396255516,0.0,0.0,-0.0007831396255516,0,Maximum Sharpe,Base,0.1,0.9670663616181844,-0.0411789819570309
2021-02-19,-0.0011966497468139,0.0,0.0,-0.0011966497468139,0,Maximum Sharpe,Base,0.1,0.9659091219014015,-0.042326354885512
2021-02-22,-0.018215354571229,0.0,0.0,-0.018215354571229,0,Maximum Sharpe,Base,0.1,0.9483147447623832,-0.0597707198947937
2021-02-23,-0.0120768934137413,0.0,0.0,-0.0120768934137413,0,Maximum Sharpe,Base,0.1,0.9368620486672086,-0.071125768695103
2021-02-24,0.0160214574342876,0.0,0.0,0.0160214574342876,0,Maximum Sharpe,Base,0.1,0.9518719441017296,-0.056243849736445
2021-02-25,-0.0341095291569042,0.0,0.0,-0.0341095291569042,0,Maximum Sharpe,Base,0.1,0.9194040402707526,-0.0884349276608674
2021-02-26,0.0047125454712844,0.0,0.0,0.0047125454712844,0,Maximum Sharpe,Base,0.1,0.9237367736170112,-0.0841391358074347
2021-03-01,0.0180614698156921,1.237834633723529,0.0012378346337235,0.0168236351819686,0,Maximum Sharpe,Base,0.1,0.9392773841005124,-0.0687310267508165
2021-03-02,-0.007065430052251,0.0,0.0,-0.007065430052251,0,Maximum Sharpe,Base,0.1,0.932640985443489,-0.0753108425411401
2021-03-03,-0.0208993816158224,0.0,0.0,-0.0208993816158224,0,Maximum Sharpe,Base,0.1,0.9131493655781489,-0.0946362741188862
2021-03-04,-0.0188961093282871,0.0,0.0,-0.0188961093282871,0,Maximum Sharpe,Base,0.1,0.8958943953331281,-0.111744126065001
2021-03-05,0.0137407824464482,0.0,0.0,0.0137407824464482,0,Maximum Sharpe,Base,0.1,0.908204685314393,-0.0995387953444804
2021-03-08,-0.027958355131107,0.0,0.0,-0.027958355131107,0,Maximum Sharpe,Base,0.1,0.8828127761906379,-0.1247142094860238
2021-03-09,0.0189361326998807,0.0,0.0,0.0189361326998807,0,Maximum Sharpe,Base,0.1,0.8995298360697339,-0.1081396816065312
2021-03-10,0.0015946000945272,0.0,0.0,0.0015946000945272,0,Maximum Sharpe,Base,0.1,0.9009642264313608,-0.1067175210585158
2021-03-11,0.0169346734710883,0.0,0.0,0.0169346734710883,0,Maximum Sharpe,Base,0.1,0.9162217614151076,-0.0915900739601975
2021-03-12,0.0117884025371426,0.0,0.0,0.0117884025371426,0,Maximum Sharpe,Base,0.1,0.9270225523519589,-0.0808813720833043
2021-03-15,-0.0059947225561813,0.0,0.0,-0.0059947225561813,0,Maximum Sharpe,Base,0.1,0.9214653093472858,-0.0863912332538829
2021-03-16,0.0028783158640225,0.0,0.0,0.0028783158640225,0,Maximum Sharpe,Base,0.1,0.9241175775653266,-0.0837615786470473
2021-03-17,-0.001706296830353,0.0,0.0,-0.001706296830353,0,Maximum Sharpe,Base,0.1,0.9225407586718534,-0.0853249533612495
2021-03-18,-0.0119583029282121,0.0,0.0,-0.0119583029282121,0,Maximum Sharpe,Base,0.1,0.9115087368160328,-0.0962629146498322
2021-03-19,-0.0028129380226505,0.0,0.0,-0.0028129380226505,0,Maximum Sharpe,Base,0.1,0.9089447192322648,-0.098805071059693
2021-03-22,0.010586952036243,0.0,0.0,0.010586952036243,0,Maximum Sharpe,Base,0.1,0.9185676733783732,-0.0892641635716965
2021-03-23,-0.0094343894908751,0.0,0.0,-0.0094343894908751,0,Maximum Sharpe,Base,0.1,0.9099015481739948,-0.097856400175859
2021-03-24,-0.0054830535782777,0.0,0.0,-0.0054830535782777,0,Maximum Sharpe,Base,0.1,0.9049125092343988,-0.1028029018689952
2021-03-25,0.0083309940874151,0.0,0.0,0.0083309940874151,0,Maximum Sharpe,Base,0.1,0.9124513299984588,-0.0953283581492197
2021-03-26,0.0260706428171679,0.0,0.0,0.0260706428171679,0,Maximum Sharpe,Base,0.1,0.9362395227108984,-0.0717429869077069
2021-03-29,0.0057409269766244,0.0,0.0,0.0057409269766244,0,Maximum Sharpe,Base,0.1,0.9416144054434116,-0.0664139311800047
2021-03-30,0.0055540821889146,0.0,0.0,0.0055540821889146,0,Maximum Sharpe,Base,0.1,0.94684420924151,-0.0612287174233526
2021-03-31,0.003214098289228,0.0,0.0,0.003214098289228,0,Maximum Sharpe,Base,0.1,0.9498874595945987,-0.0582114142500466
2021-04-01,0.008386872561905,1.3807851651539422,0.0013807851651539,0.007006087396751,0,Maximum Sharpe,Base,0.1,0.9565424541535964,-0.0516131611090199
2021-04-05,0.0027148203804512,0.0,0.0,0.0027148203804512,0,Maximum Sharpe,Base,0.1,0.9591392951028994,-0.049038461190247
2021-04-06,-0.0002143876355961,0.0,0.0,-0.0002143876355961,0,Maximum Sharpe,Base,0.1,0.9589336674972148,-0.0492423355860953
2021-04-07,-0.0031142105432106,0.0,0.0,-0.0031142105432106,0,Maximum Sharpe,Base,0.1,0.9559473461596556,-0.0522031951286513
2021-04-08,0.0024357840485069,0.0,0.0,0.0024357840485069,0,Maximum Sharpe,Base,0.1,0.9582758274566436,-0.0498945667901198
2021-04-09,0.0057467784229778,0.0,0.0,0.0057467784229778,0,Maximum Sharpe,Base,0.1,0.9637828263051328,-0.0444345213869952
2021-04-12,0.0028961883653922,0.0,0.0,0.0028961883653922,0,Maximum Sharpe,Base,0.1,0.9665741229134426,-0.0416670237654658
2021-04-13,-0.0034043320963693,0.0,0.0,-0.0034043320963693,0,Maximum Sharpe,Base,0.1,0.9632835836032884,-0.0449295074754703
2021-04-14,0.0006102487956203,0.0,0.0,0.0006102487956203,0,Maximum Sharpe,Base,0.1,0.963871426250023,-0.0443466768576746
2021-04-15,0.0082964572874945,0.0,0.0,0.0082964572874945,0,Maximum Sharpe,Base,0.1,0.9718681443685429,-0.036418139880572
2021-04-16,-0.0012986152712947,0.0,0.0,-0.0012986152712947,0,Maximum Sharpe,Base,0.1,0.970606061554581,-0.0376694619992657
2021-04-19,-0.0016767770299496,0.0,0.0,-0.0016767770299496,0,Maximum Sharpe,Base,0.1,0.9689785716054364,-0.0392830757406045
2021-04-20,-0.0109744743573282,0.0,0.0,-0.0109744743573282,0,Maximum Sharpe,Base,0.1,0.958344541118552,-0.0498264389905405
2021-04-21,0.0104098358900004,0.0,0.0,0.0104098358900004,0,Maximum Sharpe,Base,0.1,0.968320750517674,-0.0399352881534146
2021-04-22,-0.0115391320282894,0.0,0.0,-0.0115391320282894,0,Maximum Sharpe,Base,0.1,0.9571471695317182,-0.0510136016191139
2021-04-23,0.0101808534702077,0.0,0.0,0.0101808534702077,0,Maximum Sharpe,Base,0.1,0.9668917446141446,-0.041352110151978
2021-04-26,0.0059066096298761,0.0,0.0,0.0059066096298761,0,Maximum Sharpe,Base,0.1,0.9726027967039302,-0.0356897512941413
2021-04-27,0.0077353039035895,0.0,0.0,0.0077353039035895,0,Maximum Sharpe,Base,0.1,0.9801261749139162,-0.0282305184630555
2021-04-28,0.0046302169798014,0.0,0.0,0.0046302169798014,0,Maximum Sharpe,Base,0.1,0.9846643717713504,-0.0237310149091904
2021-04-29,0.008498506541677,0.0,0.0,0.008498506541677,0,Maximum Sharpe,Base,0.1,0.9930325483762056,-0.0154341865529596
2021-04-30,-0.005906760905954,0.0,0.0,-0.005906760905954,0,Maximum Sharpe,Base,0.1,0.9871669425411173,-0.0212497814091674
2021-05-03,0.0060152780633493,1.2292848097060576,0.001229284809706,0.0047859932536433,0,Maximum Sharpe,Base,0.1,0.9918915168683388,-0.0165654894659897
2021-05-04,0.002311852983038,0.0,0.0,0.002311852983038,0,Maximum Sharpe,Base,0.1,0.9941846242304608,-0.0142919334591893
2021-05-05,0.0052558081086299,0.0,0.0,0.0052558081086299,0,Maximum Sharpe,Base,0.1,0.9994098678399664,-0.0091112410103221
2021-05-06,0.0051675033254821,0.0,0.0,0.0051675033254821,0,Maximum Sharpe,Base,0.1,1.0045743216555492,-0.00399082005306
2021-05-07,0.0097527685057344,0.0,0.0,0.0097527685057344,0,Maximum Sharpe,Base,0.1,1.014371702461461,0.0
2021-05-10,-0.0042951302054193,0.0,0.0,-0.0042951302054193,0,Maximum Sharpe,Base,0.1,1.010014843922696,-0.0042951302054194
2021-05-11,-0.0101499142706989,0.0,0.0,-0.0101499142706989,0,Maximum Sharpe,Base,0.1,0.9997632798447472,-0.0144014492727519
2021-05-12,-0.0152822875861366,0.0,0.0,-0.0152822875861366,0,Maximum Sharpe,Base,0.1,0.9844846098841006,-0.0294636497694451
2021-05-13,0.0123251752224436,0.0,0.0,0.0123251752224436,0,Maximum Sharpe,Base,0.1,0.9966185552047212,-0.0175016191931027
2021-05-14,0.0107687012047859,0.0,0.0,0.0107687012047859,0,Maximum Sharpe,Base,0.1,1.0073508426408662,-0.0069213876960073
2021-05-17,0.0056389631376843,0.0,0.0,0.0056389631376843,0,Maximum Sharpe,Base,0.1,1.0130312569092332,-0.0013214540084024
2021-05-18,-0.0084916760791989,0.0,0.0,-0.0084916760791989,0,Maximum Sharpe,Base,0.1,1.0044289236174562,-0.0098019087282085
2021-05-19,0.0036935708693364,0.0,0.0,0.0036935708693364,0,Maximum Sharpe,Base,0.1,1.0081388530300486,-0.0061445419034145
2021-05-20,0.0085830497552493,0.0,0.0,0.0085830497552493,0,Maximum Sharpe,Base,0.1,1.016791758965805,0.0
2021-05-21,0.0017557994644855,0.0,0.0,0.0017557994644855,0,Maximum Sharpe,Base,0.1,1.0185770413916908,0.0
2021-05-24,0.0087898476654862,0.0,0.0,0.0087898476654862,0,Maximum Sharpe,Base,0.1,1.0275301784210853,0.0
2021-05-25,-0.0054555613964559,0.0,0.0,-0.0054555613964559,0,Maximum Sharpe,Base,0.1,1.0219244244459975,-0.0054555613964559
2021-05-26,0.0047552326292371,0.0,0.0,0.0047552326292371,0,Maximum Sharpe,Base,0.1,1.0267839128137377,-0.000726271230782
2021-05-27,8.883070841127417e-05,0.0,0.0,8.883070841127417e-05,0,Maximum Sharpe,Base,0.1,1.0268751227560982,-0.0006375050375587
2021-05-28,0.0077768627097828,0.0,0.0,0.0077768627097828,0,Maximum Sharpe,Base,0.1,1.0348609896058636,0.0
2021-06-01,0.0098255702863559,0.4118674117865929,0.0004118674117865,0.0094137028745693,0,Maximum Sharpe,Base,0.1,1.044602863478496,0.0
2021-06-02,-0.0054683324239774,0.0,0.0,-0.0054683324239774,0,Maximum Sharpe,Base,0.1,1.0388906277699568,-0.0054683324239775
2021-06-03,0.0046803592681733,0.0,0.0,0.0046803592681733,0,Maximum Sharpe,Base,0.1,1.0437530091482583,-0.000813566916146
2021-06-04,0.0066206743432225,0.0,0.0,0.0066206743432225,0,Maximum Sharpe,Base,0.1,1.0506633579165878,0.0
2021-06-07,-0.0005229452189106,0.0,0.0,-0.0005229452189106,0,Maximum Sharpe,Base,0.1,1.0501139185368806,-0.0005229452189107
2021-06-08,0.0001814044135833,0.0,0.0,0.0001814044135833,0,Maximum Sharpe,Base,0.1,1.0503044138364686,-0.0003416356698981
2021-06-09,-0.0153560589075828,0.0,0.0,-0.0153560589075828,0,Maximum Sharpe,Base,0.1,1.0341758773867014,-0.0156924484000091
2021-06-10,-0.0031589010290959,0.0,0.0,-0.0031589010290959,0,Maximum Sharpe,Base,0.1,1.0309090181433582,-0.0188017785377053
2021-06-11,0.000745902505942,0.0,0.0,0.000745902505942,0,Maximum Sharpe,Base,0.1,1.0316779757633898,-0.0180699003254906
2021-06-14,-0.0081568939879559,0.0,0.0,-0.0081568939879559,0,Maximum Sharpe,Base,0.1,1.0232626878853788,-0.0260794000521187
2021-06-15,-0.0055310106719506,0.0,0.0,-0.0055310106719506,0,Maximum Sharpe,Base,0.1,1.0176030110384755,-0.0314661652840631
2021-06-16,-0.0101395524426706,0.0,0.0,-0.0101395524426706,0,Maximum Sharpe,Base,0.1,1.0072849719422317,-0.0412866648936661
2021-06-17,-0.0137417653350985,0.0,0.0,-0.0137417653350985,0,Maximum Sharpe,Base,0.1,0.9934430982322302,-0.054461078568327
2021-06-18,-0.0071937086808041,0.0,0.0,-0.0071937086808041,0,Maximum Sharpe,Base,0.1,0.986296557992592,-0.0612630101154682
2021-06-21,0.0208233221237576,0.0,0.0,0.0208233221237576,0,Maximum Sharpe,Base,0.1,1.006834528929225,-0.0417153873856159
2021-06-22,0.0018262647973422,0.0,0.0,0.0018262647973422,0,Maximum Sharpe,Base,0.1,1.0086732753861574,-0.0399653059317636
2021-06-23,-0.0010760172240848,0.0,0.0,-0.0010760172240848,0,Maximum Sharpe,Base,0.1,1.0075879255683675,-0.0409983197983
2021-06-24,0.0112880407117092,0.0,0.0,0.0112880407117092,0,Maximum Sharpe,Base,0.1,1.01896161909281,-0.0301730697895857
2021-06-25,-0.0006036112157116,0.0,0.0,-0.0006036112157116,0,Maximum Sharpe,Base,0.1,1.018346562431146,-0.0307584682019598
2021-06-28,0.000959554631734,0.0,0.0,0.000959554631734,0,Maximum Sharpe,Base,0.1,1.0193237215918374,-0.029828428000854
2021-06-29,0.0064780503686498,0.0,0.0,0.0064780503686498,0,Maximum Sharpe,Base,0.1,1.025926952002269,-0.0235436076912113
2021-06-30,0.0038884905139222,0.0,0.0,0.0038884905139222,0,Maximum Sharpe,Base,0.1,1.0299162592231068,-0.0197466662724599
2021-07-01,0.0018368782752661,0.971673006632706,0.0009716730066327,0.0008652052686334,0,Maximum Sharpe,Base,0.1,1.030807348196838,-0.0188985459235232
2021-07-02,0.0046762503424058,0.0,0.0,0.0046762503424058,0,Maximum Sharpe,Base,0.1,1.035627661411798,-0.0143106699129633
2021-07-06,-0.0019436663952865,0.0,0.0,-0.0019436663952865,0,Maximum Sharpe,Base,0.1,1.0336147467282826,-0.0162265211400459
2021-07-07,0.0014368991852658,0.0,0.0,0.0014368991852658,0,Maximum Sharpe,Base,0.1,1.0350999469157351,-0.0148129378297861
2021-07-08,-0.0112623510025903,0.0,0.0,-0.0112623510025903,0,Maximum Sharpe,Base,0.1,1.0234422879908076,-0.0259084603271576
2021-07-09,0.0189495787629545,0.0,0.0,0.0189495787629545,0,Maximum Sharpe,Base,0.1,1.0428360882364278,-0.0074498359737995
2021-07-12,0.0089099148017965,0.0,0.0,0.0089099148017965,0,Maximum Sharpe,Base,0.1,1.052127668934853,0.0
2021-07-13,-0.0120242838543058,0.0,0.0,-0.0120242838543058,0,Maximum Sharpe,Base,0.1,1.0394765871926115,-0.0120242838543058
2021-07-14,-0.0009731167096448,0.0,0.0,-0.0009731167096448,0,Maximum Sharpe,Base,0.1,1.0384650551563297,-0.0129856995324106
2021-07-15,-0.0043051104719085,0.0,0.0,-0.0043051104719085,0,Maximum Sharpe,Base,0.1,1.0339943483726652,-0.0172349051332769
2021-07-16,-0.0143916204896027,0.0,0.0,-0.0143916204896027,0,Maximum Sharpe,Base,0.1,1.0191134941224915,-0.0313784874090273
2021-07-19,-0.0132899034910249,0.0,0.0,-0.0132899034910249,0,Maximum Sharpe,Base,0.1,1.0055695741392026,-0.044251373830692
2021-07-20,0.0159390679331663,0.0,0.0,0.0159390679331663,0,Maximum Sharpe,Base,0.1,1.0215974158929324,-0.0290176315511491
2021-07-21,0.0093636839566962,0.0,0.0,0.0093636839566962,0,Maximum Sharpe,Base,0.1,1.0311633312263313,-0.0199256595254697
2021-07-22,0.0022188623529177,0.0,0.0,0.0022188623529177,0,Maximum Sharpe,Base,0.1,1.0334513407216988,-0.0177510094683299
2021-07-23,0.0072912785740427,0.0,0.0,0.0072912785740427,0,Maximum Sharpe,Base,0.1,1.0409865223396186,-0.0105891584492913
2021-07-26,0.0028895131954265,0.0,0.0,0.0028895131954265,0,Maximum Sharpe,Base,0.1,1.04399446663218,-0.0077302427669325
2021-07-27,-0.0055776374834203,0.0,0.0,-0.0055776374834203,0,Maximum Sharpe,Base,0.1,1.0381714439626089,-0.0132647637585402
2021-07-28,0.0033167954340812,0.0,0.0,0.0033167954340812,0,Maximum Sharpe,Base,0.1,1.0416148462677377,-0.0099919648323275
2021-07-29,0.0084917640082996,0.0,0.0,0.0084917640082996,0,Maximum Sharpe,Base,0.1,1.0504599937297845,-0.0015850502313634
2021-07-30,-0.0016997163840151,0.0,0.0,-0.0016997163840151,0,Maximum Sharpe,Base,0.1,1.0486745096676893,-0.0032820724795308
2021-08-02,-0.0030783474170171,0.4158037114958545,0.0004158037114958,-0.003494151128513,0,Maximum Sharpe,Base,0.1,1.045010282446291,-0.0067647555507857
2021-08-03,0.0081276530789953,0.0,0.0,0.0081276530789953,0,Maximum Sharpe,Base,0.1,1.0535037634859974,0.0
2021-08-04,-0.0044280671406715,0.0,0.0,-0.0044280671406715,0,Maximum Sharpe,Base,0.1,1.0488387780883313,-0.0044280671406715
2021-08-05,0.0052687930143582,0.0,0.0,0.0052687930143582,0,Maximum Sharpe,Base,0.1,1.0543648925155111,0.0
2021-08-06,0.0019977631868574,0.0,0.0,0.0019977631868574,0,Maximum Sharpe,Base,0.1,1.0564712638832936,0.0
2021-08-09,0.0092988152606709,0.0,0.0,0.0092988152606709,0,Maximum Sharpe,Base,0.1,1.066295194994352,0.0
2021-08-10,0.0158146227194488,0.0,0.0,0.0158146227194488,0,Maximum Sharpe,Base,0.1,1.083158251210749,0.0
2021-08-11,0.0065387327877493,0.0,0.0,0.0065387327877493,0,Maximum Sharpe,Base,0.1,1.090240733582262,0.0
2021-08-12,0.0074447633528212,0.0,0.0,0.0074447633528212,0,Maximum Sharpe,Base,0.1,1.098357317841388,0.0
2021-08-13,0.0003903857792221,0.0,0.0,0.0003903857792221,0,Maximum Sharpe,Base,0.1,1.098786100918778,0.0
2021-08-16,0.0003568683846004,0.0,0.0,0.0003568683846004,0,Maximum Sharpe,Base,0.1,1.0991782229396343,0.0
2021-08-17,-0.0090658990745849,0.0,0.0,-0.0090658990745849,0,Maximum Sharpe,Base,0.1,1.089213184105482,-0.0090658990745848
2021-08-18,-0.0042154020347011,0.0,0.0,-0.0042154020347011,0,Maximum Sharpe,Base,0.1,1.0846217126329805,-0.0132430846998806
2021-08-19,-0.003138011888712,0.0,0.0,-0.003138011888712,0,Maximum Sharpe,Base,0.1,1.081218156803983,-0.0163395396313612
2021-08-20,0.0092445242397115,0.0,0.0,0.0092445242397115,0,Maximum Sharpe,Base,0.1,1.0912135042629734,-0.0072460666618376
2021-08-23,0.0093840691465637,0.0,0.0,0.0093840691465637,0,Maximum Sharpe,Base,0.1,1.1014535272406412,0.0
2021-08-24,0.0028758658897714,0.0,0.0,0.0028758658897714,0,Maximum Sharpe,Base,0.1,1.104621159868801,0.0
2021-08-25,-0.0005119483799147,0.0,0.0,-0.0005119483799147,0,Maximum Sharpe,Base,0.1,1.1040556508555863,-0.0005119483799147
2021-08-26,-0.0064689939759183,0.0,0.0,-0.0064689939759183,0,Maximum Sharpe,Base,0.1,1.0969135215011232,-0.0069776305648474
2021-08-27,0.0113981205106928,0.0,0.0,0.0113981205106928,0,Maximum Sharpe,Base,0.1,1.1094162740090014,0.0
2021-08-30,0.002719511143463,0.0,0.0,0.002719511143463,0,Maximum Sharpe,Base,0.1,1.1124333439289082,0.0
2021-08-31,-0.0021940033350328,0.0,0.0,-0.0021940033350328,0,Maximum Sharpe,Base,0.1,1.1099926614623266,-0.0021940033350327
2021-09-01,0.0044324211894579,0.2934855476561493,0.0002934855476561,0.0041389356418018,0,Maximum Sharpe,Base,0.1,1.1145868496509914,0.0
2021-09-02,0.0023750489045842,0.0,0.0,0.0023750489045842,0,Maximum Sharpe,Base,0.1,1.1172340479273188,0.0
2021-09-03,-0.0029558288554647,0.0,0.0,-0.0029558288554647,0,Maximum Sharpe,Base,0.1,1.1139316952901477,-0.0029558288554646
2021-09-07,-0.0082270689741387,0.0,0.0,-0.0082270689741387,0,Maximum Sharpe,Base,0.1,1.1047673024005165,-0.0111585800217336
2021-09-08,-0.001637349454243,0.0,0.0,-0.001637349454243,0,Maximum Sharpe,Base,0.1,1.102958412260865,-0.012777658981068
2021-09-09,-0.0074974485898354,0.0,0.0,-0.0074974485898354,0,Maximum Sharpe,Base,0.1,1.094689038268213,-0.0201793077295944
2021-09-10,-0.0023617509189518,0.0,0.0,-0.0023617509189518,0,Maximum Sharpe,Base,0.1,1.0921036554261163,-0.0224934001499721
2021-09-13,-0.0040859897855263,0.0,0.0,-0.0040859897855263,0,Maximum Sharpe,Base,0.1,1.0876413310453097,-0.0264874821322439
2021-09-14,-0.0113005518245616,0.0,0.0,-0.0113005518245616,0,Maximum Sharpe,Base,0.1,1.0753503838172966,-0.037488710792268
2021-09-15,0.0070756060588418,0.0,0.0,0.0070756060588418,0,Maximum Sharpe,Base,0.1,1.0829591395084124,-0.030678360082646
2021-09-16,-0.0063304806997657,0.0,0.0,-0.0063304806997657,0,Maximum Sharpe,Base,0.1,1.0761034875771196,-0.0368146320160079
2021-09-17,-0.0189679712294834,0.0,0.0,-0.0189679712294834,0,Maximum Sharpe,Base,0.1,1.05569198758481,-0.0550843043645876
2021-09-20,-0.0188608375432014,0.0,0.0,-0.0188608375432014,0,Maximum Sharpe,Base,0.1,1.0357807525113136,-0.0729062057919882
2021-09-21,-0.0035468724626357,0.0,0.0,-0.0035468724626357,0,Maximum Sharpe,Base,0.1,1.032106970282903,-0.0761944892409451
2021-09-22,0.0075010084263427,0.0,0.0,0.0075010084263427,0,Maximum Sharpe,Base,0.1,1.039848813363882,-0.0692650163204398
2021-09-23,0.0071990230671184,0.0,0.0,0.0071990230671184,0,Maximum Sharpe,Base,0.1,1.0473347089576044,-0.0625646337035565
2021-09-24,-0.0058518388380008,0.0,0.0,-0.0058518388380008,0,Maximum Sharpe,Base,0.1,1.04120587503134,-0.0680503543881656
2021-09-27,-0.0029829490868057,0.0,0.0,-0.0029829490868057,0,Maximum Sharpe,Base,0.1,1.0381000109172385,-0.0708303127324924
2021-09-28,-0.0078310001855267,0.0,0.0,-0.0078310001855267,0,Maximum Sharpe,Base,0.1,1.0299706495391503,-0.07810664072587
2021-09-29,-0.0008006354364584,0.0,0.0,-0.0008006354364584,0,Maximum Sharpe,Base,0.1,1.0291460185386172,-0.0788447412179405
2021-09-30,-0.013919011691491,0.0,0.0,-0.013919011691491,0,Maximum Sharpe,Base,0.1,1.0148213230743268,-0.0916663120346064
2021-10-01,0.0083215805452597,0.6926154625659572,0.0006926154625659,0.0076289650826938,0,Maximum Sharpe,Base,0.1,1.022563359513234,-0.0847366660456839
2021-10-04,-0.0089292612848806,0.0,0.0,-0.0089292612848806,0,Maximum Sharpe,Base,0.1,1.013432624095795,-0.092909291499033
2021-10-05,0.0076315846976606,0.0,0.0,0.0076315846976606,0,Maximum Sharpe,Base,0.1,1.0211667210019546,-0.0859867519286468
2021-10-06,0.0074367438124684,0.0,0.0,0.0074367438124684,0,Maximum Sharpe,Base,0.1,1.0287608762958649,-0.0791894695615379
2021-10-07,0.0059749523198303,0.0,0.0,0.0059749523198303,0,Maximum Sharpe,Base,0.1,1.0349076734802392,-0.0736876705465705
2021-10-08,-0.0013649517182938,0.0,0.0,-0.0013649517182938,0,Maximum Sharpe,Base,0.1,1.033495074473047,-0.0749520421523347
2021-10-11,-0.0034008765633147,0.0,0.0,-0.0034008765633147,0,Maximum Sharpe,Base,0.1,1.0299802852959703,-0.0780980160721209
2021-10-12,0.0123827419399828,0.0,0.0,0.0123827419399828,0,Maximum Sharpe,Base,0.1,1.0427342653720602,-0.0666823417111839
2021-10-13,0.0101835604338541,0.0,0.0,0.0101835604338541,0,Maximum Sharpe,Base,0.1,1.0533530127799269,-0.0571778449340166
2021-10-14,0.021486401355783,0.0,0.0,0.021486401355783,0,Maximum Sharpe,Base,0.1,1.0759857783818396,-0.0369199897031446
2021-10-15,-0.0026082446313843,0.0,0.0,-0.0026082446313843,0,Maximum Sharpe,Base,0.1,1.0731793442519293,-0.0394319379695949
2021-10-18,0.0070698099715203,0.0,0.0,0.0070698099715203,0,Maximum Sharpe,Base,0.1,1.0807665182811512,-0.0326409043063284
2021-10-19,0.0005072890276717,0.0,0.0,0.0005072890276717,0,Maximum Sharpe,Base,0.1,1.08131477927735,-0.0321501736512647
2021-10-20,0.0018277762152435,0.0,0.0,0.0018277762152435,0,Maximum Sharpe,Base,0.1,1.0832911807121046,-0.0303811607587368
2021-10-21,-0.0026329817896207,0.0,0.0,-0.0026329817896207,0,Maximum Sharpe,Base,0.1,1.0804388947604329,-0.0329341495053323
2021-10-22,0.0113697591660419,0.0,0.0,0.0113697591660419,0,Maximum Sharpe,Base,0.1,1.0927232247874836,-0.0219388436875043
2021-10-25,0.0123240486065484,0.0,0.0,0.0123240486065484,0,Maximum Sharpe,Base,0.1,1.106189998923269,-0.009885170456932
2021-10-26,0.0120114432708698,0.0,0.0,0.0120114432708698,0,Maximum Sharpe,Base,0.1,1.1194769373421394,0.0
2021-10-27,-0.0186877868203015,0.0,0.0,-0.0186877868203015,0,Maximum Sharpe,Base,0.1,1.0985563909868454,-0.0186877868203014
2021-10-28,0.0205296612814938,0.0,0.0,0.0205296612814938,0,Maximum Sharpe,Base,0.1,1.1211093815924256,0.0
2021-10-29,0.0042547125552882,0.0,0.0,0.0042547125552882,0,Maximum Sharpe,Base,0.1,1.1258793797541384,0.0
2021-11-01,0.0042373943291955,0.8906344381932115,0.0008906344381932,0.0033467598910023,0,Maximum Sharpe,Base,0.1,1.129647427704406,0.0
2021-11-02,0.0106290894682184,0.0,0.0,0.0106290894682184,0,Maximum Sharpe,Base,0.1,1.1416545512810188,0.0
2021-11-03,-0.0043646599713365,0.0,0.0,-0.0043646599713365,0,Maximum Sharpe,Base,0.1,1.1366716173599485,-0.0043646599713363
2021-11-04,0.0061450951526364,0.0,0.0,0.0061450951526364,0,Maximum Sharpe,Base,0.1,1.143656572605927,0.0
2021-11-05,-0.0177563867638639,0.0,0.0,-0.0177563867638639,0,Maximum Sharpe,Base,0.1,1.1233493641777008,-0.0177563867638639
2021-11-08,0.010469367860113,0.0,0.0,0.010469367860113,0,Maximum Sharpe,Base,0.1,1.1351101219067012,-0.0074729170486482
2021-11-09,-0.0033051196586972,0.0,0.0,-0.0033051196586972,0,Maximum Sharpe,Base,0.1,1.1313584471280012,-0.0107533378223001
2021-11-10,-0.0056182379838957,0.0,0.0,-0.0056182379838957,0,Maximum Sharpe,Base,0.1,1.1250022061269451,-0.016311160995189
2021-11-11,0.0078171278828653,0.0,0.0,0.0078171278828653,0,Maximum Sharpe,Base,0.1,1.1337964922407453,-0.0086215395437411
2021-11-12,0.0030829271476844,0.0,0.0,0.0030829271476844,0,Maximum Sharpe,Base,0.1,1.1372919042266236,-0.0055651919743708
2021-11-15,0.001875208676022,0.0,0.0,0.001875208676022,0,Maximum Sharpe,Base,0.1,1.139424563872599,-0.0037004191946229
2021-11-16,-0.0031435089078407,0.0,0.0,-0.0031435089078407,0,Maximum Sharpe,Base,0.1,1.135842772606253,-0.0068322958017625
2021-11-17,-0.0074753102862823,0.0,0.0,-0.0074753102862823,0,Maximum Sharpe,Base,0.1,1.12735199544459,-0.014256532556959
2021-11-18,0.0093728023934809,0.0,0.0,0.0093728023934809,0,Maximum Sharpe,Base,0.1,1.1379184429257887,-0.0050173538259506
2021-11-19,-0.0085047681584861,0.0,0.0,-0.0085047681584861,0,Maximum Sharpe,Base,0.1,1.1282407103854393,-0.013479450553378
2021-11-22,0.0031401751059891,0.0,0.0,0.0031401751059891,0,Maximum Sharpe,Base,0.1,1.1317835837777552,-0.0103816032824589
2021-11-23,0.0118063617387082,0.0,0.0,0.0118063617387082,0,Maximum Sharpe,Base,0.1,1.145145830177767,0.0
2021-11-24,0.0047451829774925,0.0,0.0,0.0047451829774925,0,Maximum Sharpe,Base,0.1,1.150579756677873,0.0
2021-11-26,-0.0277237029689236,0.0,0.0,-0.0277237029689236,0,Maximum Sharpe,Base,0.1,1.1186814252616792,-0.0277237029689236
2021-11-29,0.0124317321346793,0.0,0.0,0.0124317321346793,0,Maximum Sharpe,Base,0.1,1.1325885730845735,-0.0156366244833353
2021-11-30,-0.0163969751952694,0.0,0.0,-0.0163969751952694,0,Maximum Sharpe,Base,0.1,1.1140175463452602,-0.0317772063348139
2021-12-01,-0.0101822310507008,0.5794758842185977,0.0005794758842185,-0.0107617069349194,0,Maximum Sharpe,Base,0.1,1.1020288159911344,-0.0421969362879477
2021-12-02,0.0257460551069809,0.0,0.0,0.0257460551069809,0,Maximum Sharpe,Base,0.1,1.1304017106171234,-0.0175372858279818
2021-12-03,-0.0076953526618296,0.0,0.0,-0.0076953526618296,0,Maximum Sharpe,Base,0.1,1.121702870804389,-0.0250976828906339
2021-12-06,0.0066888108158486,0.0,0.0,0.0066888108158486,0,Maximum Sharpe,Base,0.1,1.129205729098794,-0.0185767457275568
2021-12-07,0.0218926711153255,0.0,0.0,0.0218926711153255,0,Maximum Sharpe,Base,0.1,1.1539270587474952,0.0
2021-12-08,-0.0017825460499172,0.0,0.0,-0.0017825460499172,0,Maximum Sharpe,Base,0.1,1.1518701306270325,-0.0017825460499172
2021-12-09,-0.0076119389404468,0.0,0.0,-0.0076119389404468,0,Maximum Sharpe,Base,0.1,1.1431021655253748,-0.0093809163586735
2021-12-10,0.0053205662982076,0.0,0.0,0.0053205662982076,0,Maximum Sharpe,Base,0.1,1.1491841163826773,-0.0041102618478902
2021-12-13,-0.0060824595013349,0.0,0.0,-0.0060824595013349,0,Maximum Sharpe,Base,0.1,1.142194250535202,-0.0101677208479956
2021-12-14,0.0024010771756054,0.0,0.0,0.0024010771756054,0,Maximum Sharpe,Base,0.1,1.1449367470802698,-0.0077910571548462
2021-12-15,0.019031991315272,0.0,0.0,0.019031991315272,0,Maximum Sharpe,Base,0.1,1.1667271733072375,0.0
2021-12-16,0.0006446171092231,0.0,0.0,0.0006446171092231,0,Maximum Sharpe,Base,0.1,1.1674792656049469,0.0
2021-12-17,-0.0136010497405933,0.0,0.0,-0.0136010497405933,0,Maximum Sharpe,Base,0.1,1.1516003220423427,-0.0136010497405931
2021-12-20,-0.0045637669092276,0.0,0.0,-0.0045637669092276,0,Maximum Sharpe,Base,0.1,1.14634468659995,-0.0181027446290839
2021-12-21,0.0087935604046124,0.0,0.0,0.0087935604046124,0,Maximum Sharpe,Base,0.1,1.1564251378460733,-0.0094683718028566
2021-12-22,0.0092705618194931,0.0,0.0,0.0092705618194931,0,Maximum Sharpe,Base,0.1,1.1671458485760913,-0.0002855871094916
2021-12-23,-0.0001909703326185,0.0,0.0,-0.0001909703326185,0,Maximum Sharpe,Base,0.1,1.1669229583451743,-0.0004765029034449
2021-12-27,0.0194756069379481,0.0,0.0,0.0194756069379481,0,Maximum Sharpe,Base,0.1,1.1896494912087725,0.0
2021-12-28,-0.0026955172691826,0.0,0.0,-0.0026955172691826,0,Maximum Sharpe,Base,0.1,1.186442770460945,-0.0026955172691824
2021-12-29,0.0013917386233116,0.0,0.0,0.0013917386233116,0,Maximum Sharpe,Base,0.1,1.1880939886889446,-0.001307530101364
2021-12-30,-0.004048436969024,0.0,0.0,-0.004048436969024,0,Maximum Sharpe,Base,0.1,1.183284065062461,-0.0053506736171876
2021-12-31,-0.0002423402020455,0.0,0.0,-0.0002423402020455,0,Maximum Sharpe,Base,0.1,1.1829973077630564,-0.0055917171359077
2022-01-03,-0.0084390604122926,0.4966471178053702,0.0004966471178053,-0.008935707530098,0,Maximum Sharpe,Base,0.1,1.1724263898119924,-0.0144774587170882
2022-01-04,0.0007748814701655,0.0,0.0,0.0007748814701655,0,Maximum Sharpe,Base,0.1,1.173334881296591,-0.0137137955614176
2022-01-05,-0.0077715361336659,0.0,0.0,-0.0077715361336659,0,Maximum Sharpe,Base,0.1,1.1642162668697038,-0.0213787544373482
2022-01-06,0.002400414459174,0.0,0.0,0.002400414459174,0,Maximum Sharpe,Base,0.1,1.1670108684303035,-0.0190296578494447
2022-01-07,-0.0146044032249313,0.0,0.0,-0.0146044032249313,0,Maximum Sharpe,Base,0.1,1.14996737113987,-0.0333561442779102
2022-01-10,0.0036245628197738,0.0,0.0,0.0036245628197738,0,Maximum Sharpe,Base,0.1,1.1541355001172566,-0.0298524828984972
2022-01-11,0.0074331121345646,0.0,0.0,0.0074331121345646,0,Maximum Sharpe,Base,0.1,1.16271431870811,-0.0226412676168124
2022-01-12,0.0085896577697997,0.0,0.0,0.0085896577697997,0,Maximum Sharpe,Base,0.1,1.1727016367898584,-0.0142460905873156
2022-01-13,-0.0136610871170263,0.0,0.0,-0.0136610871170263,0,Maximum Sharpe,Base,0.1,1.1566812575673928,-0.0277125606197515
2022-01-14,-0.0009299382101909,0.0,0.0,-0.0009299382101909,0,Maximum Sharpe,Base,0.1,1.1556056154689691,-0.0286167278609199
2022-01-18,-0.0123260783674027,0.0,0.0,-0.0123260783674027,0,Maximum Sharpe,Base,0.1,1.1413615300908877,-0.0405900741980905
2022-01-19,-0.0116271701751244,0.0,0.0,-0.0116271701751244,0,Maximum Sharpe,Base,0.1,1.1280907253491803,-0.0517452966730929
2022-01-20,-0.0171666278392762,0.0,0.0,-0.0171666278392762,0,Maximum Sharpe,Base,0.1,1.108725211698172,-0.0680236322619491
2022-01-21,-0.0110796629984287,0.0,0.0,-0.0110796629984287,0,Maximum Sharpe,Base,0.1,1.0964409099946948,-0.0783496163389864
2022-01-24,-0.0004763952935235,0.0,0.0,-0.0004763952935235,0,Maximum Sharpe,Base,0.1,1.0959185707055463,-0.0787886862440367
2022-01-25,-0.0004941680394989,0.0,0.0,-0.0004941680394989,0,Maximum Sharpe,Base,0.1,1.0953770027740104,-0.0792439194329198
2022-01-26,-0.0097115902423813,0.0,0.0,-0.0097115902423813,0,Maximum Sharpe,Base,0.1,1.0847391501621415,-0.0881859252005683
2022-01-27,-0.001775197441194,0.0,0.0,-0.001775197441194,0,Maximum Sharpe,Base,0.1,1.082813523998411,-0.089804575212997
2022-01-28,0.0327102876957396,0.0,0.0,0.0327102876957396,0,Maximum Sharpe,Base,0.1,1.1182326658892363,-0.060031821008868
2022-01-31,0.0075633309806038,0.0,0.0,0.0075633309806038,0,Maximum Sharpe,Base,0.1,1.1266902296546797,-0.0529225305599228
2022-02-01,0.0065054193901833,0.6111484133082755,0.0006111484133082,0.005894270976875,0,Maximum Sharpe,Base,0.1,1.133331247175262,-0.0473401993189498
2022-02-02,0.0269922678428839,0.0,0.0,0.0269922678428839,0,Maximum Sharpe,Base,0.1,1.1639224277537263,-0.0216257508158185
2022-02-03,-0.0080329239048943,0.0,0.0,-0.0080329239048943,0,Maximum Sharpe,Base,0.1,1.1545727274603808,-0.0294849567100231
2022-02-04,-0.003087718883655,0.0,0.0,-0.003087718883655,0,Maximum Sharpe,Base,0.1,1.1510077314472482,-0.0324816343360608
2022-02-07,0.0042515966735884,0.0,0.0,0.0042515966735884,0,Maximum Sharpe,Base,0.1,1.1559013520895438,-0.0283681364709684
2022-02-08,0.0028491084270627,0.0,0.0,0.0028491084270627,0,Maximum Sharpe,Base,0.1,1.1591946403726354,-0.0255998519405852
2022-02-09,0.0198707801387793,0.0,0.0,0.0198707801387793,0,Maximum Sharpe,Base,0.1,1.1822287422095314,-0.0062377608313025
2022-02-10,-0.0190696673767004,0.0,0.0,-0.0190696673767004,0,Maximum Sharpe,Base,0.1,1.1596840333324208,-0.0251884761837746
2022-02-11,-0.006093136739308,0.0,0.0,-0.006093136739308,0,Maximum Sharpe,Base,0.1,1.152617919942934,-0.0311281360934401
2022-02-14,-0.0068804888794413,0.0,0.0,-0.0068804888794413,0,Maximum Sharpe,Base,0.1,1.144687345162522,-0.0377944481786527
2022-02-15,0.0025066392195183,0.0,0.0,0.0025066392195183,0,Maximum Sharpe,Base,0.1,1.1475566633559926,-0.035382546005219
2022-02-16,0.0016442269372509,0.0,0.0,0.0016442269372509,0,Maximum Sharpe,Base,0.1,1.1494435069339044,-0.0337964960032184
2022-02-17,-0.0144891226384553,0.0,0.0,-0.0144891226384553,0,Maximum Sharpe,Base,0.1,1.132789078995963,-0.047795937066333
2022-02-18,-0.0087800157364965,0.0,0.0,-0.0087800157364965,0,Maximum Sharpe,Base,0.1,1.122843173056247,-0.0561563037232465
2022-02-22,-0.0069218995393556,0.0,0.0,-0.0069218995393556,0,Maximum Sharpe,Base,0.1,1.1150709654139002,-0.0626894949697284
2022-02-23,0.0082059171698451,0.0,0.0,0.0082059171698451,0,Maximum Sharpe,Base,0.1,1.1242211453945858,-0.0549980026030243
2022-02-24,0.0015852171797015,0.0,0.0,0.0015852171797015,0,Maximum Sharpe,Base,0.1,1.126003280068049,-0.0534999692018983
2022-02-25,0.0350972236083606,0.0,0.0,0.0350972236083606,0,Maximum Sharpe,Base,0.1,1.165522868972345,-0.0202804459756571
2022-02-28,-0.0043257211993397,0.0,0.0,-0.0043257211993397,0,Maximum Sharpe,Base,0.1,1.160481141989716,-0.024518439619908
2022-03-01,0.0056658623120794,0.3841499390907923,0.0003841499390907,0.0052817123729886,0,Maximum Sharpe,Base,0.1,1.166610469595983,-0.0193662265928262
2022-03-02,0.0194259403907708,0.0,0.0,0.0194259403907708,0,Maximum Sharpe,Base,0.1,1.1892729750376037,-0.0003164933654418
2022-03-03,0.0082846797014585,0.0,0.0,0.0082846797014585,0,Maximum Sharpe,Base,0.1,1.199125720713391,0.0
2022-03-04,0.0105293757206666,0.0,0.0,0.0105293757206666,0,Maximum Sharpe,Base,0.1,1.2117517659630974,0.0
2022-03-07,-0.0096236091944887,0.0,0.0,-0.0096236091944887,0,Maximum Sharpe,Base,0.1,1.200090340526737,-0.0096236091944887
2022-03-08,-0.0223333144421362,0.0,0.0,-0.0223333144421362,0,Maximum Sharpe,Base,0.1,1.173288345592783,-0.0317419965464162
2022-03-09,0.0080798352208759,0.0,0.0,0.0080798352208759,0,Maximum Sharpe,Base,0.1,1.1827683220917469,-0.0239186314272169
2022-03-10,0.0080126172327414,0.0,0.0,0.0080126172327414,0,Maximum Sharpe,Base,0.1,1.19224539193168,-0.0160976650328327
2022-03-11,-0.0067891747068877,0.0,0.0,-0.0067891747068877,0,Maximum Sharpe,Base,0.1,1.1841510296723738,-0.0227775498794396
2022-03-14,-0.0110433893958134,0.0,0.0,-0.0110433893958134,0,Maximum Sharpe,Base,0.1,1.1710739887482484,-0.0335693979224518
2022-03-15,0.0074711386306045,0.0,0.0,0.0074711386306045,0,Maximum Sharpe,Base,0.1,1.1798232448648815,-0.0263490609174719
2022-03-16,0.0059372193555232,0.0,0.0,0.0059372193555232,0,Maximum Sharpe,Base,0.1,1.1868281142703894,-0.0205682817164279
2022-03-17,0.0196714884129526,0.0,0.0,0.0196714884129526,0,Maximum Sharpe,Base,0.1,1.210174789768426,-0.0013014020189342
2022-03-18,0.0069960446886148,0.0,0.0,0.0069960446886148,0,Maximum Sharpe,Base,0.1,1.2186412266786808,0.0
2022-03-21,0.0147201882700633,0.0,0.0,0.0147201882700633,0,Maximum Sharpe,Base,0.1,1.236579854969052,0.0
2022-03-22,0.0021685660129173,0.0,0.0,0.0021685660129173,0,Maximum Sharpe,Base,0.1,1.239261460014796,0.0
2022-03-23,0.0006696299921229,0.0,0.0,0.0006696299921229,0,Maximum Sharpe,Base,0.1,1.240091306656504,0.0
2022-03-24,0.0188248380212257,0.0,0.0,0.0188248380212257,0,Maximum Sharpe,Base,0.1,1.2634358246358428,0.0
2022-03-25,0.0109665913569292,0.0,0.0,0.0109665913569292,0,Maximum Sharpe,Base,0.1,1.277291409030329,0.0
2022-03-28,0.0019443625057287,0.0,0.0,0.0019443625057287,0,Maximum Sharpe,Base,0.1,1.279774926554937,0.0
2022-03-29,0.0092978452366623,0.0,0.0,0.0092978452366623,0,Maximum Sharpe,Base,0.1,1.2916740757598058,0.0
2022-03-30,0.0007838920048467,0.0,0.0,0.0007838920048467,0,Maximum Sharpe,Base,0.1,1.292686608740662,0.0
2022-03-31,-0.0110773347685924,0.0,0.0,-0.0110773347685924,0,Maximum Sharpe,Base,0.1,1.278367086424765,-0.0110773347685925
2022-04-01,0.0094465296963985,0.5893546329637979,0.0005893546329637,0.0088571750634347,0,Maximum Sharpe,Base,0.1,1.2896898075045622,-0.0023182735984393
2022-04-04,-0.0029659194780107,0.0,0.0,-0.0029659194780107,0,Maximum Sharpe,Base,0.1,1.2858646913838925,-0.0052773172636292
2022-04-05,-0.0030752753349497,0.0,0.0,-0.0030752753349497,0,Maximum Sharpe,Base,0.1,1.2819103034143968,-0.0083363633949634
2022-04-06,0.0166500001707409,0.0,0.0,0.0166500001707409,0,Maximum Sharpe,Base,0.1,1.303254110185121,0.0
2022-04-07,0.0131714108233138,0.0,0.0,0.0131714108233138,0,Maximum Sharpe,Base,0.1,1.3204198054775416,0.0
2022-04-08,0.0047804564733003,0.0,0.0,0.0047804564733003,0,Maximum Sharpe,Base,0.1,1.3267320148841109,0.0
2022-04-11,-0.0254338947364032,0.0,0.0,-0.0254338947364032,0,Maximum Sharpe,Base,0.1,1.2929880524741322,-0.0254338947364032
2022-04-12,0.0039352826525972,0.0,0.0,0.0039352826525972,0,Maximum Sharpe,Base,0.1,1.2980763259270494,-0.02159870164855
2022-04-13,-0.0066034108974384,0.0,0.0,-0.0066034108974384,0,Maximum Sharpe,Base,0.1,1.2895045945707158,-0.0280594874441518
2022-04-14,0.006785792783085,0.0,0.0,0.006785792783085,0,Maximum Sharpe,Base,0.1,1.2982549055423087,-0.0214641005284624
2022-04-18,0.0019813761377027,0.0,0.0,0.0019813761377027,0,Maximum Sharpe,Base,0.1,1.3008272368328058,-0.019525252847364
2022-04-19,-0.0046659815215328,0.0,0.0,-0.0046659815215328,0,Maximum Sharpe,Base,0.1,1.2947576009830373,-0.0241001298999078
2022-04-20,0.0047158151520073,0.0,0.0,0.0047158151520073,0,Maximum Sharpe,Base,0.1,1.30086343849593,-0.0194979665056477
2022-04-21,-0.0173733979611992,0.0,0.0,-0.0173733979611992,0,Maximum Sharpe,Base,0.1,1.278263020285766,-0.0365326185353102
2022-04-22,-0.0268172727116423,0.0,0.0,-0.0268172727116423,0,Maximum Sharpe,Base,0.1,1.243983492273555,-0.0623701860528207
2022-04-25,-0.0069064896728269,0.0,0.0,-0.0069064896728269,0,Maximum Sharpe,Base,0.1,1.2353919331310006,-0.0688459166797815
2022-04-26,-0.0100631649898597,0.0,0.0,-0.0100631649898597,0,Maximum Sharpe,Base,0.1,1.2229599802807614,-0.0782162738512147
2022-04-27,0.0011754278829018,0.0,0.0,0.0011754278829018,0,Maximum Sharpe,Base,0.1,1.2243974815412566,-0.0771327835574942
2022-04-28,0.0187928122337805,0.0,0.0,0.0187928122337805,0,Maximum Sharpe,Base,0.1,1.2474073535113752,-0.0597895132421784
2022-04-29,-0.0532589255518308,0.0,0.0,-0.0532589255518308,0,Maximum Sharpe,Base,0.1,1.1809717781379063,-0.1098641135594639
2022-05-02,-0.0131545995439912,0.9488428998555396,0.0009488428998555,-0.0141034424438467,0,Maximum Sharpe,Base,0.1,1.1643160106371313,-0.1224180938010804
2022-05-03,0.0083621745609219,0.0,0.0,0.0083621745609219,0,Maximum Sharpe,Base,0.1,1.1740522243621552,-0.1150796007099385
2022-05-04,0.017498312079832,0.0,0.0,0.017498312079832,0,Maximum Sharpe,Base,0.1,1.194596156582065,-0.0995949873973515
2022-05-05,-0.0237372341713703,0.0,0.0,-0.0237372341713703,0,Maximum Sharpe,Base,0.1,1.1662397478730575,-0.1209681120305761
2022-05-06,-0.0007464621001243,0.0,0.0,-0.0007464621001243,0,Maximum Sharpe,Base,0.1,1.1653691941016118,-0.1216242760197461
2022-05-09,-0.0525064086699098,0.0,0.0,-0.0525064086699098,0,Maximum Sharpe,Base,0.1,1.104179842944789,-0.1677446307487813
2022-05-10,-0.0085589869965484,0.0,0.0,-0.0085589869965484,0,Maximum Sharpe,Base,0.1,1.0947291820271738,-0.17486789363201
2022-05-11,-0.0012708009857933,0.0,0.0,-0.0012708009857933,0,Maximum Sharpe,Base,0.1,1.093337999103477,-0.1759164723261921
2022-05-12,0.0058480736842916,0.0,0.0,0.0058480736842916,0,Maximum Sharpe,Base,0.1,1.09973192028407,-0.1710971711343447
2022-05-13,0.0161553659734117,0.0,0.0,0.0161553659734117,0,Maximum Sharpe,Base,0.1,1.1174984919289022,-0.1577059425776238
2022-05-16,0.0042089854960702,0.0,0.0,0.0042089854960702,0,Maximum Sharpe,Base,0.1,1.1222020268733113,-0.1541607391065068
2022-05-17,0.0076852722202914,0.0,0.0,0.0076852722202914,0,Maximum Sharpe,Base,0.1,1.1308264549359954,-0.1476602341319303
2022-05-18,-0.0316568950326012,0.0,0.0,-0.0316568950326012,0,Maximum Sharpe,Base,0.1,1.095028000551998,-0.1746426646321276
2022-05-19,0.0007917796629306,0.0,0.0,0.0007917796629306,0,Maximum Sharpe,Base,0.1,1.0958950214531749,-0.1739891634793327
2022-05-20,0.0021098243396067,0.0,0.0,0.0021098243396067,0,Maximum Sharpe,Base,0.1,1.0982071674430909,-0.1722464257116623
2022-05-23,0.0153063232704832,0.0,0.0,0.0153063232704832,0,Maximum Sharpe,Base,0.1,1.1150166813659363,-0.1595765619153071
2022-05-24,0.0030145732439572,0.0,0.0,0.0030145732439572,0,Maximum Sharpe,Base,0.1,1.1183779808201482,-0.1570430439052624
2022-05-25,0.0107093120714902,0.0,0.0,0.0107093120714902,0,Maximum Sharpe,Base,0.1,1.1303550396306343,-0.1480155547996103
2022-05-26,0.0093471890195817,0.0,0.0,0.0093471890195817,0,Maximum Sharpe,Base,0.1,1.1409206818452986,-0.1400518951485788
2022-05-27,0.0191387884946863,0.0,0.0,0.0191387884946863,0,Maximum Sharpe,Base,0.1,1.1627565214643492,-0.1235935302534211
2022-05-31,-0.0153766054224076,0.0,0.0,-0.0153766054224076,0,Maximum Sharpe,Base,0.1,1.1448772732314605,-0.1370696867283596
2022-06-01,0.0003538893810923,1.1481492196520215,0.001148149219652,-0.0007942598385596,0,Maximum Sharpe,Base,0.1,1.143967943193253,-0.137755077619667
2022-06-02,0.0017776602561659,0.0,0.0,0.0017776602561659,0,Maximum Sharpe,Base,0.1,1.1460015295401955,-0.1362222990900705
2022-06-03,0.0021646902891533,0.0,0.0,0.0021646902891533,0,Maximum Sharpe,Base,0.1,1.148482267922546,-0.1343524878889237
2022-06-06,-0.0029666043338749,0.0,0.0,-0.0029666043338749,0,Maximum Sharpe,Base,0.1,1.1450751754491484,-0.1369205215499606
2022-06-07,0.0132978520755067,0.0,0.0,0.0132978520755067,0,Maximum Sharpe,Base,0.1,1.160302215747606,-0.1254434183161265
2022-06-08,-0.0075232650860277,0.0,0.0,-0.0075232650860277,0,Maximum Sharpe,Base,0.1,1.1515729545986313,-0.1320229393128645
2022-06-09,-0.0247972414040419,0.0,0.0,-0.0247972414040419,0,Maximum Sharpe,Base,0.1,1.123017122049083,-0.1535463760198944
2022-06-10,-0.0127148731819527,0.0,0.0,-0.0127148731819527,0,Maximum Sharpe,Base,0.1,1.1087381017610674,-0.1643089265032058
2022-06-13,-0.0416850713281814,0.0,0.0,-0.0416850713281814,0,Maximum Sharpe,Base,0.1,1.0625202749048848,-0.1991447685102442
2022-06-14,-0.007628521473742,0.0,0.0,-0.007628521473742,0,Maximum Sharpe,Base,0.1,1.0544148161714866,-0.2052541098410224
2022-06-15,-0.0048279233204633,0.0,0.0,-0.0048279233204633,0,Maximum Sharpe,Base,0.1,1.0493241822910502,-0.2090910820579633
2022-06-16,-0.0207631626552867,0.0,0.0,-0.0207631626552867,0,Maximum Sharpe,Base,0.1,1.0275368936160154,-0.2255128525667106
2022-06-17,-0.0196751212331676,0.0,0.0,-0.0196751212331676,0,Maximum Sharpe,Base,0.1,1.0073199806625677,-0.2407509810859909
2022-06-21,0.0357198990824743,0.0,0.0,0.0357198990824743,0,Maximum Sharpe,Base,0.1,1.0433013487155949,-0.2136306827519147
2022-06-22,-0.0034386794793515,0.0,0.0,-0.0034386794793515,0,Maximum Sharpe,Base,0.1,1.0397137697769865,-0.2163347547863275
2022-06-23,0.003429307939467,0.0,0.0,0.003429307939467,0,Maximum Sharpe,Base,0.1,1.043279268462456,-0.2136473253390319
2022-06-24,0.0180658348317612,0.0,0.0,0.0180658348317612,0,Maximum Sharpe,Base,0.1,1.0621269794098993,-0.1994412077990931
2022-06-27,0.012028627016329,0.0,0.0,0.012028627016329,0,Maximum Sharpe,Base,0.1,1.0749029086892012,-0.1898115846830655
2022-06-28,0.0014518756331742,0.0,0.0,0.0014518756331742,0,Maximum Sharpe,Base,0.1,1.0764635340303552,-0.1886352918645868
2022-06-29,-0.0059617389797211,0.0,0.0,-0.0059617389797211,0,Maximum Sharpe,Base,0.1,1.070045939419278,-0.1934724364718478
2022-06-30,-0.0063829120120383,0.0,0.0,-0.0063829120120383,0,Maximum Sharpe,Base,0.1,1.063215930339126,-0.1986204309451316
2022-07-01,0.0136262473149207,0.7619533402271813,0.0007619533402271,0.0128642939746935,0,Maximum Sharpe,Base,0.1,1.0768934526255858,-0.1883112485834965
2022-07-05,-0.0129583940892031,0.0,0.0,-0.0129583940892031,0,Maximum Sharpe,Base,0.1,1.0629386428743808,-0.1988294313021249
2022-07-06,-0.003427881295239,0.0,0.0,-0.003427881295239,0,Maximum Sharpe,Base,0.1,1.059295015382485,-0.2015757489088603
2022-07-07,0.004024150959187,0.0,0.0,0.004024150959187,0,Maximum Sharpe,Base,0.1,1.0635577784346983,-0.1983627691929937
2022-07-08,0.0003612900185568,0.0,0.0,0.0003612900185568,0,Maximum Sharpe,Base,0.1,1.0639420312442052,-0.1980731456629998
2022-07-11,0.0002697258372382,0.0,0.0,0.0002697258372382,0,Maximum Sharpe,Base,0.1,1.0642290038993554,-0.1978568452708099
2022-07-12,-0.0082354824495056,0.0,0.0,-0.0082354824495056,0,Maximum Sharpe,Base,0.1,1.0554645646154874,-0.2044628811435732
2022-07-13,-0.0030966856579899,0.0,0.0,-0.0030966856579899,0,Maximum Sharpe,Base,0.1,1.052196122635726,-0.2069264095299345
2022-07-14,-0.0021521271136529,0.0,0.0,-0.0021521271136529,0,Maximum Sharpe,Base,0.1,1.049931662831321,-0.2086332047071072
2022-07-15,0.0162920430532894,0.0,0.0,0.0162920430532894,0,Maximum Sharpe,Base,0.1,1.0670371946851809,-0.1957402228072517
2022-07-18,-0.0117618891220942,0.0,0.0,-0.0117618891220942,0,Maximum Sharpe,Base,0.1,1.0544868215121432,-0.2051998371319532
2022-07-19,0.0106591635461462,0.0,0.0,0.0106591635461462,0,Maximum Sharpe,Base,0.1,1.0657267689998973,-0.1967279322094388
2022-07-20,-0.007910254279717,0.0,0.0,-0.007910254279717,0,Maximum Sharpe,Base,0.1,1.0572965992644068,-0.2030820185214563
2022-07-21,-0.0036019141562395,0.0,0.0,-0.0036019141562395,0,Maximum Sharpe,Base,0.1,1.0534883076761723,-0.2059524486803058
2022-07-22,0.003289376282237,0.0,0.0,0.003289376282237,0,Maximum Sharpe,Base,0.1,1.0569536271290565,-0.2033405274980264
2022-07-25,0.0179699368167708,0.0,0.0,0.0179699368167708,0,Maximum Sharpe,Base,0.1,1.0759470170268224,-0.1890246071126838
2022-07-26,0.0007316354873246,0.0,0.0,0.0007316354873246,0,Maximum Sharpe,Base,0.1,1.07673421804696,-0.1884312687359005
2022-07-27,0.0027013044448257,0.0,0.0,0.0027013044448257,0,Maximum Sharpe,Base,0.1,1.0796428049760665,-0.1862389745148551
2022-07-28,0.0045795509574133,0.0,0.0,0.0045795509574133,0,Maximum Sharpe,Base,0.1,1.0845870842172591,-0.1825123144314889
2022-07-29,-0.0008061437797846,0.0,0.0,-0.0008061437797846,0,Maximum Sharpe,Base,0.1,1.0837127510856828,-0.1831713270442604
2022-08-01,-0.0125293325825084,0.553427809982607,0.0005534278099826,-0.013082760392491,0,Maximum Sharpe,Base,0.1,1.0695347968289417,-0.1938577008542568
2022-08-02,-0.0059452296751234,0.0,0.0,-0.0059452296751234,0,Maximum Sharpe,Base,0.1,1.063176166816257,-0.1986504019735103
2022-08-03,-0.0088903146898394,0.0,0.0,-0.0088903146898394,0,Maximum Sharpe,Base,0.1,1.0537241961225232,-0.2057746520765421
2022-08-04,-0.0165329452411061,0.0,0.0,-0.0165329452411061,0,Maximum Sharpe,Base,0.1,1.036303031688801,-0.2189055362628591
2022-08-05,0.0045397708977821,0.0,0.0,0.0045397708977821,0,Maximum Sharpe,Base,0.1,1.0410076100333452,-0.2153595463479665
2022-08-08,0.0069893612293727,0.0,0.0,0.0069893612293727,0,Maximum Sharpe,Base,0.1,1.0482835882623942,-0.2098754107822136
2022-08-09,0.0143448938017007,0.0,0.0,0.0143448938017007,0,Maximum Sharpe,Base,0.1,1.063321105010084,-0.1985411574597719
2022-08-10,0.0033496210051875,0.0,0.0,0.0033496210051875,0,Maximum Sharpe,Base,0.1,1.0668828277186853,-0.1958565740860057
2022-08-11,0.0129896136413393,0.0,0.0,0.0129896136413393,0,Maximum Sharpe,Base,0.1,1.0807412234513307,-0.1854110616711599
2022-08-12,0.006317881472972,0.0,0.0,0.006317881472972,0,Maximum Sharpe,Base,0.1,1.087569218404051,-0.1802645853096041
2022-08-15,-0.007514393234236,0.0,0.0,-0.007514393234236,0,Maximum Sharpe,Base,0.1,1.0793967956275123,-0.1864243995636173
2022-08-16,0.0005627485843618,0.0,0.0,0.0005627485843618,0,Maximum Sharpe,Base,0.1,1.0800042246462165,-0.1859665610462004
2022-08-17,-0.000922460192157,0.0,0.0,-0.000922460192157,0,Maximum Sharpe,Base,0.1,1.0790079637416188,-0.18671747448872
2022-08-18,0.0108539807779937,0.0,0.0,0.0108539807779937,0,Maximum Sharpe,Base,0.1,1.0907194954393724,-0.1778901215897423
2022-08-19,0.0171306618631701,0.0,0.0,0.0171306618631701,0,Maximum Sharpe,Base,0.1,1.109404242303312,-0.1638068352483243
2022-08-22,-0.013893080749169,0.0,0.0,-0.013893080749169,0,Maximum Sharpe,Base,0.1,1.0939911995815212,-0.1754241344081226
2022-08-23,0.0146012442076727,0.0,0.0,0.0146012442076727,0,Maximum Sharpe,Base,0.1,1.109964832247656,-0.1633843008268625
2022-08-24,0.0024726691606866,0.0,0.0,0.0024726691606866,0,Maximum Sharpe,Base,0.1,1.1127094080578013,-0.1613156269881708
2022-08-25,0.0054595604307693,0.0,0.0,0.0054595604307693,0,Maximum Sharpe,Base,0.1,1.1187843123129786,-0.1567367789713707
2022-08-26,-0.0135024599053093,0.0,0.0,-0.0135024599053093,0,Maximum Sharpe,Base,0.1,1.1036779719932837,-0.1681229068029317
2022-08-29,0.0049595874480547,0.0,0.0,0.0049595874480547,0,Maximum Sharpe,Base,0.1,1.109151759409876,-0.1639971396131873
2022-08-30,-0.0180172972007556,0.0,0.0,-0.0180172972007556,0,Maximum Sharpe,Base,0.1,1.0891678425198474,-0.1790596516094582
2022-08-31,-0.0109963396693092,0.0,0.0,-0.0109963396693092,0,Maximum Sharpe,Base,0.1,1.0771909829666104,-0.1880869905286016
2022-09-01,-0.0008315494473947,0.5698229208201999,0.0005698229208201,-0.0014013723682149,0,Maximum Sharpe,Base,0.1,1.0756814372877908,-0.1892247829854692
2022-09-02,-0.000317270677717,0.0,0.0,-0.000317270677717,0,Maximum Sharpe,Base,0.1,1.0753401551091748,-0.1894820181880475
2022-09-06,-0.0078272290050215,0.0,0.0,-0.0078272290050215,0,Maximum Sharpe,Base,0.1,1.0669232214568398,-0.1958261280443776
2022-09-07,0.0017669046553276,0.0,0.0,0.0017669046553276,0,Maximum Sharpe,Base,0.1,1.0688083730637092,-0.1944052294863263
2022-09-08,-0.0007156534085556,0.0,0.0,-0.0007156534085556,0,Maximum Sharpe,Base,0.1,1.0680434767084332,-0.1949817561297591
2022-09-09,0.0121080788660143,0.0,0.0,0.0121080788660143,0,Maximum Sharpe,Base,0.1,1.0809754313567512,-0.1852345317443977
2022-09-12,0.0092556261588137,0.0,0.0,0.0092556261588137,0,Maximum Sharpe,Base,0.1,1.0909805358362517,-0.1776933671631131
2022-09-13,-0.0238209600617555,0.0,0.0,-0.0238209600617555,0,Maximum Sharpe,Base,0.1,1.0649923320639436,-0.1972815006224373
2022-09-14,0.0209118078594547,0.0,0.0,0.0209118078594547,0,Maximum Sharpe,Base,0.1,1.0872632470838577,-0.1804952055982238
2022-09-15,-0.0198642697482723,0.0,0.0,-0.0198642697482723,0,Maximum Sharpe,Base,0.1,1.0656655566564013,-0.1967740698942232
2022-09-16,-0.0061808638576715,0.0,0.0,-0.0061808638576715,0,Maximum Sharpe,Base,0.1,1.0590788229328982,-0.2017387000151586
2022-09-19,0.0043413484383456,0.0,0.0,0.0043413484383456,0,Maximum Sharpe,Base,0.1,1.0636766531269228,-0.1982731695670777
2022-09-20,-0.008991579288219,0.0,0.0,-0.008991579288219,0,Maximum Sharpe,Base,0.1,1.0541125201633046,-0.2054819599304079
2022-09-21,-0.0153783356136343,0.0,0.0,-0.0153783356136343,0,Maximum Sharpe,Base,0.1,1.0379020240536994,-0.2177003250016851
2022-09-22,-0.0010865896769427,0.0,0.0,-0.0010865896769427,0,Maximum Sharpe,Base,0.1,1.0367742504286843,-0.218550363752814
2022-09-23,-0.0337035518453927,0.0,0.0,-0.0337035518453927,0,Maximum Sharpe,Base,0.1,1.001831275727393,-0.2448879920826344
2022-09-26,-0.0185273231268735,0.0,0.0,-0.0185273231268735,0,Maximum Sharpe,Base,0.1,0.9832700239633836,-0.2588781962503017
2022-09-27,-0.0029999562087206,0.0,0.0,-0.0029999562087206,0,Maximum Sharpe,Base,0.1,0.980320256950146,-0.2611015292068789
2022-09-28,0.0288010350999735,0.0,0.0,0.0288010350999735,0,Maximum Sharpe,Base,0.1,1.0085544950797822,-0.2398204884142494
2022-09-29,-0.014430413816407,0.0,0.0,-0.014430413816407,0,Maximum Sharpe,Base,0.1,0.9940006363593836,-0.2507901933411859
2022-09-30,-0.0178001660003378,0.0,0.0,-0.0178001660003378,0,Maximum Sharpe,Base,0.1,0.976307260027745,-0.2641262522687938
2022-10-03,0.0370601558866503,0.9828741187831108,0.0009828741187831,0.0360772817678672,0,Maximum Sharpe,Base,0.1,1.0115297721397805,-0.2375779277263187
2022-10-04,0.0291264778030274,0.0,0.0,0.0291264778030274,0,Maximum Sharpe,Base,0.1,1.040992071595111,-0.215371258161701
2022-10-05,0.0120974166018725,0.0,0.0,0.0120974166018725,0,Maximum Sharpe,Base,0.1,1.0535853863644438,-0.2058792773938799
2022-10-06,0.0001104291507474,0.0,0.0,0.0001104291507474,0,Maximum Sharpe,Base,0.1,1.0537017329039,-0.2057915833168915
2022-10-07,-0.0098600195765855,0.0,0.0,-0.0098600195765855,0,Maximum Sharpe,Base,0.1,1.0433122131895851,-0.213622493853276
2022-10-10,-0.0164446098945834,0.0,0.0,-0.0164446098945834,0,Maximum Sharpe,Base,0.1,1.0261553508454282,-0.2265541651717343
2022-10-11,0.0071265113118737,0.0,0.0,0.0071265113118737,0,Maximum Sharpe,Base,0.1,1.0334682585609678,-0.221042194680709
2022-10-12,-0.0023408793528661,0.0,0.0,-0.0023408793528661,0,Maximum Sharpe,Base,0.1,1.03104903405266,-0.2228656409239349
2022-10-13,0.0366010982149727,0.0,0.0,0.0366010982149727,0,Maximum Sharpe,Base,0.1,1.068786561012474,-0.194421669921162
2022-10-14,-0.0100251553616179,0.0,0.0,-0.0100251553616179,0,Maximum Sharpe,Base,0.1,1.0580718096899149,-0.2024977178361551
2022-10-17,0.0105226070240577,0.0,0.0,0.0105226070240577,0,Maximum Sharpe,Base,0.1,1.0692054835465152,-0.1941059147201557
2022-10-18,0.0039135004003455,0.0,0.0,0.0039135004003455,0,Maximum Sharpe,Base,0.1,1.0733898196344265,-0.1909520478947769
2022-10-19,0.0018487146672861,0.0,0.0,0.0018487146672861,0,Maximum Sharpe,Base,0.1,1.0753742111377,-0.1894563490791821
2022-10-20,0.0009793831560924,0.0,0.0,0.0009793831560924,0,Maximum Sharpe,Base,0.1,1.0764274145265846,-0.1886625162801926
2022-10-21,0.0291012772288119,0.0,0.0,0.0291012772288119,0,Maximum Sharpe,Base,0.1,1.107752827133416,-0.1650515592403357
2022-10-24,0.0137496817328996,0.0,0.0,0.0137496817328996,0,Maximum Sharpe,Base,0.1,1.1229840759452203,-0.1535712839165095
2022-10-25,-0.0012743723838016,0.0,0.0,-0.0012743723838016,0,Maximum Sharpe,Base,0.1,1.1215529760513867,-0.154649949297143
2022-10-26,0.0165636625187852,0.0,0.0,0.0165636625187852,0,Maximum Sharpe,Base,0.1,1.140130001043641,-0.140647856347063
2022-10-27,0.0029665625635646,0.0,0.0,0.0029665625635646,0,Maximum Sharpe,Base,0.1,1.143512268022334,-0.1380985344487831
2022-10-28,-0.0170539547757244,0.0,0.0,-0.0170539547757244,0,Maximum Sharpe,Base,0.1,1.124010861517995,-0.1527973630634242
2022-10-31,-0.0012644844732203,0.0,0.0,-0.0012644844732203,0,Maximum Sharpe,Base,0.1,1.1225895672358743,-0.153868637643502
2022-11-01,0.0079298366394441,1.2514873909850206,0.001251487390985,0.0066783492484591,0,Maximum Sharpe,Base,0.1,1.1300866124285522,-0.1482178768956106
2022-11-02,-0.0176388655525923,0.0,0.0,-0.0176388655525923,0,Maximum Sharpe,Base,0.1,1.1101531666091404,-0.1632423472451506
2022-11-03,0.001555075369683,0.0,0.0,0.001555075369683,0,Maximum Sharpe,Base,0.1,1.11187953845511,-0.1619411260289578
2022-11-04,0.0109224732859465,0.0,0.0,0.0109224732859465,0,Maximum Sharpe,Base,0.1,1.1240240130110764,-0.1527874503659587
2022-11-07,0.0227578233404693,0.0,0.0,0.0227578233404693,0,Maximum Sharpe,Base,0.1,1.1496043529296278,-0.1335067368295586
2022-11-08,0.0216531914407773,0.0,0.0,0.0216531914407773,0,Maximum Sharpe,Base,0.1,1.174496956064764,-0.1147443923199852
2022-11-09,-0.0260966199454337,0.0,0.0,-0.0260966199454337,0,Maximum Sharpe,Base,0.1,1.143846555375273,-0.1378465714681745
2022-11-10,0.0127210130874425,0.0,0.0,0.0127210130874425,0,Maximum Sharpe,Base,0.1,1.158397442376228,-0.1268791064204377
2022-11-11,0.0057034520839871,0.0,0.0,0.0057034520839871,0,Maximum Sharpe,Base,0.1,1.165004306683034,-0.1218993032403786
2022-11-14,0.0020340979317638,0.0,0.0,0.0020340979317638,0,Maximum Sharpe,Base,0.1,1.167374039533754,-0.1201131604292194
2022-11-15,0.0027700347711527,0.0,0.0,0.0027700347711527,0,Maximum Sharpe,Base,0.1,1.1706077062142035,-0.1176758432889287
2022-11-16,-0.0051976728342248,0.0,0.0,-0.0051976728342248,0,Maximum Sharpe,Base,0.1,1.16452327034008,-0.1222618755892461
2022-11-17,0.0055868042801111,0.0,0.0,0.0055868042801111,0,Maximum Sharpe,Base,0.1,1.1710292339311048,-0.1173581244789714
2022-11-18,0.0008312902059555,0.0,0.0,0.0008312902059555,0,Maximum Sharpe,Base,0.1,1.1720026990641592,-0.1166243929324847
2022-11-21,-0.000948705101498,0.0,0.0,-0.000948705101498,0,Maximum Sharpe,Base,0.1,1.1708908141245875,-0.1174624558774486
2022-11-22,0.0145042128909121,0.0,0.0,0.0145042128909121,0,Maximum Sharpe,Base,0.1,1.187873663764664,-0.1046619434532724
2022-11-23,-0.0092823162818675,0.0,0.0,-0.0092823162818675,0,Maximum Sharpe,Base,0.1,1.1768474447146997,-0.1129727544733317
2022-11-25,-0.000859929387872,0.0,0.0,-0.000859929387872,0,Maximum Sharpe,Base,0.1,1.1758354390119472,-0.1137355352696033
2022-11-28,-0.0146319628352106,0.0,0.0,-0.0146319628352106,0,Maximum Sharpe,Base,0.1,1.1586306585680008,-0.1267033239797063
2022-11-29,0.0027448409813895,0.0,0.0,0.0027448409813895,0,Maximum Sharpe,Base,0.1,1.1618109154819325,-0.1243062634744546
2022-11-30,0.0136572087001363,0.0,0.0,0.0136572087001363,0,Maximum Sharpe,Base,0.1,1.1776780096247657,-0.112346731357323
2022-12-01,-0.002984237436837,0.8081179384636565,0.0008081179384636,-0.0037923553753007,0,Maximum Sharpe,Base,0.1,1.1732118360945916,-0.1157130280020635
2022-12-02,-0.0008445963009859,0.0,0.0,-0.0008445963009859,0,Maximum Sharpe,Base,0.1,1.1722209457175532,-0.1164598935076229
2022-12-05,-0.0077948765201937,0.0,0.0,-0.0077948765201937,0,Maximum Sharpe,Base,0.1,1.1630836281913002,-0.1233469795383699
2022-12-06,-0.0131636968493988,0.0,0.0,-0.0131636968493988,0,Maximum Sharpe,Base,0.1,1.147773147899291,-0.1348869741418366
2022-12-07,0.0064112029621798,0.0,0.0,0.0064112029621798,0,Maximum Sharpe,Base,0.1,1.1551317545050137,-0.1293405589478343
2022-12-08,0.0028589204557146,0.0,0.0,0.0028589204557146,0,Maximum Sharpe,Base,0.1,1.1584341843070134,-0.1268514128618492
2022-12-09,-0.0180152641568519,0.0,0.0,-0.0180152641568519,0,Maximum Sharpe,Base,0.1,1.1375646864683953,-0.142581415307325
2022-12-12,0.005970892019457,0.0,0.0,0.005970892019457,0,Maximum Sharpe,Base,0.1,1.1443569623764456,-0.1374618615226494
2022-12-13,0.0041658893977895,0.0,0.0,0.0041658893977895,0,Maximum Sharpe,Base,0.1,1.1491242269132964,-0.1338686230363773
2022-12-14,0.0020071160422425,0.0,0.0,0.0020071160422425,0,Maximum Sharpe,Base,0.1,1.1514306525836635,-0.1321301968549839
2022-12-15,-0.0150245509083854,0.0,0.0,-0.0150245509083854,0,Maximum Sharpe,Base,0.1,1.134130924126445,-0.1451695508941867
2022-12-16,-0.002872103558543,0.0,0.0,-0.002872103558543,0,Maximum Sharpe,Base,0.1,1.1308735826634078,-0.1476247124690144
2022-12-19,-6.975973531169518e-06,0.0,0.0,-6.975973531169518e-06,0,Maximum Sharpe,Base,0.1,1.130865693719228,-0.1476306586164588
2022-12-20,0.0018404701745231,0.0,0.0,0.0018404701745231,0,Maximum Sharpe,Base,0.1,1.1329470182999095,-0.1460618982659645
2022-12-21,0.0113296367205401,0.0,0.0,0.0113296367205401,0,Maximum Sharpe,Base,0.1,1.145782896440867,-0.1363870897914901
2022-12-22,-0.0064550943627274,0.0,0.0,-0.0064550943627274,0,Maximum Sharpe,Base,0.1,1.1383867597251418,-0.1419617926197559
2022-12-23,0.0082212689049514,0.0,0.0,0.0082212689049514,0,Maximum Sharpe,Base,0.1,1.1477457433946785,-0.1349076297861604
2022-12-27,0.0033592211941445,0.0,0.0,0.0033592211941445,0,Maximum Sharpe,Base,0.1,1.151601275221379,-0.1320015931612455
2022-12-28,-0.0119725592812865,0.0,0.0,-0.0119725592812865,0,Maximum Sharpe,Base,0.1,1.1378136606853857,-0.1423937555431849
2022-12-29,0.0026595718655594,0.0,0.0,0.0026595718655594,0,Maximum Sharpe,Base,0.1,1.1408397578855938,-0.1401128901036994
2022-12-30,0.0023311363280654,0.0,0.0,0.0023311363280654,0,Maximum Sharpe,Base,0.1,1.1434992108897022,-0.138108376023785
2023-01-03,-0.0100422383974025,0.6590492769472769,0.0006590492769472,-0.0107012876743498,0,Maximum Sharpe,Base,0.1,1.1312622968785797,-0.1473317262360669
2023-01-04,0.0065184447293909,0.0,0.0,0.0065184447293909,0,Maximum Sharpe,Base,0.1,1.1386363676352262,-0.1417736552210317
2023-01-05,0.0162178090419635,0.0,0.0,0.0162178090419635,0,Maximum Sharpe,Base,0.1,1.1571025548137694,-0.1278551042466239
2023-01-06,0.0127241549307951,0.0,0.0,0.0127241549307951,0,Maximum Sharpe,Base,0.1,1.1718257069920388,-0.1167577974709557
2023-01-09,-0.0295462454099337,0.0,0.0,-0.0295462454099337,0,Maximum Sharpe,Base,0.1,1.1372026570755829,-0.1428542883432892
2023-01-10,0.0066330352528134,0.0,0.0,0.0066330352528134,0,Maximum Sharpe,Base,0.1,1.1447457623895585,-0.1371688106210725
2023-01-11,0.0041630442632092,0.0,0.0,0.0041630442632092,0,Maximum Sharpe,Base,0.1,1.1495113896685072,-0.1335768061880106
2023-01-12,0.0101047409169079,0.0,0.0,0.0101047409169079,0,Maximum Sharpe,Base,0.1,1.1611269044421422,-0.1248218242901405
2023-01-13,0.0021271196132283,0.0,0.0,0.0021271196132283,0,Maximum Sharpe,Base,0.1,1.1635967602540285,-0.1229602156275186
2023-01-17,-0.0117808934753065,0.0,0.0,-0.0117808934753065,0,Maximum Sharpe,Base,0.1,1.1498885507732637,-0.1332925279008168
2023-01-18,-0.0155850480778893,0.0,0.0,-0.0155850480778893,0,Maximum Sharpe,Base,0.1,1.1319674824252477,-0.1468002055229486
2023-01-19,0.0095285661999597,0.0,0.0,0.0095285661999597,0,Maximum Sharpe,Base,0.1,1.1427535095177386,-0.1386704347994818
2023-01-20,0.0064384170622926,0.0,0.0,0.0064384170622926,0,Maximum Sharpe,Base,0.1,1.1501110332114124,-0.1331248358306377
2023-01-23,-0.0023915823218143,0.0,0.0,-0.0023915823218143,0,Maximum Sharpe,Base,0.1,1.1473604479962602,-0.1351980391484851
2023-01-24,-0.0084820175028479,0.0,0.0,-0.0084820175028479,0,Maximum Sharpe,Base,0.1,1.1376285165942803,-0.1425333045169249
2023-01-25,-0.0010974861814228,0.0,0.0,-0.0010974861814228,0,Maximum Sharpe,Base,0.1,1.136379985017726,-0.1434743623662477
2023-01-26,0.0028874692667596,0.0,0.0,0.0028874692667596,0,Maximum Sharpe,Base,0.1,1.139661247299825,-0.1410011709113888
2023-01-27,-0.0142437052351399,0.0,0.0,-0.0142437052351399,0,Maximum Sharpe,Base,0.1,1.1234282484253744,-0.1532364970302574
2023-01-30,-0.0033481153863869,0.0,0.0,-0.0033481153863869,0,Maximum Sharpe,Base,0.1,1.1196668810213195,-0.1560715589431813
2023-01-31,0.0142253810949977,0.0,0.0,0.0142253810949977,0,Maximum Sharpe,Base,0.1,1.1355945691032951,-0.1440663552522408
2023-02-01,0.000428697184929,0.5673986882479873,0.0005673986882479,-0.0001387015033189,0,Maximum Sharpe,Base,0.1,1.1354370604293995,-0.1441850745355086
2023-02-02,-0.0258278764905397,0.0,0.0,-0.0258278764905397,0,Maximum Sharpe,Base,0.1,1.1061111322698476,-0.1662889567291661
2023-02-03,-0.0025782659313548,0.0,0.0,-0.0025782659313548,0,Maximum Sharpe,Base,0.1,1.103259283621224,-0.1684384855086255
2023-02-06,-0.0008126896878564,0.0,0.0,-0.0008126896878564,0,Maximum Sharpe,Base,0.1,1.1023626761783931,-0.1691142869762709
2023-02-07,0.0145133885187886,0.0,0.0,0.0145133885187886,0,Maximum Sharpe,Base,0.1,1.118361693986382,-0.1570553198084467
2023-02-08,0.0024041608209654,0.0,0.0,0.0024041608209654,0,Maximum Sharpe,Base,0.1,1.1210504153547325,-0.1550287452340889
2023-02-09,-0.0025835316818731,0.0,0.0,-0.0025835316818731,0,Maximum Sharpe,Base,0.1,1.1181541460896864,-0.1572117552410488
2023-02-10,0.0193596787209756,0.0,0.0,0.0193596787209756,0,Maximum Sharpe,Base,0.1,1.1398012511185098,-0.1408956455927004
2023-02-13,0.0083311927218622,0.0,0.0,0.0083311927218622,0,Maximum Sharpe,Base,0.1,1.149297155006198,-0.1337382816479421
2023-02-14,-0.0014973096018935,0.0,0.0,-0.0014973096018935,0,Maximum Sharpe,Base,0.1,1.1475763013405782,-0.1350353436365834
2023-02-15,-0.0098375212575065,0.0,0.0,-0.0098375212575065,0,Maximum Sharpe,Base,0.1,1.1362869950815295,-0.1435444518305504
2023-02-16,-0.0080070173202812,0.0,0.0,-0.0080070173202812,0,Maximum Sharpe,Base,0.1,1.1271887254311013,-0.1504021062387942
2023-02-17,0.0080183338820296,0.0,0.0,0.0080183338820296,0,Maximum Sharpe,Base,0.1,1.1362269009796673,-0.1435897466611477
2023-02-21,-0.008216673437908,0.0,0.0,-0.008216673437908,0,Maximum Sharpe,Base,0.1,1.126890895582951,-0.1506265900417092
2023-02-22,-0.0035954556563901,0.0,0.0,-0.0035954556563901,0,Maximum Sharpe,Base,0.1,1.1228392093382928,-0.1536804744729311
2023-02-23,0.0059729221317579,0.0,0.0,0.0059729221317579,0,Maximum Sharpe,Base,0.1,1.129545840502155,-0.1486254738483716
2023-02-24,-0.0052211672509398,0.0,0.0,-0.0052211672509398,0,Maximum Sharpe,Base,0.1,1.12364829275129,-0.1530706426425989
2023-02-27,-0.0015842635597626,0.0,0.0,-0.0015842635597626,0,Maximum Sharpe,Base,0.1,1.1218681377070945,-0.1544124019611534
2023-02-28,-0.015201214061236,0.0,0.0,-0.015201214061236,0,Maximum Sharpe,Base,0.1,1.104814379997329,-0.1672663600464684
2023-03-01,0.0028763644604892,0.4886865271334258,0.0004886865271334,0.0023876779333558,0,Maximum Sharpe,Base,0.1,1.1074523209129026,-0.1652780603099882
2023-03-02,0.0039023291163225,0.0,0.0,0.0039023291163225,0,Maximum Sharpe,Base,0.1,1.11177396434974,-0.1620207005807027
2023-03-03,0.0055031312396337,0.0,0.0,0.0055031312396337,0,Maximum Sharpe,Base,0.1,1.1178922023843647,-0.1574091905199017
2023-03-06,0.0251623892503254,0.0,0.0,0.0251623892503254,0,Maximum Sharpe,Base,0.1,1.1460210411206635,-0.1362075925930167
2023-03-07,-0.0049475286740795,0.0,0.0,-0.0049475286740795,0,Maximum Sharpe,Base,0.1,1.1403510691586207,-0.140481230297115
2023-03-08,-0.0172712465579263,0.0,0.0,-0.0172712465579263,0,Maximum Sharpe,Base,0.1,1.1206557846805874,-0.1553261908898189
2023-03-09,-0.0095222414739139,0.0,0.0,-0.0095222414739139,0,Maximum Sharpe,Base,0.1,1.1099846296897202,-0.1633693788668568
2023-03-10,-0.0018273894336361,0.0,0.0,-0.0018273894336361,0,Maximum Sharpe,Base,0.1,1.1079562555059268,-0.1648982288237719
2023-03-13,-0.0136963340173719,0.0,0.0,-0.0136963340173719,0,Maximum Sharpe,Base,0.1,1.0927813165538809,-0.1763360616203004
2023-03-14,0.0151222128866162,0.0,0.0,0.0151222128866162,0,Maximum Sharpe,Base,0.1,1.109306588261325,-0.163880440197094
2023-03-15,-0.00810343109811,0.0,0.0,-0.00810343109811,0,Maximum Sharpe,Base,0.1,1.10031739875667,-0.1706558774397389
2023-03-16,-0.0001207079743298,0.0,0.0,-0.0001207079743298,0,Maximum Sharpe,Base,0.1,1.1001845816723463,-0.1707559858887956
2023-03-17,-0.0263474179322884,0.0,0.0,-0.0263474179322884,0,Maximum Sharpe,Base,0.1,1.0711975586963651,-0.1926044244964319
2023-03-20,0.0200062255220798,0.0,0.0,0.0200062255220798,0,Maximum Sharpe,Base,0.1,1.092628178634346,-0.1764514865273782
2023-03-21,0.0056892070156921,0.0,0.0,0.0056892070156921,0,Maximum Sharpe,Base,0.1,1.0988443665337757,-0.1717661485467667
2023-03-22,-0.0147930730808538,0.0,0.0,-0.0147930730808538,0,Maximum Sharpe,Base,0.1,1.0825890815151569,-0.1840182724393514
2023-03-23,-0.0004999702356938,0.0,0.0,-0.0004999702356938,0,Maximum Sharpe,Base,0.1,1.082047819196912,-0.1844262390160018
2023-03-24,0.0061932965301074,0.0,0.0,0.0061932965301074,0,Maximum Sharpe,Base,0.1,1.0887492622009547,-0.1793751488720529
2023-03-27,0.0157723025564356,0.0,0.0,0.0157723025564356,0,Maximum Sharpe,Base,0.1,1.105921344972484,-0.1664320054347331
2023-03-28,-0.0011284176995126,0.0,0.0,-0.0011284176995126,0,Maximum Sharpe,Base,0.1,1.1046734037525483,-0.1673726183135478
2023-03-29,-8.715406702812165e-05,0.0,0.0,-8.715406702812165e-05,0,Maximum Sharpe,Base,0.1,1.1045771269726734,-0.1674451851761808
2023-03-30,0.0072971058168272,0.0,0.0,0.0072971058168272,0,Maximum Sharpe,Base,0.1,1.11263734315104,-0.1613699445941024
2023-03-31,0.0068528561716224,0.0,0.0,0.0068528561716224,0,Maximum Sharpe,Base,0.1,1.12026208683483,-0.1556229334432061
2023-04-03,0.0210453504287671,0.540167306532852,0.0005401673065328,0.0205051831222343,0,Maximum Sharpe,Base,0.1,1.1432332660702746,-0.138308827069244
2023-04-04,-0.0079651814760336,0.0,0.0,-0.0079651814760336,0,Maximum Sharpe,Base,0.1,1.1341272056365863,-0.1451723536379338
2023-04-05,0.0203888410360393,0.0,0.0,0.0203888410360393,0,Maximum Sharpe,Base,0.1,1.1572507449469582,-0.1277434086430459
2023-04-06,-0.0028664215884981,0.0,0.0,-0.0028664215884981,0,Maximum Sharpe,Base,0.1,1.1539335764283367,-0.1302436637672213
2023-04-10,-0.0025223312616204,0.0,0.0,-0.0025223312616204,0,Maximum Sharpe,Base,0.1,1.151022973694678,-0.1324374773640937
2023-04-11,0.0001088572287016,0.0,0.0,0.0001088572287016,0,Maximum Sharpe,Base,0.1,1.1511482708657663,-0.1323430369121541
2023-04-12,0.0028003390563393,0.0,0.0,0.0028003390563393,0,Maximum Sharpe,Base,0.1,1.1543718763283093,-0.1299133032309144
2023-04-13,0.0123304311969706,0.0,0.0,0.0123304311969706,0,Maximum Sharpe,Base,0.1,1.1686057793250937,-0.1191847590810036
2023-04-14,-0.0008918379283214,0.0,0.0,-0.0008918379283214,0,Maximum Sharpe,Base,0.1,1.1675635723678357,-0.1199703035206989
2023-04-17,0.0008353906046454,0.0,0.0,0.0008353906046454,0,Maximum Sharpe,Base,0.1,1.168538944006518,-0.119235134980451
2023-04-18,0.0044008420739303,0.0,0.0,0.0044008420739303,0,Maximum Sharpe,Base,0.1,1.173681499356328,-0.1153590279052335
2023-04-19,-0.0011239922202094,0.0,0.0,-0.0011239922202094,0,Maximum Sharpe,Base,0.1,1.172362290482048,-0.1163533574755464
2023-04-20,0.0018984811871497,0.0,0.0,0.0018984811871497,0,Maximum Sharpe,Base,0.1,1.174587998235052,-0.1146757709486255
2023-04-21,0.0127015213630701,0.0,0.0,0.0127015213630701,0,Maximum Sharpe,Base,0.1,1.1895070527874405,-0.1034308063400859
2023-04-24,0.0060291672800971,0.0,0.0,0.0060291672800971,0,Maximum Sharpe,Base,0.1,1.1966787897895512,-0.0980252406933285
2023-04-25,-0.0061224298641929,0.0,0.0,-0.0061224298641929,0,Maximum Sharpe,Base,0.1,1.1893522078290977,-0.1035475178964558
2023-04-26,-0.0216954765758627,0.0,0.0,-0.0216954765758627,0,Maximum Sharpe,Base,0.1,1.1635486448636905,-0.1229964817233074
2023-04-27,0.0085840856995544,0.0,0.0,0.0085840856995544,0,Maximum Sharpe,Base,0.1,1.1735366461468009,-0.1154682083636094
2023-04-28,-0.0020577855050905,0.0,0.0,-0.0020577855050905,0,Maximum Sharpe,Base,0.1,1.1711217594466674,-0.1172883850632307
2023-05-01,0.0064599442953787,0.7627477024147195,0.0007627477024147,0.005697196592964,0,Maximum Sharpe,Base,0.1,1.177793870344533,-0.112259403458043
2023-05-02,0.0033357219696266,0.0,0.0,0.0033357219696266,0,Maximum Sharpe,Base,0.1,1.1817226632335327,-0.1092981476468287
2023-05-03,-0.0132867936907872,0.0,0.0,-0.0132867936907872,0,Maximum Sharpe,Base,0.1,1.166021358007421,-0.1211327193990474
2023-05-04,-0.0102757600996939,0.0,0.0,-0.0102757600996939,0,Maximum Sharpe,Base,0.1,1.1540396022614174,-0.1301637487339731
2023-05-05,0.0097382781490349,0.0,0.0,0.0097382781490349,0,Maximum Sharpe,Base,0.1,1.1652779609032409,-0.1216930413750306
2023-05-08,0.0035051397938906,0.0,0.0,0.0035051397938906,0,Maximum Sharpe,Base,0.1,1.1693624230549466,-0.1186144527031032
2023-05-09,-0.0039652563713516,0.0,0.0,-0.0039652563713516,0,Maximum Sharpe,Base,0.1,1.1647256012565088,-0.1221093723601395
2023-05-10,-0.0028162863815964,0.0,0.0,-0.0028162863815964,0,Maximum Sharpe,Base,0.1,1.1614454004073933,-0.1245817637792928
2023-05-11,-0.0031539405850225,0.0,0.0,-0.0031539405850225,0,Maximum Sharpe,Base,0.1,1.1577822706217606,-0.1273427808833782
2023-05-12,-0.0032548784659487,0.0,0.0,-0.0032548784659487,0,Maximum Sharpe,Base,0.1,1.154013830040857,-0.1301831740740355
2023-05-15,0.0057713260979388,0.0,0.0,0.0057713260979388,0,Maximum Sharpe,Base,0.1,1.160674020175554,-0.1251631775261427
2023-05-16,-0.0067152991569421,0.0,0.0,-0.0067152991569421,0,Maximum Sharpe,Base,0.1,1.1528797469063845,-0.1310379685025633
2023-05-17,0.0027807450483048,0.0,0.0,0.0027807450483048,0,Maximum Sharpe,Base,0.1,1.1560856115538851,-0.1286216066363119
2023-05-18,1.246730206192398e-05,0.0,0.0,1.246730206192398e-05,0,Maximum Sharpe,Base,0.1,1.1561000248224138,-0.1286107428986717
2023-05-19,0.0056155354994133,0.0,0.0,0.0056155354994133,0,Maximum Sharpe,Base,0.1,1.1625921455526769,-0.1237174255916117
2023-05-22,-0.0079357277834658,0.0,0.0,-0.0079357277834658,0,Maximum Sharpe,Base,0.1,1.1533661307623753,-0.1306713655635113
2023-05-23,-0.0142590121468577,0.0,0.0,-0.0142590121468577,0,Maximum Sharpe,Base,0.1,1.1369202690940603,-0.1430671331215524
2023-05-24,-0.0001479938628552,0.0,0.0,-0.0001479938628552,0,Maximum Sharpe,Base,0.1,1.1367520118716787,-0.1431939539267293
2023-05-25,-0.0083513779087984,0.0,0.0,-0.0083513779087984,0,Maximum Sharpe,Base,0.1,1.1272585662319514,-0.1503494650120306
2023-05-26,-0.0031298013661199,0.0,0.0,-0.0031298013661199,0,Maximum Sharpe,Base,0.1,1.1237304708313882,-0.1530087024171604
2023-05-30,-0.0113483370618745,0.0,0.0,-0.0113483370618745,0,Maximum Sharpe,Base,0.1,1.1109779986816946,-0.162620645150605
2023-05-31,0.0025780753237881,0.0,0.0,0.0025780753237881,0,Maximum Sharpe,Base,0.1,1.1138421836453674,-0.1604618180992182
2023-06-01,0.0213667158680897,0.657350711974063,0.000657350711974,0.0207093651561156,0,Maximum Sharpe,Base,0.1,1.1369091481527644,-0.1430755153277335
2023-06-02,0.0100851620253369,0.0,0.0,0.0100851620253369,0,Maximum Sharpe,Base,0.1,1.1483750611199728,-0.1344332930563354
2023-06-05,-0.0055906043981465,0.0,0.0,-0.0055906043981465,0,Maximum Sharpe,Base,0.1,1.1419549504525537,-0.1392723340950639
2023-06-06,-0.0087098363961296,0.0,0.0,-0.0087098363961296,0,Maximum Sharpe,Base,0.1,1.1320087096623617,-0.1467691312467184
2023-06-07,-0.0061871098966124,0.0,0.0,-0.0061871098966124,0,Maximum Sharpe,Base,0.1,1.1250048473717582,-0.152048164398877
2023-06-08,0.0119876691994462,0.0,0.0,0.0119876691994462,0,Maximum Sharpe,Base,0.1,1.1384910333298244,-0.1418831982966275
2023-06-09,0.0030317229674054,0.0,0.0,0.0030317229674054,0,Maximum Sharpe,Base,0.1,1.1419426227437557,-0.1392816258801867
2023-06-12,-0.0001114371880736,0.0,0.0,-0.0001114371880736,0,Maximum Sharpe,Base,0.1,1.1418153678689358,-0.1393775419155219
2023-06-13,0.007545219033344,0.0,0.0,0.007545219033344,0,Maximum Sharpe,Base,0.1,1.1504306149151453,-0.1328839569642596
2023-06-14,-0.0038182539721048,0.0,0.0,-0.0038182539721048,0,Maximum Sharpe,Base,0.1,1.1460379786501147,-0.1361948262398564
2023-06-15,0.0050711633193472,0.0,0.0,0.0050711633193472,0,Maximum Sharpe,Base,0.1,1.151849724410024,-0.1318143291276218
2023-06-16,0.0031655623481136,0.0,0.0,0.0031655623481136,0,Maximum Sharpe,Base,0.1,1.1554959765283015,-0.1290660332567362
2023-06-20,-0.0030028599978452,0.0,0.0,-0.0030028599978452,0,Maximum Sharpe,Base,0.1,1.1520261838827135,-0.1316813260262342
2023-06-21,0.0049144436476875,0.0,0.0,0.0049144436476875,0,Maximum Sharpe,Base,0.1,1.1576877516440656,-0.1274140228347555
2023-06-22,0.0073974059725144,0.0,0.0,0.0073974059725144,0,Maximum Sharpe,Base,0.1,1.1662516379323842,-0.1209591501157409
2023-06-23,-0.0033699898376199,0.0,0.0,-0.0033699898376199,0,Maximum Sharpe,Base,0.1,1.1623213817644444,-0.1239215088467037
2023-06-26,-0.0082310877656066,0.0,0.0,-0.0082310877656066,0,Maximum Sharpe,Base,0.1,1.1527542124593,-0.1311325877969468
2023-06-27,0.0075717053233082,0.0,0.0,0.0075717053233082,0,Maximum Sharpe,Base,0.1,1.161482527666244,-0.12455377978672
2023-06-28,0.0024893428759675,0.0,0.0,0.0024893428759675,0,Maximum Sharpe,Base,0.1,1.164373855922051,-0.1223744939751394
2023-06-29,0.0058163735421185,0.0,0.0,0.0058163735421185,0,Maximum Sharpe,Base,0.1,1.1711462892107702,-0.117269896202008
2023-06-30,0.0193988769996023,0.0,0.0,0.0193988769996023,0,Maximum Sharpe,Base,0.1,1.1938652120237103,-0.1001459234945846
2023-07-03,-0.0090737884404492,0.3631954568818494,0.0003631954568818,-0.0094369838973311,0,Maximum Sharpe,Base,0.1,1.182598725242259,-0.108637831924514
2023-07-05,-0.0003864738528538,0.0,0.0,-0.0003864738528538,0,Maximum Sharpe,Base,0.1,1.1821416817565344,-0.1089823200958983
2023-07-06,-0.0122975046249522,0.0,0.0,-0.0122975046249522,0,Maximum Sharpe,Base,0.1,1.167604288957785,-0.1199396141354333
2023-07-07,-0.0046130274596971,0.0,0.0,-0.0046130274596971,0,Maximum Sharpe,Base,0.1,1.1622180983107622,-0.1239993568616182
2023-07-10,0.0132702300535035,0.0,0.0,0.0132702300535035,0,Maximum Sharpe,Base,0.1,1.1776409998476915,-0.1123746268001547
2023-07-11,-0.0001403002771637,0.0,0.0,-0.0001403002771637,0,Maximum Sharpe,Base,0.1,1.1774757764890136,-0.1124991608860321
2023-07-12,0.0004156992671744,0.0,0.0,0.0004156992671744,0,Maximum Sharpe,Base,0.1,1.1779652523064157,-0.1121302274375958
2023-07-13,0.0016774323680907,0.0,0.0,0.0016774323680907,0,Maximum Sharpe,Base,0.1,1.1799412093491208,-0.1106408859424501
2023-07-14,-0.0022627826285093,0.0,0.0,-0.0022627826285093,0,Maximum Sharpe,Base,0.1,1.1772712588779433,-0.112653312296246
2023-07-17,0.0010615853684779,0.0,0.0,0.0010615853684779,0,Maximum Sharpe,Base,0.1,1.1785210328210975,-0.1117113180358125
2023-07-18,0.0031034895228291,0.0,0.0,0.0031034895228291,0,Maximum Sharpe,Base,0.1,1.1821785604988917,-0.1089545234180889
2023-07-19,-0.0060834161227261,0.0,0.0,-0.0060834161227261,0,Maximum Sharpe,Base,0.1,1.1749868763840117,-0.1143751238364094
2023-07-20,0.0114222757719092,0.0,0.0,0.0114222757719092,0,Maximum Sharpe,Base,0.1,1.188407900514444,-0.1042592722704061
2023-07-21,-0.0007910328074814,0.0,0.0,-0.0007910328074814,0,Maximum Sharpe,Base,0.1,1.1874678308764668,-0.1049678325730375
2023-07-24,-0.0037317446570195,0.0,0.0,-0.0037317446570195,0,Maximum Sharpe,Base,0.1,1.183036504143211,-0.1083078640816936
2023-07-25,0.0294632444287793,0.0,0.0,0.0294632444287793,0,Maximum Sharpe,Base,0.1,1.2178925978329511,-0.0820357207259122
2023-07-26,-0.0115697002151355,0.0,0.0,-0.0115697002151355,0,Maximum Sharpe,Base,0.1,1.2038019455817912,-0.0926562922453163
2023-07-27,-0.0017979894195081,0.0,0.0,-0.0017979894195081,0,Maximum Sharpe,Base,0.1,1.201637522420452,-0.0942876866317166
2023-07-28,0.001322978988645,0.0,0.0,0.001322978988645,0,Maximum Sharpe,Base,0.1,1.2032272636145815,-0.0930894482713733
2023-07-31,0.000213832661778,0.0,0.0,0.000213832661778,0,Maximum Sharpe,Base,0.1,1.2034845529030842,-0.0928955211741024
2023-08-01,-0.0094723874604855,0.2992381284339339,0.0002992381284339,-0.0097716255889194,0,Maximum Sharpe,Base,0.1,1.1917245524500673,-0.101759406511221
2023-08-02,-0.0112491612196731,0.0,0.0,-0.0112491612196731,0,Maximum Sharpe,Base,0.1,1.1783186508301136,-0.1118638597614312
2023-08-03,0.0030411242803424,0.0,0.0,0.0030411242803424,0,Maximum Sharpe,Base,0.1,1.1819020642891336,-0.109162927381102
2023-08-04,0.003187950661526,0.0,0.0,0.003187950661526,0,Maximum Sharpe,Base,0.1,1.185669909756843,-0.1063229827461347
2023-08-07,0.0136747464692672,0.0,0.0,0.0136747464692672,0,Maximum Sharpe,Base,0.1,1.201883645169007,-0.094102176109777
2023-08-08,-0.0061269211425256,0.0,0.0,-0.0061269211425256,0,Maximum Sharpe,Base,0.1,1.194519798852565,-0.0996525406399378
2023-08-09,-0.0120784484656666,0.0,0.0,-0.0120784484656666,0,Maximum Sharpe,Base,0.1,1.180091853020906,-0.1105273410290123
2023-08-10,0.003199091875583,0.0,0.0,0.003199091875583,0,Maximum Sharpe,Base,0.1,1.183867075280347,-0.1076818362721448
2023-08-11,0.0046434628755242,0.0,0.0,0.0046434628755242,0,Maximum Sharpe,Base,0.1,1.1893643180939668,-0.1035383900057187
2023-08-14,0.0175292295444245,0.0,0.0,0.0175292295444245,0,Maximum Sharpe,Base,0.1,1.210212958237784,-0.0878241086663645
2023-08-15,-0.0084444556665384,0.0,0.0,-0.0084444556665384,0,Maximum Sharpe,Base,0.1,1.1999933685648745,-0.0955269375408167
2023-08-16,-0.0041005513635479,0.0,0.0,-0.0041005513635479,0,Maximum Sharpe,Base,0.1,1.195072734121157,-0.0992357757903761
2023-08-17,-0.0116378651187203,0.0,0.0,-0.0116378651187203,0,Maximum Sharpe,Base,0.1,1.181164638834395,-0.1097187483354964
2023-08-18,0.003883871872135,0.0,0.0,0.003883871872135,0,Maximum Sharpe,Base,0.1,1.1857521309515244,-0.1062610100238674
2023-08-21,0.0135938202328102,0.0,0.0,0.0135938202328102,0,Maximum Sharpe,Base,0.1,1.2018710322603512,-0.0941116828590785
2023-08-22,-0.0123582446883924,0.0,0.0,-0.0123582446883924,0,Maximum Sharpe,Base,0.1,1.187018015959787,-0.1053068723426621
2023-08-23,0.0245760636261497,0.0,0.0,0.0245760636261497,0,Maximum Sharpe,Base,0.1,1.2161902462454008,-0.0833188371114763
2023-08-24,-0.0161349257399825,0.0,0.0,-0.0161349257399825,0,Maximum Sharpe,Base,0.1,1.1965671069365402,-0.0981094196019235
2023-08-25,0.0022266933922189,0.0,0.0,0.0022266933922189,0,Maximum Sharpe,Base,0.1,1.1992314950069023,-0.0961011858060464
2023-08-28,0.0096439166339102,0.0,0.0,0.0096439166339102,0,Maximum Sharpe,Base,0.1,1.2107967835695088,-0.0873840609964695
2023-08-29,0.0154550998477714,0.0,0.0,0.0154550998477714,0,Maximum Sharpe,Base,0.1,1.229509768754936,-0.0732794905365021
2023-08-30,-0.0015952850445747,0.0,0.0,-0.0015952850445747,0,Maximum Sharpe,Base,0.1,1.2275483502086828,-0.07475787390575
2023-08-31,-0.0028209260733065,0.0,0.0,-0.0028209260733065,0,Maximum Sharpe,Base,0.1,1.2240855270613349,-0.0773679135433709
2023-09-01,-0.0010922105370887,0.3265902279939285,0.0003265902279939,-0.0014188007650826,0,Maximum Sharpe,Base,0.1,1.2223487935790134,-0.0786769446535254
2023-09-05,-0.0121121087511371,0.0,0.0,-0.0121121087511371,0,Maximum Sharpe,Base,0.1,1.207543572059363,-0.0898361096948119
2023-09-06,-0.0092625801131495,0.0,0.0,-0.0092625801131495,0,Maximum Sharpe,Base,0.1,1.1963586029830444,-0.0982665756448595
2023-09-07,-0.0013849495560346,0.0,0.0,-0.0013849495560346,0,Maximum Sharpe,Base,0.1,1.194701706666985,-0.0995154309505816
2023-09-08,0.0003366898693291,0.0,0.0,0.0003366898693291,0,Maximum Sharpe,Base,0.1,1.19510395062849,-0.0992122469186955
2023-09-11,0.0063602692738023,0.0,0.0,0.0063602692738023,0,Maximum Sharpe,Base,0.1,1.202705133564672,-0.093482994250555
2023-09-12,0.0031888063673528,0.0,0.0,0.0031888063673528,0,Maximum Sharpe,Base,0.1,1.2065403273526312,-0.0905922870505075
2023-09-13,-0.0066408974020847,0.0,0.0,-0.0066408974020847,0,Maximum Sharpe,Base,0.1,1.1985278168272044,-0.0966315703688698
2023-09-14,0.0119145508559699,0.0,0.0,0.0119145508559699,0,Maximum Sharpe,Base,0.1,1.2128077374530868,-0.0858683412723519
2023-09-15,-0.0104872708067054,0.0,0.0,-0.0104872708067054,0,Maximum Sharpe,Base,0.1,1.2000886942739486,-0.0954550875304116
2023-09-18,0.0049613531850085,0.0,0.0,0.0049613531850085,0,Maximum Sharpe,Base,0.1,1.2060427581395774,-0.0909673207479474
2023-09-19,-0.0049795875688304,0.0,0.0,-0.0049795875688304,0,Maximum Sharpe,Base,0.1,1.2000371626136677,-0.0954939285772115
2023-09-20,-0.0106259322435037,0.0,0.0,-0.0106259322435037,0,Maximum Sharpe,Base,0.1,1.1872856490340484,-0.1051051488059877
2023-09-21,-0.01475273071161,0.0,0.0,-0.01475273071161,0,Maximum Sharpe,Base,0.1,1.16976994357609,-0.1183072915608592
2023-09-22,-0.0044434636447859,0.0,0.0,-0.0044434636447859,0,Maximum Sharpe,Base,0.1,1.1645721133590463,-0.1222250610566815
2023-09-25,0.0036710855946344,0.0,0.0,0.0036710855946344,0,Maximum Sharpe,Base,0.1,1.1688473572683118,-0.1190026741229954
2023-09-26,-0.0097061545247777,0.0,0.0,-0.0097061545247777,0,Maximum Sharpe,Base,0.1,1.1575023442027874,-0.1275537703038737
2023-09-27,0.0017808048471461,0.0,0.0,0.0017808048471461,0,Maximum Sharpe,Base,0.1,1.1595636299879268,-0.1260001138291564
2023-09-28,0.0094786416810161,0.0,0.0,0.0094786416810161,0,Maximum Sharpe,Base,0.1,1.1705547181429208,-0.1177157820788941
2023-09-29,-0.0106776736580745,0.0,0.0,-0.0106776736580745,0,Maximum Sharpe,Base,0.1,1.1580559168636713,-0.1271365250315251
2023-10-02,-0.0046323549313361,0.4388169103945356,0.0004388169103945,-0.0050711718417306,0,Maximum Sharpe,Base,0.1,1.1521832163069226,-0.1315629657074605
2023-10-03,-0.0124544836480004,0.0,0.0,-0.0124544836480004,0,Maximum Sharpe,Base,0.1,1.1378333692799274,-0.1423789005503749
2023-10-04,0.0071047631825907,0.0,0.0,0.0071047631825907,0,Maximum Sharpe,Base,0.1,1.1459174059099104,-0.1362857057383925
2023-10-05,0.0038014051771274,0.0,0.0,0.0038014051771274,0,Maximum Sharpe,Base,0.1,1.1502735022692967,-0.1330023777486274
2023-10-06,0.0185449283857597,0.0,0.0,0.0185449283857597,0,Maximum Sharpe,Base,0.1,1.171605241992918,-0.1169239689333517
2023-10-09,-0.0025102334743901,0.0,0.0,-0.0025102334743901,0,Maximum Sharpe,Base,0.1,1.1686642392956963,-0.1191406959469667
2023-10-10,0.0062062478654939,0.0,0.0,0.0062062478654939,0,Maximum Sharpe,Base,0.1,1.1759172592363043,-0.113673864771387
2023-10-11,0.0155898779393547,0.0,0.0,0.0155898779393547,0,Maximum Sharpe,Base,0.1,1.1942496657745791,-0.0998561485087129
2023-10-12,-0.0077032565948393,0.0,0.0,-0.0077032565948393,0,Maximum Sharpe,Base,0.1,1.1850500541608164,-0.1067901875690172
2023-10-13,-0.013367000527509,0.0,0.0,-0.013367000527509,0,Maximum Sharpe,Base,0.1,1.1692094894617242,-0.1187297236029584
2023-10-16,0.0029714491811019,0.0,0.0,0.0029714491811019,0,Maximum Sharpe,Base,0.1,1.172683736041722,-0.1161110737618289
2023-10-17,-0.0041594008627989,0.0,0.0,-0.0041594008627989,0,Maximum Sharpe,Base,0.1,1.1678060742982397,-0.1197875221242424
2023-10-18,-0.0226195623383308,0.0,0.0,-0.0226195623383308,0,Maximum Sharpe,Base,0.1,1.1413908120015692,-0.1396975431385297
2023-10-19,-0.0078538556969991,0.0,0.0,-0.0078538556969991,0,Maximum Sharpe,Base,0.1,1.1324264932702282,-0.1464542344904936
2023-10-20,-0.0048056858787215,0.0,0.0,-0.0048056858787215,0,Maximum Sharpe,Base,0.1,1.1269844072628292,-0.1505561073226453
2023-10-23,0.0091608148021172,0.0,0.0,0.0091608148021172,0,Maximum Sharpe,Base,0.1,1.1373085027026375,-0.1427745091370386
2023-10-24,0.0341647763888102,0.0,0.0,0.0341647763888102,0,Maximum Sharpe,Base,0.1,1.1761643933825658,-0.1134875919269174
2023-10-25,-0.0188114668725883,0.0,0.0,-0.0188114668725883,0,Maximum Sharpe,Base,0.1,1.1540390158597318,-0.1301641907235228
2023-10-26,-0.0148113230356945,0.0,0.0,-0.0148113230356945,0,Maximum Sharpe,Base,0.1,1.1369461712000384,-0.1430476098827313
2023-10-27,-0.0181593514247826,0.0,0.0,-0.0181593514247826,0,Maximum Sharpe,Base,0.1,1.116299966126156,-0.1586093094891782
2023-10-30,0.0198941821359425,0.0,0.0,0.0198941821359425,0,Maximum Sharpe,Base,0.1,1.1385078409706162,-0.1418705298446694
2023-10-31,-0.0111620640851373,0.0,0.0,-0.0111620640851373,0,Maximum Sharpe,Base,0.1,1.125799743488271,-0.1514490259838881
2023-11-01,0.0039541782662826,0.4519740063878869,0.0004519740063878,0.0035022042598947,0,Maximum Sharpe,Base,0.1,1.129742524145704,-0.148477227147951
2023-11-02,0.0098153157173638,0.0,0.0,0.0098153157173638,0,Maximum Sharpe,Base,0.1,1.1408313036995257,-0.1401192622918829
2023-11-03,0.0136118453011678,0.0,0.0,0.0136118453011678,0,Maximum Sharpe,Base,0.1,1.1563601229202132,-0.1284146987127461
2023-11-06,0.0187198820701046,0.0,0.0,0.0187198820701046,0,Maximum Sharpe,Base,0.1,1.1780070480518512,-0.1120987246586121
2023-11-07,0.0014541156590377,0.0,0.0,0.0014541156590377,0,Maximum Sharpe,Base,0.1,1.1797200065468805,-0.1108076135104586
2023-11-08,0.0120124076748239,0.0,0.0,0.0120124076748239,0,Maximum Sharpe,Base,0.1,1.1938912842076674,-0.1001262720625966
2023-11-09,-0.0038805342636336,0.0,0.0,-0.0038805342636336,0,Maximum Sharpe,Base,0.1,1.189258348172246,-0.1036182628968013
2023-11-10,0.0179088273478558,0.0,0.0,0.0179088273478558,0,Maximum Sharpe,Base,0.1,1.210556570601659,-0.087565117129249
2023-11-13,0.0048991861372842,0.0,0.0,0.0048991861372842,0,Maximum Sharpe,Base,0.1,1.216487312570749,-0.0830949287999142
2023-11-14,0.0125281425330416,0.0,0.0,0.0125281425330416,0,Maximum Sharpe,Base,0.1,1.231727639012272,-0.0716078113786509
2023-11-15,-0.0070413849619561,0.0,0.0,-0.0070413849619561,0,Maximum Sharpe,Base,0.1,1.2230545705377052,-0.0781449781744069
2023-11-16,0.0043053415213692,0.0,0.0,0.0043053415213692,0,Maximum Sharpe,Base,0.1,1.2283202381631415,-0.0741760774722584
2023-11-17,0.0025545874808781,0.0,0.0,0.0025545874808781,0,Maximum Sharpe,Base,0.1,1.2314580896660623,-0.0718109792702715
2023-11-20,0.0069713039500965,0.0,0.0,0.0069713039500965,0,Maximum Sharpe,Base,0.1,1.2400429583109296,-0.0653402914836223
2023-11-21,-0.002997473815922,0.0,0.0,-0.002997473815922,0,Maximum Sharpe,Base,0.1,1.2363259620127742,-0.0681419094866973
2023-11-22,-0.0087706641699377,0.0,0.0,-0.0087706641699377,0,Maximum Sharpe,Base,0.1,1.2254825621953849,-0.076314923852629
2023-11-24,-0.0016361072844265,0.0,0.0,-0.0016361072844265,0,Maximum Sharpe,Base,0.1,1.223477541248439,-0.0778261717342297
2023-11-27,0.0025090772763307,0.0,0.0,0.0025090772763307,0,Maximum Sharpe,Base,0.1,1.2265473409452867,-0.0755123663369012
2023-11-28,-0.0066175670885531,0.0,0.0,-0.0066175670885531,0,Maximum Sharpe,Base,0.1,1.2184305816292946,-0.0816302252752047
2023-11-29,0.0004725896760314,0.0,0.0,0.0004725896760314,0,Maximum Sharpe,Base,0.1,1.2190063993431337,-0.0811962132008905
2023-11-30,0.0069855196258239,0.0,0.0,0.0069855196258239,0,Maximum Sharpe,Base,0.1,1.22752179246975,-0.074777891315924
2023-12-01,0.0025864456108501,0.5721771531567135,0.0005721771531567,0.0020142684576934,0,Maximum Sharpe,Base,0.1,1.229994350897453,-0.0729142456060412
2023-12-04,-0.0126837607973028,0.0,0.0,-0.0126837607973028,0,Maximum Sharpe,Base,0.1,1.2143933967686358,-0.0846731795533612
2023-12-05,-0.0020610289140981,0.0,0.0,-0.0020610289140981,0,Maximum Sharpe,Base,0.1,1.211890496864806,-0.0865596945961512
2023-12-06,-0.0064457940904493,0.0,0.0,-0.0064457940904493,0,Maximum Sharpe,Base,0.1,1.204078900261843,-0.0924475427187014
2023-12-07,0.004674346464775,0.0,0.0,0.004674346464775,0,Maximum Sharpe,Base,0.1,1.209707182212592,-0.0882053280984109
2023-12-08,0.009858152817029,0.0,0.0,0.009858152817029,0,Maximum Sharpe,Base,0.1,1.2216326604787016,-0.079216716885052
2023-12-11,-0.0022053227227691,0.0,0.0,-0.0022053227227691,0,Maximum Sharpe,Base,0.1,1.2189385662136711,-0.0812473411820513
2023-12-12,0.014769468734444,0.0,0.0,0.014769468734444,0,Maximum Sharpe,Base,0.1,1.236941641256572,-0.0676778525129523
2023-12-13,0.0019611975799282,0.0,0.0,0.0019611975799282,0,Maximum Sharpe,Base,0.1,1.2393675282099168,-0.0658493845735872
2023-12-14,-0.0048055760514553,0.0,0.0,-0.0048055760514553,0,Maximum Sharpe,Base,0.1,1.2334116532973998,-0.0703385163995327
2023-12-15,0.008978308166229,0.0,0.0,0.008978308166229,0,Maximum Sharpe,Base,0.1,1.244485603216522,-0.061991729109494
2023-12-18,0.0085680064654725,0.0,0.0,0.0085680064654725,0,Maximum Sharpe,Base,0.1,1.2551483639110683,-0.0539548681798374
2023-12-19,0.0093583193080313,0.0,0.0,0.0093583193080313,0,Maximum Sharpe,Base,0.1,1.2668944430795015,-0.0451014757564557
2023-12-20,-0.0212396025969537,0.0,0.0,-0.0212396025969537,0,Maximum Sharpe,Base,0.1,1.2399861085762038,-0.0653831409318062
2023-12-21,0.0211004414333188,0.0,0.0,0.0211004414333188,0,Maximum Sharpe,Base,0.1,1.266150362838345,-0.0456623126344453
2023-12-22,-0.0003889602490436,0.0,0.0,-0.0003889602490436,0,Maximum Sharpe,Base,0.1,1.2656578806778886,-0.0460335120589948
2023-12-26,0.007276411398555,0.0,0.0,0.007276411398555,0,Maximum Sharpe,Base,0.1,1.2748673281075242,-0.0390920594323014
2023-12-27,0.0034044872171644,0.0,0.0,0.0034044872171644,0,Maximum Sharpe,Base,0.1,1.2792075976296469,-0.0358206606317668
2023-12-28,0.0015985084100336,0.0,0.0,0.0015985084100336,0,Maximum Sharpe,Base,0.1,1.2812524217326366,-0.0342794118490061
2023-12-29,-0.0029277578345887,0.0,0.0,-0.0029277578345887,0,Maximum Sharpe,Base,0.1,1.2775012249168232,-0.0371068078669888
2021-01-04,-0.004991539695805648,1.0,0.001,-0.005991539695805648,0,Maximum Sharpe,Matched-Shrinkage Placebo,0.1,0.9940084603041943,0.0
2021-01-05,0.006029391989909157,0.0,0.0,0.006029391989909157,0,Maximum Sharpe,Matched-Shrinkage Placebo,0.1,1.0000017269526544,0.0
2021-01-06,-0.012494280373149076,0.0,0.0,-0.012494280373149076,0,Maximum Sharpe,Matched-Shrinkage Placebo,0.1,0.9875074250024748,-0.012494280373149036
2021-01-07,0.021681605682010597,0.0,0.0,0.021681605682010597,0,Maximum Sharpe,Matched-Shrinkage Placebo,0.1,1.0089181715994362,0.0
2021-01-08,-0.0006448570229889992,0.0,0.0,-0.0006448570229889992,0,Maximum Sharpe,Matched-Shrinkage Placebo,0.1,1.0082675636308591,-0.0006448570229889983
2021-01-11,-0.0030561894294240718,0.0,0.0,-0.0030561894294240718,0,Maximum Sharpe,Matched-Shrinkage Placebo,0.1,1.0051861069608592,-0.0036990756471959596
2021-01-12,-0.016683341177763843,0.0,0.0,-0.016683341177763843,0,Maximum Sharpe,Matched-Shrinkage Placebo,0.1,0.9884162441912829,-0.020320703883895397
2021-01-13,-0.0008587171786762172,0.0,0.0,-0.0008587171786762172,0,Maximum Sharpe,Matched-Shrinkage Placebo,0.1,0.9875674741827132,-0.0211619713250637
2021-01-14,-0.014678849942827366,0.0,0.0,-0.014678849942827366,0,Maximum Sharpe,Matched-Shrinkage Placebo,0.1,0.9730711194207681,-0.03553018786631612
2021-01-15,-0.005481156573376422,0.0,0.0,-0.005481156573376422,0,Maximum Sharpe,Matched-Shrinkage Placebo,0.1,0.9677375642581921,-0.04081659791691583
2021-01-19,0.009586816780938234,0.0,0.0,0.009586816780938234,0,Maximum Sharpe,Matched-Shrinkage Placebo,0.1,0.9770150869787669,-0.03162108238182826
2021-01-20,0.027473663171896937,0.0,0.0,0.027473663171896937,0,Maximum Sharpe,Matched-Shrinkage Placebo,0.1,1.0038572703922832,-0.005016166176420311
2021-01-21,-0.0007180386828284928,0.0,0.0,-0.0007180386828284928,0,Maximum Sharpe,Matched-Shrinkage Placebo,0.1,1.0031364620401029,-0.005730603057894745
2021-01-22,-0.005708429855388681,0.0,0.0,-0.005708429855388681,0,Maximum Sharpe,Matched-Shrinkage Placebo,0.1,0.9974101279111642,-0.01140632016769827
2021-01-25,0.001565524518112348,0.0,0.0,0.001565524518112348,0,Maximum Sharpe,Matched-Shrinkage Placebo,0.1,0.9989715979210227,-0.009858652523469957
2021-01-26,-0.008163339717975221,0.0,0.0,-0.008163339717975221,0,Maximum Sharpe,Matched-Shrinkage Placebo,0.1,0.9908166533985849,-0.017941512711734497
2021-01-27,-0.04026778959422883,0.0,0.0,-0.04026778959422883,0,Maximum Sharpe,Matched-Shrinkage Placebo,0.1,0.9509186568730728,-0.05748683724708503
2021-01-28,0.020429959932679022,0.0,0.0,0.020429959932679022,0,Maximum Sharpe,Matched-Shrinkage Placebo,0.1,0.9703458869322265,-0.038231331096020615
2021-01-29,-0.0064790036206399,0.0,0.0,-0.0064790036206399,0,Maximum Sharpe,Matched-Shrinkage Placebo,0.1,0.9640590124175196,-0.04446263378406745
2021-02-01,0.004070114642670754,0.5796593367665263,0.0005796593367665263,0.0034904553059042277,0,Maximum Sharpe,Matched-Shrinkage Placebo,0.1,0.9674240173126172,-0.04112737331416916
2021-02-02,0.023480522385885806,0.0,0.0,0.023480522385885806,0,Maximum Sharpe,Matched-Shrinkage Placebo,0.1,0.9901396386077697,-0.01861254313805938
2021-02-03,-0.011947027950233398,0.0,0.0,-0.011947027950233398,0,Maximum Sharpe,Matched-Shrinkage Placebo,0.1,0.9783104126706886,-0.030337206515197446
2021-02-04,-0.0065851965423228765,0.0,0.0,-0.0065851965423228765,0,Maximum Sharpe,Matched-Shrinkage Placebo,0.1,0.9718680463238512,-0.03672262659007275
2021-02-05,0.002892819925635961,0.0,0.0,0.002892819925635961,0,Maximum Sharpe,Matched-Shrinkage Placebo,0.1,0.9746794855733457,-0.03393603861035821
2021-02-08,0.025515292948317846,0.0,0.0,0.025515292948317846,0,Maximum Sharpe,Matched-Shrinkage Placebo,0.1,0.9995487181784654,-0.00928663362868909
2021-02-09,-0.018010121221830457,0.0,0.0,-0.018010121221830457,0,Maximum Sharpe,Matched-Shrinkage Placebo,0.1,0.9815467245969459,-0.027129501453124205
2021-02-10,0.0023960048017402607,0.0,0.0,0.0023960048017402607,0,Maximum Sharpe,Matched-Shrinkage Placebo,0.1,0.9838985152622125,-0.024798499067134494
2021-02-11,0.002260563257441368,0.0,0.0,0.002260563257441368,0,Maximum Sharpe,Matched-Shrinkage Placebo,0.1,0.9861226800948653,-0.02259399438552412
2021-02-12,0.001759515277858501,0.0,0.0,0.001759515277858501,0,Maximum Sharpe,Matched-Shrinkage Placebo,0.1,0.9878577780163349,-0.020874233585974844
2021-02-16,-0.0031059566646753183,0.0,0.0,-0.0031059566646753183,0,Maximum Sharpe,Matched-Shrinkage Placebo,0.1,0.9847895345669537,-0.02391535578572379
2021-02-17,-0.013745019092568287,0.0,0.0,-0.013745019092568287,0,Maximum Sharpe,Matched-Shrinkage Placebo,0.1,0.9712535836121695,-0.03733165785641179
2021-02-18,-0.0009221696947261848,0.0,0.0,-0.0009221696947261848,0,Maximum Sharpe,Matched-Shrinkage Placebo,0.1,0.9703579229914682,-0.03821940142760882
2021-02-19,-0.0008721846691667109,0.0,0.0,-0.0008721846691667109,0,Maximum Sharpe,Matched-Shrinkage Placebo,0.1,0.9695115916874305,-0.0390582517207857
2021-02-22,-0.018716959826880385,0.0,0.0,-0.018716959826880385,0,Maximum Sharpe,Matched-Shrinkage Placebo,0.1,0.951365282174122,-0.0570441598193
2021-02-23,-0.012149325466553356,0.0,0.0,-0.012149325466553356,0,Maximum Sharpe,Matched-Shrinkage Placebo,0.1,0.9398068357234092,-0.06850043722224264
2021-02-24,0.016304487956456122,0.0,0.0,0.016304487956456122,0,Maximum Sharpe,Matched-Shrinkage Placebo,0.1,0.9551299049578568,-0.05331281381948849
2021-02-25,-0.03537510702418637,0.0,0.0,-0.03537510702418637,0,Maximum Sharpe,Matched-Shrinkage Placebo,0.1,0.9213420823479717,-0.0868019743490499
2021-02-26,0.005376370123120138,0.0,0.0,0.005376370123120138,0,Maximum Sharpe,Matched-Shrinkage Placebo,0.1,0.9262955583926806,-0.08189228376744773
2021-03-01,0.0179346477751042,1.2382305460066312,0.0012382305460066313,0.01669641722909757,0,Maximum Sharpe,Matched-Shrinkage Placebo,0.1,0.9417613755130647,-0.06656317427597513
2021-03-02,-0.007081931296784389,0.0,0.0,-0.007081931296784389,0,Maximum Sharpe,Matched-Shrinkage Placebo,0.1,0.9350918861537161,-0.07317370974564119
2021-03-03,-0.021594145142680165,0.0,0.0,-0.021594145142680165,0,Maximum Sharpe,Matched-Shrinkage Placebo,0.1,0.9148993762423702,-0.09318773117944557
2021-03-04,-0.019362274493882788,0.0,0.0,-0.019362274493882788,0,Maximum Sharpe,Matched-Shrinkage Placebo,0.1,0.8971848433852833,-0.11074567924276979
2021-03-05,0.013002444477587511,0.0,0.0,0.013002444477587511,0,Maximum Sharpe,Matched-Shrinkage Placebo,0.1,0.9088504394975335,-0.09918319931066899
2021-03-08,-0.028917342919669096,0.0,0.0,-0.028917342919669096,0,Maximum Sharpe,Matched-Shrinkage Placebo,0.1,0.8825688996758914,-0.12523242764400166
2021-03-09,0.020055285994073038,0.0,0.0,0.020055285994073038,0,Maximum Sharpe,Matched-Shrinkage Placebo,0.1,0.9002690713683658,-0.10768871380206113
2021-03-10,0.001038224185134373,0.0,0.0,0.001038224185134373,0,Maximum Sharpe,Matched-Shrinkage Placebo,0.1,0.9012037524913888,-0.10676229464406206
2021-03-11,0.017567929325061297,0.0,0.0,0.017567929325061297,0,Maximum Sharpe,Matched-Shrinkage Placebo,0.1,0.9170360363226375,-0.09106995776588911
2021-03-12,0.011273312442948354,0.0,0.0,0.011273312442948354,0,Maximum Sharpe,Matched-Shrinkage Placebo,0.1,0.9273740700815455,-0.0808233054110018
2021-03-15,-0.005680395658183246,0.0,0.0,-0.005680395658183246,0,Maximum Sharpe,Matched-Shrinkage Placebo,0.1,0.9221062184403426,-0.08604459271604836
2021-03-16,0.003340114568727326,0.0,0.0,0.003340114568727326,0,Maximum Sharpe,Matched-Shrinkage Placebo,0.1,0.9251861588544692,-0.08299187694501209
2021-03-17,-0.0021115188012239736,0.0,0.0,-0.0021115188012239736,0,Maximum Sharpe,Matched-Shrinkage Placebo,0.1,0.9232326108854159,-0.0849281568377177
2021-03-18,-0.012262622085049633,0.0,0.0,-0.012262622085049633,0,Maximum Sharpe,Matched-Shrinkage Placebo,0.1,0.9119113582815344,-0.09614933703108663
2021-03-19,-0.002313477649104826,0.0,0.0,-0.002313477649104826,0,Maximum Sharpe,Matched-Shrinkage Placebo,0.1,0.9098016717361852,-0.09824037533799379
2021-03-22,0.01078887259375819,0.0,0.0,0.01078887259375819,0,Maximum Sharpe,Matched-Shrinkage Placebo,0.1,0.9196174060581351,-0.08851140563732018
2021-03-23,-0.008990486853876543,0.0,0.0,-0.008990486853876543,0,Maximum Sharpe,Matched-Shrinkage Placebo,0.1,0.9113495978583734,-0.09670613186239618
2021-03-24,-0.006073534447622516,0.0,0.0,-0.006073534447622516,0,Maximum Sharpe,Matched-Shrinkage Placebo,0.1,0.9058144846819537,-0.10219231828685615
2021-03-25,0.007929952250579062,0.0,0.0,0.007929952250579062,0,Maximum Sharpe,Matched-Shrinkage Placebo,0.1,0.9129975502933645,-0.09507274624066775
2021-03-26,0.026061454757356287,0.0,0.0,0.026061454757356287,0,Maximum Sharpe,Matched-Shrinkage Placebo,0.1,0.9367915946439122,-0.0714890255581202
2021-03-29,0.005888447022498874,0.0,0.0,0.005888447022498874,0,Maximum Sharpe,Matched-Shrinkage Placebo,0.1,0.9423078423200951,-0.0660215378753104
2021-03-30,0.005417881011468167,0.0,0.0,0.005417881011468167,0,Maximum Sharpe,Matched-Shrinkage Placebo,0.1,0.9474131540859587,-0.0609613537002448
2021-03-31,0.0034397952846270344,0.0,0.0,0.0034397952846270344,0,Maximum Sharpe,Matched-Shrinkage Placebo,0.1,0.9506720613859772,-0.057731252992620385
2021-04-01,0.008410359868664957,1.390067513854456,0.001390067513854456,0.007020292354810501,0,Maximum Sharpe,Matched-Shrinkage Placebo,0.1,0.9573460571904572,-0.05111625091182748
2021-04-05,0.002639626762078868,0.0,0.0,0.002639626762078868,0,Maximum Sharpe,Matched-Shrinkage Placebo,0.1,0.9598730934635878,-0.04861155197363254
2021-04-06,-0.00018548218937302502,0.0,0.0,-0.00018548218937302502,0,Maximum Sharpe,Matched-Shrinkage Placebo,0.1,0.959695054100692,-0.048788017585916665
2021-04-07,-0.0031111992717130707,0.0,0.0,-0.0031111992717130707,0,Maximum Sharpe,Matched-Shrinkage Placebo,0.1,0.9567092515473072,-0.05174742761284823
2021-04-08,0.0024741132126764646,0.0,0.0,0.0024741132126764646,0,Maximum Sharpe,Matched-Shrinkage Placebo,0.1,0.9590762585472502,-0.04940134339455071
2021-04-09,0.0057053764740911846,0.0,0.0,0.0057053764740911846,0,Maximum Sharpe,Matched-Shrinkage Placebo,0.1,0.964548149669625,-0.043977820182851346
2021-04-12,0.002918058674601249,0.0,0.0,0.002918058674601249,0,Maximum Sharpe,Matched-Shrinkage Placebo,0.1,0.9673627577648389,-0.041188091367924895
2021-04-13,-0.0034602839276179883,0.0,0.0,-0.0034602839276179883,0,Maximum Sharpe,Matched-Shrinkage Placebo,0.1,0.964015407961969,-0.0445058528049731
2021-04-14,0.0007613692065109247,0.0,0.0,0.0007613692065109247,0,Maximum Sharpe,Matched-Shrinkage Placebo,0.1,0.9647493796081934,-0.04377836898429743
2021-04-15,0.008287432722356908,0.0,0.0,0.008287432722356908,0,Maximum Sharpe,Matched-Shrinkage Placebo,0.1,0.9727446751856319,-0.03585374654959239
2021-04-16,-0.0012481547925769813,0.0,0.0,-0.0012481547925769813,0,Maximum Sharpe,Matched-Shrinkage Placebo,0.1,0.9715305392573452,-0.03705715031658163
2021-04-19,-0.0016538509979194848,0.0,0.0,-0.0016538509979194848,0,Maximum Sharpe,Matched-Shrinkage Placebo,0.1,0.9699237725054852,-0.03864971430946995
2021-04-20,-0.011171533476514138,0.0,0.0,-0.011171533476514138,0,Maximum Sharpe,Matched-Shrinkage Placebo,0.1,0.9590882366112733,-0.04938947120871817
2021-04-21,0.01049970661290456,0.0,0.0,0.01049970661290456,0,Maximum Sharpe,Matched-Shrinkage Placebo,0.1,0.9691583817115798,-0.0394083395532715
2021-04-22,-0.011685355570648344,0.0,0.0,-0.011685355570648344,0,Maximum Sharpe,Matched-Shrinkage Placebo,0.1,0.9578334214170059,-0.050633194663791015
2021-04-23,0.0103216092305328,0.0,0.0,0.0103216092305328,0,Maximum Sharpe,Matched-Shrinkage Placebo,0.1,0.9677198037008163,-0.04083420148267147
2021-04-26,0.00605283734419477,0.0,0.0,0.00605283734419477,0,Maximum Sharpe,Matched-Shrinkage Placebo,0.1,0.9735772542673735,-0.0350285269181313
2021-04-27,0.007512499888568719,0.0,0.0,0.007512499888568719,0,Maximum Sharpe,Matched-Shrinkage Placebo,0.1,0.9808912532815702,-0.027779178834131724
2021-04-28,0.004563230038461471,0.0,0.0,0.004563230038461471,0,Maximum Sharpe,Matched-Shrinkage Placebo,0.1,0.9853672857130088,-0.023342711578969944
2021-04-29,0.008511842419260755,0.0,0.0,0.008511842419260755,0,Maximum Sharpe,Matched-Shrinkage Placebo,0.1,0.9937545767740926,-0.015029558642307705
2021-04-30,-0.00594601043810549,0.0,0.0,-0.00594601043810549,0,Maximum Sharpe,Matched-Shrinkage Placebo,0.1,0.9878457016876787,-0.02088620316784595
2021-05-03,0.005901615126618127,1.2383041577870144,0.0012383041577870145,0.004663310968831113,0,Maximum Sharpe,Matched-Shrinkage Placebo,0.1,0.9924523333838716,-0.016320291059344627
2021-05-04,0.002348218885494738,0.0,0.0,0.002348218885494738,0,Maximum Sharpe,Matched-Shrinkage Placebo,0.1,0.9947828286960768,-0.014010395789532337
2021-05-05,0.005199521514392491,0.0,0.0,0.005199521514392491,0,Maximum Sharpe,Matched-Shrinkage Placebo,0.1,0.9999552234160303,-0.008883721629472707
2021-05-06,0.005296515558379775,0.0,0.0,0.005296515558379775,0,Maximum Sharpe,Matched-Shrinkage Placebo,0.1,1.0052515018145363,-0.003634258840919835
2021-05-07,0.009648550367923194,0.0,0.0,0.009648550367923194,0,Maximum Sharpe,Matched-Shrinkage Placebo,0.1,1.0149507215622242,0.0
2021-05-10,-0.004227525824458872,0.0,0.0,-0.004227525824458872,0,Maximum Sharpe,Matched-Shrinkage Placebo,0.1,1.0106599911762668,-0.004227525824458844
2021-05-11,-0.010240888282666925,0.0,0.0,-0.010240888282666925,0,Maximum Sharpe,Matched-Shrinkage Placebo,0.1,1.0003099351148697,-0.014425120487445264
2021-05-12,-0.01517326206492287,0.0,0.0,-0.01517326206492287,0,Maximum Sharpe,Matched-Shrinkage Placebo,0.1,0.9851319703232257,-0.029379506418893975
2021-05-13,0.01241031930695402,0.0,0.0,0.01241031930695402,0,Maximum Sharpe,Matched-Shrinkage Placebo,0.1,0.9973577726344257,-0.01733379616767916
2021-05-14,0.010664360966952051,0.0,0.0,0.010664360966952051,0,Maximum Sharpe,Matched-Shrinkage Placebo,0.1,1.0079939559349946,-0.006854289059986751
2021-05-17,0.005738287958278132,0.0,0.0,0.005738287958278132,0,Maximum Sharpe,Matched-Shrinkage Placebo,0.1,1.0137781155143535,-0.0011553329860841677
2021-05-18,-0.008410884239201109,0.0,0.0,-0.008410884239201109,0,Maximum Sharpe,Matched-Shrinkage Placebo,0.1,1.0052513451405267,-0.009556499853281664
2021-05-19,0.0035373237811015595,0.0,0.0,0.0035373237811015595,0,Maximum Sharpe,Matched-Shrinkage Placebo,0.1,1.0088072446296767,-0.006052980506375039
2021-05-20,0.008533378846623696,0.0,0.0,0.008533378846623696,0,Maximum Sharpe,Matched-Shrinkage Placebo,0.1,1.0174157790313205,0.0
2021-05-21,0.0016928049401044407,0.0,0.0,0.0016928049401044407,0,Maximum Sharpe,Matched-Shrinkage Placebo,0.1,1.019138065488205,0.0
2021-05-24,0.008695962732704616,0.0,0.0,0.008695962732704616,0,Maximum Sharpe,Matched-Shrinkage Placebo,0.1,1.028000452125171,0.0
2021-05-25,-0.005457879388600543,0.0,0.0,-0.005457879388600543,0,Maximum Sharpe,Matched-Shrinkage Placebo,0.1,1.022389749646045,-0.0054578793886006505
2021-05-26,0.004727399799876838,0.0,0.0,0.004727399799876838,0,Maximum Sharpe,Matched-Shrinkage Placebo,0.1,1.027222994743918,-0.00075628116665305
2021-05-27,0.00010628920462793355,0.0,0.0,0.00010628920462793355,0,Maximum Sharpe,Matched-Shrinkage Placebo,0.1,1.027332177459005,-0.0006500723465486802
2021-05-28,0.0077069863697270605,0.0,0.0,0.0077069863697270605,0,Maximum Sharpe,Matched-Shrinkage Placebo,0.1,1.0352498125478635,0.0
2021-06-01,0.010045231075433515,0.40421060609040865,0.00040421060609040866,0.009641020469343106,0,Maximum Sharpe,Matched-Shrinkage Placebo,0.1,1.0452306771815212,0.0
2021-06-02,-0.00535703128098272,0.0,0.0,-0.00535703128098272,0,Maximum Sharpe,Matched-Shrinkage Placebo,0.1,1.039631343748017,-0.00535703128098286
2021-06-03,0.004697713182397055,0.0,0.0,0.004697713182397055,0,Maximum Sharpe,Matched-Shrinkage Placebo,0.1,1.0445152336163752,-0.0006844838950529342
2021-06-04,0.0064944404049641375,0.0,0.0,0.0064944404049641375,0,Maximum Sharpe,Matched-Shrinkage Placebo,0.1,1.051298775553174,0.0
2021-06-07,-0.0004654656367280703,0.0,0.0,-0.0004654656367280703,0,Maximum Sharpe,Matched-Shrinkage Placebo,0.1,1.0508094320992196,-0.0004654656367281129
2021-06-08,0.00027256466503514565,0.0,0.0,0.00027256466503514565,0,Maximum Sharpe,Matched-Shrinkage Placebo,0.1,1.0510958456200956,-0.00019302784117825045
2021-06-09,-0.015286745305569869,0.0,0.0,-0.015286745305569869,0,Maximum Sharpe,Matched-Shrinkage Placebo,0.1,1.0350280111363586,-0.015476822379303146
2021-06-10,-0.003134246533916047,0.0,0.0,-0.003134246533916047,0,Maximum Sharpe,Matched-Shrinkage Placebo,0.1,1.0317839781799485,-0.018562560736320788
2021-06-11,0.0007360071770523508,0.0,0.0,0.0007360071770523508,0,Maximum Sharpe,Matched-Shrinkage Placebo,0.1,1.0325433785930567,-0.017840215737194742
2021-06-14,-0.00814546959635256,0.0,0.0,-0.00814546959635256,0,Maximum Sharpe,Matched-Shrinkage Placebo,0.1,1.0241328278958117,-0.025840368398667657
2021-06-15,-0.0054094873920816355,0.0,0.0,-0.0054094873920816355,0,Maximum Sharpe,Matched-Shrinkage Placebo,0.1,1.0185927942754924,-0.031110072643689923
2021-06-16,-0.010020198219023222,0.0,0.0,-0.010020198219023222,0,Maximum Sharpe,Matched-Shrinkage Placebo,0.1,1.0083862925723832,-0.0408185417682152
2021-06-17,-0.013579226763467064,0.0,0.0,-0.013579226763467064,0,Maximum Sharpe,Matched-Shrinkage Placebo,0.1,0.9946931864403711,-0.05384348429685759
2021-06-18,-0.007093291172893246,0.0,0.0,-0.007093291172893246,0,Maximum Sharpe,Matched-Shrinkage Placebo,0.1,0.9876375380412565,-0.06055484795787003
2021-06-21,0.02082491654351841,0.0,0.0,0.02082491654351841,0,Maximum Sharpe,Matched-Shrinkage Placebo,0.1,1.0082050073462117,-0.04099098106937982
2021-06-22,0.0017889312628131587,0.0,0.0,0.0017889312628131587,0,Maximum Sharpe,Matched-Shrinkage Placebo,0.1,1.010008616803178,-0.039275379854095016
2021-06-23,-0.0009836179414251006,0.0,0.0,-0.0009836179414251006,0,Maximum Sharpe,Matched-Shrinkage Placebo,0.1,1.0090151542066965,-0.04022036582723931
2021-06-24,0.011143706113829597,0.0,0.0,0.011143706113829597,0,Maximum Sharpe,Matched-Shrinkage Placebo,0.1,1.0202593225495764,-0.029524863649979194
2021-06-25,-0.0005528609392982428,0.0,0.0,-0.0005528609392982428,0,Maximum Sharpe,Matched-Shrinkage Placebo,0.1,1.0196952610221839,-0.030061401445427238
2021-06-28,0.0008705869296884846,0.0,0.0,0.0008705869296884846,0,Maximum Sharpe,Matched-Shrinkage Placebo,0.1,1.0205829943886953,-0.02921698557892516
2021-06-29,0.0063758593457005006,0.0,0.0,0.0063758593457005006,0,Maximum Sharpe,Matched-Shrinkage Placebo,0.1,1.0270900880115312,-0.02302740962378136
2021-06-30,0.0038321053654201214,0.0,0.0,0.0038321053654201214,0,Maximum Sharpe,Matched-Shrinkage Placebo,0.1,1.0310260054485703,-0.019283547718332072
2021-07-01,0.0018126752872942215,0.9585902673555189,0.000958590267355519,0.0008540850199387026,0,Maximum Sharpe,Matched-Shrinkage Placebo,0.1,1.0319065893149912,-0.018445932487630712
2021-07-02,0.004723204382928098,0.0,0.0,0.004723204382928098,0,Maximum Sharpe,Matched-Shrinkage Placebo,0.1,1.0367804950404163,-0.013809852013875412
2021-07-06,-0.0017384172802502088,0.0,0.0,-0.0017384172802502088,0,Maximum Sharpe,Matched-Shrinkage Placebo,0.1,1.0349781379120115,-0.015524262008747014
2021-07-07,0.0011397725659045364,0.0,0.0,0.0011397725659045364,0,Maximum Sharpe,Matched-Shrinkage Placebo,0.1,1.0361577775999147,-0.014402183570785931
2021-07-08,-0.011266929077288785,0.0,0.0,-0.011266929077288785,0,Maximum Sharpe,Matched-Shrinkage Placebo,0.1,1.0244834614068152,-0.025506844267224604
2021-07-09,0.018795574349429765,0.0,0.0,0.018795574349429765,0,Maximum Sharpe,Matched-Shrinkage Placebo,0.1,1.0437392164754482,-0.007190685705638744
2021-07-12,0.008919832688422365,0.0,0.0,0.008919832688422365,0,Maximum Sharpe,Matched-Shrinkage Placebo,0.1,1.0530491956567543,0.0
2021-07-13,-0.011943235082954532,0.0,0.0,-0.011943235082954532,0,Maximum Sharpe,Matched-Shrinkage Placebo,0.1,1.0404723815591095,-0.011943235082954473
2021-07-14,-0.0010803834349348705,0.0,0.0,-0.0010803834349348705,0,Maximum Sharpe,Matched-Shrinkage Placebo,0.1,1.0393482724335659,-0.013010715244546112
2021-07-15,-0.004516802839928721,0.0,0.0,-0.004516802839928721,0,Maximum Sharpe,Matched-Shrinkage Placebo,0.1,1.034653741204963,-0.017468751248908676
2021-07-16,-0.014364848935606385,0.0,0.0,-0.014364848935606385,0,Maximum Sharpe,Matched-Shrinkage Placebo,0.1,1.0197910965118937,-0.03158266421173084
2021-07-19,-0.01304435748942324,0.0,0.0,-0.01304435748942324,0,Maximum Sharpe,Matched-Shrinkage Placebo,0.1,1.0064885768844616,-0.04421504613870797
2021-07-20,0.01589957547224875,0.0,0.0,0.01589957547224875,0,Maximum Sharpe,Matched-Shrinkage Placebo,0.1,1.0224913179745925,-0.02901847112955036
2021-07-21,0.009532079208541277,0.0,0.0,0.009532079208541277,0,Maximum Sharpe,Matched-Shrinkage Placebo,0.1,1.0322377862075722,-0.01976299828632655
2021-07-22,0.0021342370358806047,0.0,0.0,0.0021342370358806047,0,Maximum Sharpe,Matched-Shrinkage Placebo,0.1,1.0344408263207319,-0.01767094017332871
2021-07-23,0.00721988034386022,0.0,0.0,0.00721988034386022,0,Maximum Sharpe,Matched-Shrinkage Placebo,0.1,1.0419093653095712,-0.010578641903083552
2021-07-26,0.0026139930811275537,0.0,0.0,0.0026139930811275537,0,Maximum Sharpe,Matched-Shrinkage Placebo,0.1,1.0446329091816524,-0.007992301318698436
2021-07-27,-0.005761791839097923,0.0,0.0,-0.005761791839097923,0,Maximum Sharpe,Matched-Shrinkage Placebo,0.1,1.0386139518106763,-0.013708043181282825
2021-07-28,0.0033804493258893747,0.0,0.0,0.0033804493258893747,0,Maximum Sharpe,Matched-Shrinkage Placebo,0.1,1.042124933643934,-0.010373933200724883
2021-07-29,0.00834423557098398,0.0,0.0,0.00834423557098398,0,Maximum Sharpe,Matched-Shrinkage Placebo,0.1,1.050820669584655,-0.002116260172165485
2021-07-30,-0.0017853093685998452,0.0,0.0,-0.0017853093685998452,0,Maximum Sharpe,Matched-Shrinkage Placebo,0.1,1.048944629598527,-0.0038977913616536908
2021-08-02,-0.002909958606369952,0.4180849367281824,0.0004180849367281824,-0.0033280435430981343,0,Maximum Sharpe,Matched-Shrinkage Placebo,0.1,1.045453696196924,-0.007212862885378368
2021-08-03,0.008191013440812807,0.0,0.0,0.008191013440812807,0,Maximum Sharpe,Matched-Shrinkage Placebo,0.1,1.0540170214742204,0.0
2021-08-04,-0.0043196487564152375,0.0,0.0,-0.0043196487564152375,0,Maximum Sharpe,Matched-Shrinkage Placebo,0.1,1.0494640381581688,-0.0043196487564152175
2021-08-05,0.005402074181389891,0.0,0.0,0.005402074181389891,0,Maximum Sharpe,Matched-Shrinkage Placebo,0.1,1.0551333207430003,0.0
2021-08-06,0.002365085821815839,0.0,0.0,0.002365085821815839,0,Maximum Sharpe,Matched-Shrinkage Placebo,0.1,1.057628801600015,0.0
2021-08-09,0.009136809570615464,0.0,0.0,0.009136809570615464,0,Maximum Sharpe,Matched-Shrinkage Placebo,0.1,1.0672921545566327,0.0
2021-08-10,0.01582584030800532,0.0,0.0,0.01582584030800532,0,Maximum Sharpe,Matched-Shrinkage Placebo,0.1,1.084182949756633,0.0
2021-08-11,0.0065834754910554195,0.0,0.0,0.0065834754910554195,0,Maximum Sharpe,Matched-Shrinkage Placebo,0.1,1.091320641634176,0.0
2021-08-12,0.007375885139035688,0.0,0.0,0.007375885139035688,0,Maximum Sharpe,Matched-Shrinkage Placebo,0.1,1.0993700973367286,0.0
2021-08-13,0.00034527763005623847,0.0,0.0,0.00034527763005623847,0,Maximum Sharpe,Matched-Shrinkage Placebo,0.1,1.0997496852384918,0.0
2021-08-16,0.0002063149494603099,0.0,0.0,0.0002063149494603099,0,Maximum Sharpe,Matched-Shrinkage Placebo,0.1,1.0999765800392207,0.0
2021-08-17,-0.009193146439660585,0.0,0.0,-0.009193146439660585,0,Maximum Sharpe,Matched-Shrinkage Placebo,0.1,1.089864334258723,-0.009193146439660627
2021-08-18,-0.0044279294005950326,0.0,0.0,-0.0044279294005950326,0,Maximum Sharpe,Matched-Shrinkage Placebo,0.1,1.085038491930399,-0.013580369236851464
2021-08-19,-0.0032286493952040896,0.0,0.0,-0.0032286493952040896,0,Maximum Sharpe,Matched-Shrinkage Placebo,0.1,1.0815352830596547,-0.0167651723811324
2021-08-20,0.009345861071870682,0.0,0.0,0.009345861071870682,0,Maximum Sharpe,Matched-Shrinkage Placebo,0.1,1.0916431615594566,-0.007575996281181663
2021-08-23,0.009672616074553757,0.0,0.0,0.009672616074553757,0,Maximum Sharpe,Matched-Shrinkage Placebo,0.1,1.1022022067516333,0.0
2021-08-24,0.0030811392554663977,0.0,0.0,0.0030811392554663977,0,Maximum Sharpe,Matched-Shrinkage Placebo,0.1,1.1055982452383175,0.0
2021-08-25,-0.0003135580726710695,0.0,0.0,-0.0003135580726710695,0,Maximum Sharpe,Matched-Shrinkage Placebo,0.1,1.105251575983392,-0.00031355807267108293
2021-08-26,-0.006482741077606136,0.0,0.0,-0.006482741077606136,0,Maximum Sharpe,Matched-Shrinkage Placebo,0.1,1.0980865161906757,-0.006794266434479224
2021-08-27,0.011527943288029512,0.0,0.0,0.011527943288029512,0,Maximum Sharpe,Matched-Shrinkage Placebo,0.1,1.1107451952746716,0.0
2021-08-30,0.002503262817996551,0.0,0.0,0.002503262817996551,0,Maximum Sharpe,Matched-Shrinkage Placebo,0.1,1.113525682422271,0.0
2021-08-31,-0.0022585692600054813,0.0,0.0,-0.0022585692600054813,0,Maximum Sharpe,Matched-Shrinkage Placebo,0.1,1.1110107075457254,-0.0022585692600055607
2021-09-01,0.0050656396150967,0.3383774578839067,0.00033837745788390674,0.0047272621572127934,0,Maximum Sharpe,Matched-Shrinkage Placebo,0.1,1.1162627464197645,0.0
2021-09-02,0.0024721599489687125,0.0,0.0,0.0024721599489687125,0,Maximum Sharpe,Matched-Shrinkage Placebo,0.1,1.1190223264739894,0.0
2021-09-03,-0.0028973836807015506,0.0,0.0,-0.0028973836807015506,0,Maximum Sharpe,Matched-Shrinkage Placebo,0.1,1.115780089446923,-0.002897383680701471
2021-09-07,-0.008512868370761466,0.0,0.0,-0.008512868370761466,0,Maximum Sharpe,Matched-Shrinkage Placebo,0.1,1.1062816004147449,-0.011385587005569575
2021-09-08,-0.0008527780075622352,0.0,0.0,-0.0008527780075622352,0,Maximum Sharpe,Matched-Shrinkage Placebo,0.1,1.1053381877957404,-0.012228655634930252
2021-09-09,-0.008091739990217763,0.0,0.0,-0.008091739990217763,0,Maximum Sharpe,Matched-Shrinkage Placebo,0.1,1.0963940785788389,-0.020221444523320198
2021-09-10,-0.0024458344169950128,0.0,0.0,-0.0024458344169950128,0,Maximum Sharpe,Matched-Shrinkage Placebo,0.1,1.0937124802068612,-0.022617820635338792
2021-09-13,-0.0041235910515727845,0.0,0.0,-0.0041235910515727845,0,Maximum Sharpe,Matched-Shrinkage Placebo,0.1,1.0892024572104866,-0.02664814504413371
2021-09-14,-0.01099379238819817,0.0,0.0,-0.01099379238819817,0,Maximum Sharpe,Matched-Shrinkage Placebo,0.1,1.0772279915271992,-0.03734897325818609
2021-09-15,0.006968020013751596,0.0,0.0,0.006968020013751596,0,Maximum Sharpe,Matched-Shrinkage Placebo,0.1,1.0847341377315343,-0.03064120163759043
2021-09-16,-0.006350652142760848,0.0,0.0,-0.006350652142760848,0,Maximum Sharpe,Matched-Shrinkage Placebo,0.1,1.0778453685554237,-0.03679726216751478
2021-09-17,-0.018917150089617592,0.0,0.0,-0.018917150089617592,0,Maximum Sharpe,Matched-Shrinkage Placebo,0.1,1.0574556059450615,-0.05501831292582249
2021-09-20,-0.017557832225246216,0.0,0.0,-0.017557832225246216,0,Maximum Sharpe,Matched-Shrinkage Placebo,0.1,1.038888977830232,-0.07161014284340117
2021-09-21,-0.0033923403244596664,0.0,0.0,-0.0033923403244596664,0,Maximum Sharpe,Matched-Shrinkage Placebo,0.1,1.0353647128581018,-0.0747595571926527
2021-09-22,0.0066243970817033366,0.0,0.0,0.0066243970817033366,0,Maximum Sharpe,Matched-Shrinkage Placebo,0.1,1.0422233798404577,-0.06863039710344587
2021-09-23,0.006171358783507416,0.0,0.0,0.006171358783507416,0,Maximum Sharpe,Matched-Shrinkage Placebo,0.1,1.048655314250013,-0.0628825811239182
2021-09-24,-0.005893945629624784,0.0,0.0,-0.005893945629624784,0,Maximum Sharpe,Matched-Shrinkage Placebo,0.1,1.0424745968436064,-0.06840590023934812
2021-09-27,-0.004015577886966479,0.0,0.0,-0.004015577886966479,0,Maximum Sharpe,Matched-Shrinkage Placebo,0.1,1.038288458904797,-0.07214678890597548
2021-09-28,-0.006945708952806453,0.0,0.0,-0.006945708952806453,0,Maximum Sharpe,Matched-Shrinkage Placebo,0.1,1.0310768094601863,-0.07859138726116133
2021-09-29,-0.00017329431445672723,0.0,0.0,-0.00017329431445672723,0,Maximum Sharpe,Matched-Shrinkage Placebo,0.1,1.0308981297113387,-0.07875106213504046
2021-09-30,-0.014087632153436164,0.0,0.0,-0.014087632153436164,0,Maximum Sharpe,Matched-Shrinkage Placebo,0.1,1.0163752160723,-0.0917292782934257
2021-10-01,0.007934357769865053,0.6703169517425912,0.0006703169517425912,0.0072640408181224615,0,Maximum Sharpe,Matched-Shrinkage Placebo,0.1,1.0237582071283773,-0.0851315626970437
2021-10-04,-0.008934686033919803,0.0,0.0,-0.008934686033919803,0,Maximum Sharpe,Matched-Shrinkage Placebo,0.1,1.0146112489730366,-0.09330562494668848
2021-10-05,0.007226978959981777,0.0,0.0,0.007226978959981777,0,Maximum Sharpe,Matched-Shrinkage Placebo,0.1,1.0219438231219256,-0.08675296377504427
2021-10-06,0.008106244792334894,0.0,0.0,0.008106244792334894,0,Maximum Sharpe,Matched-Shrinkage Placebo,0.1,1.0302279499161664,-0.07934995974353054
2021-10-07,0.005837805126988071,0.0,0.0,0.005837805126988071,0,Maximum Sharpe,Matched-Shrinkage Placebo,0.1,1.0362422199241534,-0.07397538421835959
2021-10-08,-0.0016624172062973878,0.0,0.0,-0.0016624172062973878,0,Maximum Sharpe,Matched-Shrinkage Placebo,0.1,1.0345195530278597,-0.07551482347308991
2021-10-11,-0.003014394349743166,0.0,0.0,-0.003014394349743166,0,Maximum Sharpe,Matched-Shrinkage Placebo,0.1,1.0314011031325137,-0.078301586365634
2021-10-12,0.01289568808548728,0.0,0.0,0.01289568808548728,0,Maximum Sharpe,Matched-Shrinkage Placebo,0.1,1.044701730049538,-0.06641565111451675
2021-10-13,0.010571669672483963,0.0,0.0,0.010571669672483963,0,Maximum Sharpe,Matched-Shrinkage Placebo,0.1,1.0557459716458943,-0.056546105766698274
2021-10-14,0.021911836839727705,0.0,0.0,0.021911836839727705,0,Maximum Sharpe,Matched-Shrinkage Placebo,0.1,1.078879305120799,-0.03587329797045247
2021-10-15,-0.0032019358222048567,0.0,0.0,-0.0032019358222048567,0,Maximum Sharpe,Matched-Shrinkage Placebo,0.1,1.0754248028258973,-0.03896036979482509
2021-10-18,0.007166249222951806,0.0,0.0,0.007166249222951806,0,Maximum Sharpe,Matched-Shrinkage Placebo,0.1,1.0831315649834914,-0.03207332029164145
2021-10-19,0.0003712057801623169,0.0,0.0,0.0003712057801623169,0,Maximum Sharpe,Matched-Shrinkage Placebo,0.1,1.0835336296810896,-0.031714020313360236
2021-10-20,0.0017861595206381089,0.0,0.0,0.0017861595206381089,0,Maximum Sharpe,Matched-Shrinkage Placebo,0.1,1.085468993589676,-0.02998450709204259
2021-10-21,-0.0021145652666787,0.0,0.0,-0.0021145652666787,0,Maximum Sharpe,Matched-Shrinkage Placebo,0.1,1.0831736985577745,-0.032035668161486064
2021-10-22,0.011271937154885874,0.0,0.0,0.011271937154885874,0,Maximum Sharpe,Matched-Shrinkage Placebo,0.1,1.095383164415743,-0.021124835044831314
2021-10-25,0.011996046598467728,0.0,0.0,0.011996046598467728,0,Maximum Sharpe,Matched-Shrinkage Placebo,0.1,1.1085234318992512,-0.009382202951946361
2021-10-26,0.011949491535778293,0.0,0.0,0.011949491535778293,0,Maximum Sharpe,Matched-Shrinkage Placebo,0.1,1.1217697232659432,0.0
2021-10-27,-0.018346565699519295,0.0,0.0,-0.018346565699519295,0,Maximum Sharpe,Matched-Shrinkage Placebo,0.1,1.1011891013383128,-0.018346565699519424
2021-10-28,0.020837827872181566,0.0,0.0,0.020837827872181566,0,Maximum Sharpe,Matched-Shrinkage Placebo,0.1,1.1241354902867229,0.0
2021-10-29,0.004339120052629007,0.0,0.0,0.004339120052629007,0,Maximum Sharpe,Matched-Shrinkage Placebo,0.1,1.129013249134498,0.0
2021-11-01,0.00424172122754969,0.8497188712047645,0.0008497188712047645,0.0033920023563449257,0,Maximum Sharpe,Matched-Shrinkage Placebo,0.1,1.1328428647359068,0.0
2021-11-02,0.010956772038465845,0.0,0.0,0.010956772038465845,0,Maximum Sharpe,Matched-Shrinkage Placebo,0.1,1.1452551657602206,0.0
2021-11-03,-0.004970938486264775,0.0,0.0,-0.004970938486264775,0,Maximum Sharpe,Matched-Shrinkage Placebo,0.1,1.1395621727801497,-0.00497093848626462
2021-11-04,0.005971318907643507,0.0,0.0,0.005971318907643507,0,Maximum Sharpe,Matched-Shrinkage Placebo,0.1,1.1463668619289071,0.0
2021-11-05,-0.018196642940762453,0.0,0.0,-0.018196642940762453,0,Maximum Sharpe,Matched-Shrinkage Placebo,0.1,1.1255068334632645,-0.018196642940762398
2021-11-08,0.010194934301247762,0.0,0.0,0.010194934301247762,0,Maximum Sharpe,Matched-Shrinkage Placebo,0.1,1.136981301686028,-0.008187222218798973
2021-11-09,-0.0029482983789976356,0.0,0.0,-0.0029482983789976356,0,Maximum Sharpe,Matched-Shrinkage Placebo,0.1,1.1336291415573163,-0.011111382223800481
2021-11-10,-0.005444477034372735,0.0,0.0,-0.005444477034372735,0,Maximum Sharpe,Matched-Shrinkage Placebo,0.1,1.1274571237306117,-0.016495363592835766
2021-11-11,0.007756726033449859,0.0,0.0,0.007756726033449859,0,Maximum Sharpe,Matched-Shrinkage Placebo,0.1,1.1362024997538516,-0.008866587575597551
2021-11-12,0.00288368322214331,0.0,0.0,0.00288368322214331,0,Maximum Sharpe,Matched-Shrinkage Placebo,0.1,1.139478947839349,-0.006008472783283647
2021-11-15,0.002164575735888337,0.0,0.0,0.002164575735888337,0,Maximum Sharpe,Matched-Shrinkage Placebo,0.1,1.1419454363213977,-0.003856902841791743
2021-11-16,-0.0035824389679040987,0.0,0.0,-0.0035824389679040987,0,Maximum Sharpe,Matched-Shrinkage Placebo,0.1,1.1378544864910995,-0.007425524690660046
2021-11-17,-0.006380762902954503,0.0,0.0,-0.006380762902954503,0,Maximum Sharpe,Matched-Shrinkage Placebo,0.1,1.1305941067947367,-0.013758907081133476
2021-11-18,0.00931057973515757,0.0,0.0,0.00931057973515757,0,Maximum Sharpe,Matched-Shrinkage Placebo,0.1,1.1411205933741484,-0.004576430747423421
2021-11-19,-0.008889303550165399,0.0,0.0,-0.008889303550165399,0,Maximum Sharpe,Matched-Shrinkage Placebo,0.1,1.1309768260323008,-0.013425053015498678
2021-11-22,0.002674354807157279,0.0,0.0,0.002674354807157279,0,Maximum Sharpe,Matched-Shrinkage Placebo,0.1,1.1340014593437837,-0.010786601563409715
2021-11-23,0.011753112325945992,0.0,0.0,0.011753112325945992,0,Maximum Sharpe,Matched-Shrinkage Placebo,0.1,1.1473295058732378,0.0
2021-11-24,0.005383392385898354,0.0,0.0,0.005383392385898354,0,Maximum Sharpe,Matched-Shrinkage Placebo,0.1,1.1535060307992724,0.0
2021-11-26,-0.027953997396436885,0.0,0.0,-0.027953997396436885,0,Maximum Sharpe,Matched-Shrinkage Placebo,0.1,1.1212609262175353,-0.02795399739643689
2021-11-29,0.012763479619633469,0.0,0.0,0.012763479619633469,0,Maximum Sharpe,Matched-Shrinkage Placebo,0.1,1.135572117197604,-0.015547308052860198
2021-11-30,-0.01622387517643037,0.0,0.0,-0.01622387517643037,0,Maximum Sharpe,Matched-Shrinkage Placebo,0.1,1.1171487369143556,-0.031518945644111285
2021-12-01,-0.010162352514784307,0.5367883574674233,0.0005367883574674232,-0.01069914087225173,0,Maximum Sharpe,Matched-Shrinkage Placebo,0.1,1.1051962052028508,-0.041880860876771786
2021-12-02,0.025777985851876947,0.0,0.0,0.025777985851876947,0,Maximum Sharpe,Matched-Shrinkage Placebo,0.1,1.133685937344118,-0.017182479264040706
2021-12-03,-0.007698123833219192,0.0,0.0,-0.007698123833219192,0,Maximum Sharpe,Matched-Shrinkage Placebo,0.1,1.1249586826104636,-0.024748330244123706
2021-12-06,0.006652067359360922,0.0,0.0,0.006652067359360922,0,Maximum Sharpe,Matched-Shrinkage Placebo,0.1,1.1324419835436863,-0.01826089044457846
2021-12-07,0.021661236056556992,0.0,0.0,0.021661236056556992,0,Maximum Sharpe,Matched-Shrinkage Placebo,0.1,1.1569720766695817,0.0
2021-12-08,-0.0015535290828897156,0.0,0.0,-0.0015535290828897156,0,Maximum Sharpe,Matched-Shrinkage Placebo,0.1,1.155174686900384,-0.0015535290828898596
2021-12-09,-0.007655713355528237,0.0,0.0,-0.007655713355528237,0,Maximum Sharpe,Matched-Shrinkage Placebo,0.1,1.1463310006219125,-0.009197349065070082
2021-12-10,0.005521037075353257,0.0,0.0,0.005521037075353257,0,Maximum Sharpe,Matched-Shrinkage Placebo,0.1,1.152659936576973,-0.003727090894899976
2021-12-13,-0.005467619748633788,0.0,0.0,-0.005467619748633788,0,Maximum Sharpe,Matched-Shrinkage Placebo,0.1,1.1463576303442857,-0.009174332327751888
2021-12-14,0.0022747441598502667,0.0,0.0,0.0022747441598502667,0,Maximum Sharpe,Matched-Shrinkage Placebo,0.1,1.1489653006690113,-0.006920457426784599
2021-12-15,0.019776205079736334,0.0,0.0,0.019776205079736334,0,Maximum Sharpe,Matched-Shrinkage Placebo,0.1,1.1716874740845424,0.0
2021-12-16,0.00030589090795463917,0.0,0.0,0.00030589090795463917,0,Maximum Sharpe,Matched-Shrinkage Placebo,0.1,1.1720458826298294,0.0
2021-12-17,-0.013269352749943956,0.0,0.0,-0.013269352749943956,0,Maximum Sharpe,Matched-Shrinkage Placebo,0.1,1.1564935923740949,-0.013269352749943897
2021-12-20,-0.00404285912700278,0.0,0.0,-0.00404285912700278,0,Maximum Sharpe,Matched-Shrinkage Placebo,0.1,1.151818051698845,-0.017258565753072164
2021-12-21,0.00828279840356199,0.0,0.0,0.00828279840356199,0,Maximum Sharpe,Matched-Shrinkage Placebo,0.1,1.1613583284186502,-0.009118716570377439
2021-12-22,0.009315157541790523,0.0,0.0,0.009315157541790523,0,Maximum Sharpe,Matched-Shrinkage Placebo,0.1,1.1721765642103403,0.0
2021-12-23,-0.0003838445558989941,0.0,0.0,-0.0003838445558989941,0,Maximum Sharpe,Matched-Shrinkage Placebo,0.1,1.1717266306176157,-0.00038384455589901556
2021-12-27,0.019525807887199344,0.0,0.0,0.019525807887199344,0,Maximum Sharpe,Matched-Shrinkage Placebo,0.1,1.1946055397033708,0.0
2021-12-28,-0.002562953703614926,0.0,0.0,-0.002562953703614926,0,Maximum Sharpe,Matched-Shrinkage Placebo,0.1,1.1915438210110292,-0.002562953703614923
2021-12-29,0.0015089719170234238,0.0,0.0,0.0015089719170234238,0,Maximum Sharpe,Matched-Shrinkage Placebo,0.1,1.1933418271748375,-0.001057849211754891
2021-12-30,-0.003956049861993435,0.0,0.0,-0.003956049861993435,0,Maximum Sharpe,Matched-Shrinkage Placebo,0.1,1.1886209074041316,-0.005009714169520119
2021-12-31,-0.00014348998904529722,0.0,0.0,-0.00014348998904529722,0,Maximum Sharpe,Matched-Shrinkage Placebo,0.1,1.188450352203149,-0.005152485314734223
2022-01-03,-0.00871762201831503,0.5065903094044765,0.0005065903094044764,-0.009224212327719507,0,Maximum Sharpe,Matched-Shrinkage Placebo,0.1,1.1774878338134742,-0.01432917002389511
2022-01-04,0.0003362367138117069,0.0,0.0,0.0003362367138117069,0,Maximum Sharpe,Matched-Shrinkage Placebo,0.1,1.177883748453269,-0.013997751303123862
2022-01-05,-0.008051356145858581,0.0,0.0,-0.008051356145858581,0,Maximum Sharpe,Matched-Shrinkage Placebo,0.1,1.1684001868960527,-0.02193640656799989
2022-01-06,0.002439622355695764,0.0,0.0,0.002439622355695764,0,Maximum Sharpe,Matched-Shrinkage Placebo,0.1,1.1712506421124034,-0.019550300760171058
2022-01-07,-0.014948310566062608,0.0,0.0,-0.014948310566062608,0,Maximum Sharpe,Matched-Shrinkage Placebo,0.1,1.1537424237634069,-0.034206367358810774
2022-01-10,0.003697553902778999,0.0,0.0,0.003697553902778999,0,Maximum Sharpe,Matched-Shrinkage Placebo,0.1,1.158008448565195,-0.030635293343159287
2022-01-11,0.007401503908999818,0.0,0.0,0.007401503908999818,0,Maximum Sharpe,Matched-Shrinkage Placebo,0.1,1.166579452623905,-0.02346053667759218
2022-01-12,0.00855850851634329,0.0,0.0,0.00855850851634329,0,Maximum Sharpe,Matched-Shrinkage Placebo,0.1,1.176563632804178,-0.015102815364201994
2022-01-13,-0.013741569667987816,0.0,0.0,-0.013741569667987816,0,Maximum Sharpe,Matched-Shrinkage Placebo,0.1,1.1603958016751785,-0.02863684864267979
2022-01-14,-0.0010936996412076062,0.0,0.0,-0.0010936996412076062,0,Maximum Sharpe,Matched-Shrinkage Placebo,0.1,1.1591266772032276,-0.029699228172801573
2022-01-18,-0.012315723728945824,0.0,0.0,-0.012315723728945824,0,Maximum Sharpe,Matched-Shrinkage Placebo,0.1,1.1448511932799417,-0.04164918441260823
2022-01-19,-0.011623715265222108,0.0,0.0,-0.011623715265222108,0,Maximum Sharpe,Matched-Shrinkage Placebo,0.1,1.131543768988206,-0.052788781417189456
2022-01-20,-0.017131663470155527,0.0,0.0,-0.017131663470155527,0,Maximum Sharpe,Matched-Shrinkage Placebo,0.1,1.1121585419361486,-0.06901608524910607
2022-01-21,-0.01078921478525582,0.0,0.0,-0.01078921478525582,0,Maximum Sharpe,Matched-Shrinkage Placebo,0.1,1.1001592245519425,-0.07906067066697187
2022-01-24,-0.0005762480086340308,0.0,0.0,-0.0005762480086340308,0,Maximum Sharpe,Matched-Shrinkage Placebo,0.1,1.0995252599896141,-0.07959136012157264
2022-01-25,-0.0007442417144355162,0.0,0.0,-0.0007442417144355162,0,Maximum Sharpe,Matched-Shrinkage Placebo,0.1,1.0987069474250544,-0.08027636662569704
2022-01-26,-0.009720550894238808,0.0,0.0,-0.009720550894238808,0,Maximum Sharpe,Matched-Shrinkage Placebo,0.1,1.0880269106247553,-0.0892165870125462
2022-01-27,-0.002089843658738911,0.0,0.0,-0.002089843658738911,0,Maximum Sharpe,Matched-Shrinkage Placebo,0.1,1.085753104485049,-0.09111998195266247
2022-01-28,0.033002436955646634,0.0,0.0,0.033002436955646634,0,Maximum Sharpe,Matched-Shrinkage Placebo,0.1,1.1215856028652142,-0.06112472645680844
2022-01-31,0.007756111540679561,0.0,0.0,0.007756111540679561,0,Maximum Sharpe,Matched-Shrinkage Placebo,0.1,1.130284745903457,-0.05384270511242151
2022-02-01,0.005876067392157265,0.6228028942432735,0.0006228028942432735,0.005253264497913991,0,Maximum Sharpe,Matched-Shrinkage Placebo,0.1,1.1362224306316453,-0.04887229058574638
2022-02-02,0.02709639136527566,0.0,0.0,0.02709639136527566,0,Maximum Sharpe,Matched-Shrinkage Placebo,0.1,1.1670099582900453,-0.023100161933099495
2022-02-03,-0.008229725246650816,0.0,0.0,-0.008229725246650816,0,Maximum Sharpe,Matched-Shrinkage Placebo,0.1,1.1574057869732128,-0.031139779193887662
2022-02-04,-0.0032193831617830337,0.0,0.0,-0.0032193831617830337,0,Maximum Sharpe,Matched-Shrinkage Placebo,0.1,1.153679654271281,-0.034258911474872256
2022-02-07,0.004061639886592461,0.0,0.0,0.004061639886592461,0,Maximum Sharpe,Matched-Shrinkage Placebo,0.1,1.1583654855714196,-0.030336418949597266
2022-02-08,0.0024626405438255257,0.0,0.0,0.0024626405438255257,0,Maximum Sharpe,Matched-Shrinkage Placebo,0.1,1.161218123380756,-0.02794848610103151
2022-02-09,0.019858533879662313,0.0,0.0,0.019858533879662313,0,Maximum Sharpe,Matched-Shrinkage Placebo,0.1,1.1842782128255906,-0.008644968179491674
2022-02-10,-0.019596451862742656,0.0,0.0,-0.019596451862742656,0,Maximum Sharpe,Matched-Shrinkage Placebo,0.1,1.1610705618358592,-0.028072009339449866
2022-02-11,-0.0058188784494865,0.0,0.0,-0.0058188784494865,0,Maximum Sharpe,Matched-Shrinkage Placebo,0.1,1.1543144333652593,-0.03372754017875734
2022-02-14,-0.007023763488978421,0.0,0.0,-0.007023763488978421,0,Maximum Sharpe,Matched-Shrinkage Placebo,0.1,1.1462068017933875,-0.04051440940245521
2022-02-15,0.0019599978694968346,0.0,0.0,0.0019599978694968346,0,Maximum Sharpe,Matched-Shrinkage Placebo,0.1,1.1484533646829054,-0.03863381968907109
2022-02-16,0.0015155271031981011,0.0,0.0,0.0015155271031981011,0,Maximum Sharpe,Matched-Shrinkage Placebo,0.1,1.1501938768838413,-0.03717684318671177
2022-02-17,-0.014445096102079993,0.0,0.0,-0.014445096102079993,0,Maximum Sharpe,Matched-Shrinkage Placebo,0.1,1.1335792157962303,-0.051084916216187715
2022-02-18,-0.008943286417734687,0.0,0.0,-0.008943286417734687,0,Maximum Sharpe,Matched-Shrinkage Placebo,0.1,1.1234412921921735,-0.05957133559657524
2022-02-22,-0.006786145962982245,0.0,0.0,-0.006786145962982245,0,Maximum Sharpe,Matched-Shrinkage Placebo,0.1,1.115817455602516,-0.06595322178098928
2022-02-23,0.008417497918508585,0.0,0.0,0.008417497918508585,0,Maximum Sharpe,Matched-Shrinkage Placebo,0.1,1.1252098467124856,-0.05809088496954118
2022-02-24,0.0014988720096630066,0.0,0.0,0.0014988720096630066,0,Maximum Sharpe,Matched-Shrinkage Placebo,0.1,1.1268963922567201,-0.05667908376137565
2022-02-25,0.034847883266463334,0.0,0.0,0.034847883266463334,0,Maximum Sharpe,Matched-Shrinkage Placebo,0.1,1.166166346187481,-0.023806346589478777
2022-02-28,-0.00449498478092266,0.0,0.0,-0.00449498478092266,0,Maximum Sharpe,Matched-Shrinkage Placebo,0.1,1.160924446209344,-0.028194322204792455
2022-03-01,0.005756007024258625,0.3961577662779542,0.0003961577662779542,0.0053598492579806705,0,Maximum Sharpe,Matched-Shrinkage Placebo,0.1,1.1671468262409308,-0.022985590263760347
2022-03-02,0.019109246589377647,0.0,0.0,0.019109246589377647,0,Maximum Sharpe,Matched-Shrinkage Placebo,0.1,1.1894501227495782,-0.004315580986735346
2022-03-03,0.00879172704430946,0.0,0.0,0.00879172704430946,0,Maximum Sharpe,Matched-Shrinkage Placebo,0.1,1.1999074435616128,0.0
2022-03-04,0.010554236598961826,0.0,0.0,0.010554236598961826,0,Maximum Sharpe,Matched-Shrinkage Placebo,0.1,1.2125715506178176,0.0
2022-03-07,-0.009178889015150864,0.0,0.0,-0.009178889015150864,0,Maximum Sharpe,Matched-Shrinkage Placebo,0.1,1.2014414909317672,-0.00917888901515096
2022-03-08,-0.022174821213625975,0.0,0.0,-0.022174821213625975,0,Maximum Sharpe,Matched-Shrinkage Placebo,0.1,1.174799740671723,-0.031150170005926237
2022-03-09,0.007881350538333174,0.0,0.0,0.007881350538333174,0,Maximum Sharpe,Matched-Shrinkage Placebo,0.1,1.1840587492402999,-0.023514324876738324
2022-03-10,0.007679802156421873,0.0,0.0,0.007679802156421873,0,Maximum Sharpe,Matched-Shrinkage Placebo,0.1,1.1931520861760458,-0.016015108083211604
2022-03-11,-0.007043186515348769,0.0,0.0,-0.007043186515348769,0,Maximum Sharpe,Matched-Shrinkage Placebo,0.1,1.1847484934919306,-0.02294549720526673
2022-03-14,-0.011062275873538599,0.0,0.0,-0.011062275873538599,0,Maximum Sharpe,Matched-Shrinkage Placebo,0.1,1.1716424788161637,-0.03375394365866502
2022-03-15,0.007000228411336327,0.0,0.0,0.007000228411336327,0,Maximum Sharpe,Matched-Shrinkage Placebo,0.1,1.1798442437843013,-0.026990000562722605
2022-03-16,0.006045221614892908,0.0,0.0,0.006045221614892908,0,Maximum Sharpe,Matched-Shrinkage Placebo,0.1,1.186976663709033,-0.021107939482617466
2022-03-17,0.019845182282756998,0.0,0.0,0.019845182282756998,0,Maximum Sharpe,Matched-Shrinkage Placebo,0.1,1.2105324319657176,-0.0016816481065065059
2022-03-18,0.006761931770044312,0.0,0.0,0.006761931770044312,0,Maximum Sharpe,Matched-Shrinkage Placebo,0.1,1.2187179696760955,0.0
2022-03-21,0.014140203468360575,0.0,0.0,0.014140203468360575,0,Maximum Sharpe,Matched-Shrinkage Placebo,0.1,1.2359508897378628,0.0
2022-03-22,0.0022761379318201537,0.0,0.0,0.0022761379318201537,0,Maximum Sharpe,Matched-Shrinkage Placebo,0.1,1.238764084439862,0.0
2022-03-23,0.00027544243498934124,0.0,0.0,0.00027544243498934124,0,Maximum Sharpe,Matched-Shrinkage Placebo,0.1,1.2391052926356574,0.0
2022-03-24,0.018546822412867134,0.0,0.0,0.018546822412867134,0,Maximum Sharpe,Matched-Shrinkage Placebo,0.1,1.2620867584490145,0.0
2022-03-25,0.010717384214972338,0.0,0.0,0.010717384214972338,0,Maximum Sharpe,Matched-Shrinkage Placebo,0.1,1.2756130271519417,0.0
2022-03-28,0.0026542164426005426,0.0,0.0,0.0026542164426005426,0,Maximum Sharpe,Matched-Shrinkage Placebo,0.1,1.2789987802230036,0.0
2022-03-29,0.010207931156288132,0.0,0.0,0.010207931156288132,0,Maximum Sharpe,Matched-Shrinkage Placebo,0.1,1.2920547117204966,0.0
2022-03-30,0.0007548710583737988,0.0,0.0,0.0007548710583737988,0,Maximum Sharpe,Matched-Shrinkage Placebo,0.1,1.2930300464282098,0.0
2022-03-31,-0.011172514336276541,0.0,0.0,-0.011172514336276541,0,Maximum Sharpe,Matched-Shrinkage Placebo,0.1,1.2785836496972545,-0.011172514336276418
2022-04-01,0.009728944462609287,0.5648272345289913,0.0005648272345289913,0.009164117228080295,0,Maximum Sharpe,Matched-Shrinkage Placebo,0.1,1.2903007401489868,-0.0021107833393062547
2022-04-04,-0.0029800163082128635,0.0,0.0,-0.0029800163082128635,0,Maximum Sharpe,Matched-Shrinkage Placebo,0.1,1.2864556229008437,-0.005084509478744836
2022-04-05,-0.0032819558308844476,0.0,0.0,-0.0032819558308844476,0,Maximum Sharpe,Matched-Shrinkage Placebo,0.1,1.2822335323680902,-0.008349778174098321
2022-04-06,0.016447887514315643,0.0,0.0,0.016447887514315643,0,Maximum Sharpe,Matched-Shrinkage Placebo,0.1,1.3033235652755644,0.0
2022-04-07,0.012679333304976215,0.0,0.0,0.012679333304976215,0,Maximum Sharpe,Matched-Shrinkage Placebo,0.1,1.3198488391639231,0.0
2022-04-08,0.004646013285540448,0.0,0.0,0.004646013285540448,0,Maximum Sharpe,Matched-Shrinkage Placebo,0.1,1.3259808744055839,0.0
2022-04-11,-0.025219109021379915,0.0,0.0,-0.025219109021379915,0,Maximum Sharpe,Matched-Shrinkage Placebo,0.1,1.2925408181736848,-0.025219109021379915
2022-04-12,0.004592976942582489,0.0,0.0,0.004592976942582489,0,Maximum Sharpe,Matched-Shrinkage Placebo,0.1,1.2984774283489033,-0.02074196286504504
2022-04-13,-0.005601071576459058,0.0,0.0,-0.005601071576459058,0,Maximum Sharpe,Matched-Shrinkage Placebo,0.1,1.2912045633323046,-0.026226857222860778
2022-04-14,0.006413776614817549,0.0,0.0,0.006413776614817549,0,Maximum Sharpe,Matched-Shrinkage Placebo,0.1,1.299486060965551,-0.019981293811579426
2022-04-18,0.0025425038674596547,0.0,0.0,0.0025425038674596547,0,Maximum Sharpe,Matched-Shrinkage Placebo,0.1,1.3027900093012657,-0.01748959246091264
2022-04-19,-0.004094708619859518,0.0,0.0,-0.004094708619859518,0,Maximum Sharpe,Matched-Shrinkage Placebo,0.1,1.2974554638203128,-0.021512686295764638
2022-04-20,0.004985353927883302,0.0,0.0,0.004985353927883302,0,Maximum Sharpe,Matched-Shrinkage Placebo,0.1,1.303923738513123,-0.016634580723005277
2022-04-21,-0.01816195657283857,0.0,0.0,-0.01816195657283857,0,Maximum Sharpe,Matched-Shrinkage Placebo,0.1,1.2802419321999543,-0.03449442076314535
2022-04-22,-0.026883841593150493,0.0,0.0,-0.026883841593150493,0,Maximum Sharpe,Matched-Shrinkage Placebo,0.1,1.2458241108937818,-0.06045091981265194
2022-04-25,-0.007403877321278211,0.0,0.0,-0.007403877321278211,0,Maximum Sharpe,Matched-Shrinkage Placebo,0.1,1.2366001820128336,-0.06740722593967896
2022-04-26,-0.010296809429350962,0.0,0.0,-0.010296809429350962,0,Maximum Sharpe,Matched-Shrinkage Placebo,0.1,1.2238671455983468,-0.07700995600936789
2022-04-27,0.0008882026118306619,0.0,0.0,0.0008882026118306619,0,Maximum Sharpe,Matched-Shrinkage Placebo,0.1,1.224954187593601,-0.07619015384160166
2022-04-28,0.019543472466867353,0.0,0.0,0.019543472466867353,0,Maximum Sharpe,Matched-Shrinkage Placebo,0.1,1.2488940460320104,-0.05813570154858405
2022-04-29,-0.053244211735236836,0.0,0.0,-0.053244211735236836,0,Maximum Sharpe,Matched-Shrinkage Placebo,0.1,1.1823976670102054,-0.10828452368119146
2022-05-02,-0.012522044912270632,0.9446740327725909,0.0009446740327725909,-0.013466718945043223,0,Maximum Sharpe,Matched-Shrinkage Placebo,0.1,1.1664746499473042,-0.1202930053797222
2022-05-03,0.008848366128886866,0.0,0.0,0.008848366128886866,0,Maximum Sharpe,Matched-Shrinkage Placebo,0.1,1.1767960447301031,-0.11250903580517924
2022-05-04,0.018126683741740215,0.0,0.0,0.018126683741740215,0,Maximum Sharpe,Matched-Shrinkage Placebo,0.1,1.1981274544614564,-0.0964217677735677
2022-05-05,-0.023523008537975523,0.0,0.0,-0.023523008537975523,0,Maximum Sharpe,Matched-Shrinkage Placebo,0.1,1.1699438921205767,-0.11767664624495888
2022-05-06,0.00018772034414114847,0.0,0.0,0.00018772034414114847,0,Maximum Sharpe,Matched-Shrinkage Placebo,0.1,1.1701635143906315,-0.11751101620134818
2022-05-09,-0.05320682952944415,0.0,0.0,-0.05320682952944415,0,Maximum Sharpe,Matched-Shrinkage Placebo,0.1,1.107902823758874,-0.16446545712393545
2022-05-10,-0.007990279541907503,0.0,0.0,-0.007990279541907503,0,Maximum Sharpe,Matched-Shrinkage Placebo,0.1,1.099050370491772,-0.171141611688435
2022-05-11,-0.0010344043772910817,0.0,0.0,-0.0010344043772910817,0,Maximum Sharpe,Matched-Shrinkage Placebo,0.1,1.0979135079776718,-0.1719989864334589
2022-05-12,0.0058306257277883425,0.0,0.0,0.0058306257277883425,0,Maximum Sharpe,Matched-Shrinkage Placebo,0.1,1.1043150307241727,-0.16717122242112314
2022-05-13,0.01630573882150609,0.0,0.0,0.01630573882150609,0,Maximum Sharpe,Matched-Shrinkage Placebo,0.1,1.1223217031918244,-0.15359133389088786
2022-05-16,0.004786543425822329,0.0,0.0,0.004786543425822329,0,Maximum Sharpe,Matched-Shrinkage Placebo,0.1,1.1276937447618949,-0.14953996205456432
2022-05-17,0.007912326298976332,0.0,0.0,0.007912326298976332,0,Maximum Sharpe,Matched-Shrinkage Placebo,0.1,1.1366164256357656,-0.1428108447301002
2022-05-18,-0.03145461982323598,0.0,0.0,-0.03145461982323598,0,Maximum Sharpe,Matched-Shrinkage Placebo,0.1,1.1008645880825472,-0.1697734037257157
2022-05-19,0.0007790890372420891,0.0,0.0,0.0007790890372420891,0,Maximum Sharpe,Matched-Shrinkage Placebo,0.1,1.1017222596146103,-0.1691265832861315
2022-05-20,0.002097032377657902,0.0,0.0,0.002097032377657902,0,Maximum Sharpe,Matched-Shrinkage Placebo,0.1,1.1040326068642086,-0.16738421482954735
2022-05-23,0.015773892564477004,0.0,0.0,0.015773892564477004,0,Maximum Sharpe,Matched-Shrinkage Placebo,0.1,1.1214474985925642,-0.15425062288678082
2022-05-24,0.0029627344241045244,0.0,0.0,0.0029627344241045244,0,Maximum Sharpe,Matched-Shrinkage Placebo,0.1,1.1247700497014703,-0.15174489209304254
2022-05-25,0.010975150789014378,0.0,0.0,0.010975150789014378,0,Maximum Sharpe,Matched-Shrinkage Placebo,0.1,1.137114570599911,-0.14243516437621218
2022-05-26,0.009500461496312076,0.0,0.0,0.009500461496312076,0,Maximum Sharpe,Matched-Shrinkage Placebo,0.1,1.147917683794791,-0.13428790267477708
2022-05-27,0.01895168102724544,0.0,0.0,0.01895168102724544,0,Maximum Sharpe,Matched-Shrinkage Placebo,0.1,1.1696726535836044,-0.11788120314484174
2022-05-31,-0.015601742707881384,0.0,0.0,-0.015601742707881384,0,Maximum Sharpe,Matched-Shrinkage Placebo,0.1,1.1514237217899481,-0.13164379365116174
2022-06-01,0.0010410970105077428,1.1376628402423818,0.001137662840242382,-9.656582973463913e-05,0,Maximum Sharpe,Matched-Shrinkage Placebo,0.1,1.1513125336028773,-0.1317276471887331
2022-06-02,0.001787697920668712,0.0,0.0,0.001787697920668712,0,Maximum Sharpe,Matched-Shrinkage Placebo,0.1,1.1533707326252391,-0.13017543850903812
2022-06-03,0.002282948189961462,0.0,0.0,0.002282948189961462,0,Maximum Sharpe,Matched-Shrinkage Placebo,0.1,1.1560038182516406,-0.1281896741007983
2022-06-06,-0.0029555543774967916,0.0,0.0,-0.0029555543774967916,0,Maximum Sharpe,Matched-Shrinkage Placebo,0.1,1.1525871861062038,-0.13076635692585659
2022-06-07,0.013299780733958459,0.0,0.0,0.013299780733958459,0,Maximum Sharpe,Matched-Shrinkage Placebo,0.1,1.1679163429581867,-0.11920574006639051
2022-06-08,-0.007735133684858541,0.0,0.0,-0.007735133684858541,0,Maximum Sharpe,Matched-Shrinkage Placebo,0.1,1.158882353912674,-0.126018801415833
2022-06-09,-0.024946521891058403,0.0,0.0,-0.024946521891058403,0,Maximum Sharpe,Matched-Shrinkage Placebo,0.1,1.1299722699016301,-0.14782159251868643
2022-06-10,-0.012619464197555401,0.0,0.0,-0.012619464197555401,0,Maximum Sharpe,Matched-Shrinkage Placebo,0.1,1.1157126252973761,-0.15857562742182663
2022-06-13,-0.04265431909273676,0.0,0.0,-0.04265431909273676,0,Maximum Sharpe,Matched-Shrinkage Placebo,0.1,1.0681226629621468,-0.19446601110218187
2022-06-14,-0.007607456198377291,0.0,0.0,-0.007607456198377291,0,Maximum Sharpe,Matched-Shrinkage Placebo,0.1,1.059996966589168,-0.20059407563902631
2022-06-15,-0.005438591496635458,0.0,0.0,-0.005438591496635458,0,Maximum Sharpe,Matched-Shrinkage Placebo,0.1,1.0542320761002166,-0.20494171790161597
2022-06-16,-0.02248199322547929,0.0,0.0,-0.02248199322547929,0,Maximum Sharpe,Matched-Shrinkage Placebo,0.1,1.0305308377072486,-0.22281621281361297
2022-06-17,-0.020723698271327348,0.0,0.0,-0.020723698271327348,0,Maximum Sharpe,Matched-Shrinkage Placebo,0.1,1.0091744275673054,-0.2389223351206312
2022-06-21,0.035573650625449434,0.0,0.0,0.035573650625449434,0,Maximum Sharpe,Matched-Shrinkage Placebo,0.1,1.0450744460737225,-0.21184802417137982
2022-06-22,-0.0052941025870276125,0.0,0.0,-0.0052941025870276125,0,Maximum Sharpe,Matched-Shrinkage Placebo,0.1,1.0395417147451271,-0.21602058158558501
2022-06-23,0.002342557661386943,0.0,0.0,0.002342557661386943,0,Maximum Sharpe,Matched-Shrinkage Placebo,0.1,1.0419769011533346,-0.21418406459260864
2022-06-24,0.018062950726009618,0.0,0.0,0.018062950726009618,0,Maximum Sharpe,Matched-Shrinkage Placebo,0.1,1.0607980785765077,-0.1999899100716317
2022-06-27,0.012353755974301777,0.0,0.0,0.012353755974301777,0,Maximum Sharpe,Matched-Shrinkage Placebo,0.1,1.0739029191772502,-0.19010678064367725
2022-06-28,0.002538952857900389,0.0,0.0,0.002538952857900389,0,Maximum Sharpe,Matched-Shrinkage Placebo,0.1,1.0766295080630028,-0.1880504999397984
2022-06-29,-0.0069633727793798365,0.0,0.0,-0.0069633727793798365,0,Maximum Sharpe,Matched-Shrinkage Placebo,0.1,1.0691325354530798,-0.19370440698674862
2022-06-30,-0.0061833413510061505,0.0,0.0,-0.0061833413510061505,0,Maximum Sharpe,Matched-Shrinkage Placebo,0.1,1.0625217240369067,-0.1986900078681615
2022-07-01,0.013847448906216657,0.7898190210010558,0.0007898190210010558,0.013057629885215602,0,Maximum Sharpe,Matched-Shrinkage Placebo,0.1,1.076395739454382,-0.18822679856757885
2022-07-05,-0.013355636229740436,0.0,0.0,-0.013355636229740436,0,Maximum Sharpe,Matched-Shrinkage Placebo,0.1,1.0620197895189867,-0.19906854614696212
2022-07-06,-0.0031805600641528144,0.0,0.0,-0.0031805600641528144,0,Maximum Sharpe,Matched-Shrinkage Placebo,0.1,1.0586419717891027,-0.20161595674321087
2022-07-07,0.003953074877502903,0.0,0.0,0.003953074877502903,0,Maximum Sharpe,Matched-Shrinkage Placebo,0.1,1.0628268627720523,-0.19845988483921329
2022-07-08,0.00030152609310484825,0.0,0.0,0.00030152609310484825,0,Maximum Sharpe,Matched-Shrinkage Placebo,0.1,1.0631473328036307,-0.19821819957982223
2022-07-11,0.00044774726777457993,0.0,0.0,0.00044774726777457993,0,Maximum Sharpe,Matched-Shrinkage Placebo,0.1,1.0636233541171354,-0.19785920396933265
2022-07-12,-0.008022883171686852,0.0,0.0,-0.008022883171686852,0,Maximum Sharpe,Matched-Shrinkage Placebo,0.1,1.055090028208376,-0.2042946858631306
2022-07-13,-0.00325485740556676,0.0,0.0,-0.00325485740556676,0,Maximum Sharpe,Matched-Shrinkage Placebo,0.1,1.0516558606165223,-0.20688459319749775
2022-07-14,-0.0019064524312547282,0.0,0.0,-0.0019064524312547282,0,Maximum Sharpe,Matched-Shrinkage Placebo,0.1,1.0496509287442066,-0.20839662999306197
2022-07-15,0.01613252393845995,0.0,0.0,0.01613252393845995,0,Maximum Sharpe,Matched-Shrinkage Placebo,0.1,1.0665844474791992,-0.19562606967665952
2022-07-18,-0.011670032041548215,0.0,0.0,-0.011670032041548215,0,Maximum Sharpe,Matched-Shrinkage Placebo,0.1,1.0541373728021,-0.205013139216919
2022-07-19,0.010448741948890542,0.0,0.0,0.010448741948890542,0,Maximum Sharpe,Matched-Shrinkage Placebo,0.1,1.0651517821891905,-0.196706526655838
2022-07-20,-0.00793114704747813,0.0,0.0,-0.00793114704747813,0,Maximum Sharpe,Matched-Shrinkage Placebo,0.1,1.0567039067767647,-0.20307756531520993
2022-07-21,-0.0035652958964329587,0.0,0.0,-0.0035652958964329587,0,Maximum Sharpe,Matched-Shrinkage Placebo,0.1,1.052936444674189,-0.20591882960136698
2022-07-22,0.003540839254689138,0.0,0.0,0.003540839254689138,0,Maximum Sharpe,Matched-Shrinkage Placebo,0.1,1.056664723370184,-0.20310711582181007
2022-07-25,0.017859260379335287,0.0,0.0,0.017859260379335287,0,Maximum Sharpe,Matched-Shrinkage Placebo,0.1,1.0755359737985104,-0.18887519830883226
2022-07-26,0.0008747208915626538,0.0,0.0,0.0008747208915626538,0,Maximum Sharpe,Matched-Shrinkage Placebo,0.1,1.0764767675844191,-0.18816569049912846
2022-07-27,0.0026016144084963547,0.0,0.0,0.0026016144084963547,0,Maximum Sharpe,Matched-Shrinkage Placebo,0.1,1.0792773450533784,-0.18605361066221926
2022-07-28,0.005190402800196384,0.0,0.0,0.005190402800196384,0,Maximum Sharpe,Matched-Shrinkage Placebo,0.1,1.084879229207332,-0.18182890104379068
2022-07-29,-0.00045178203900279347,0.0,0.0,-0.00045178203900279347,0,Maximum Sharpe,Matched-Shrinkage Placebo,0.1,1.084389100257089,-0.18219853605113023
2022-08-01,-0.012218202781655094,0.5731589468778152,0.0005731589468778152,-0.012791361728532909,0,Maximum Sharpe,Matched-Shrinkage Placebo,0.1,1.0705182870212222,-0.19265933039862393
2022-08-02,-0.006106364030350437,0.0,0.0,-0.006106364030350437,0,Maximum Sharpe,Matched-Shrinkage Placebo,0.1,1.0639813126595234,-0.19758924642371678
2022-08-03,-0.009504970680220898,0.0,0.0,-0.009504970680220898,0,Maximum Sharpe,Matched-Shrinkage Placebo,0.1,1.0538682014783918,-0.20521613710995334
2022-08-04,-0.0167576686833015,0.0,0.0,-0.0167576686833015,0,Maximum Sharpe,Matched-Shrinkage Placebo,0.1,1.03620782732215,-0.2185348617590993
2022-08-05,0.004861429036994537,0.0,0.0,0.004861429036994537,0,Maximum Sharpe,Matched-Shrinkage Placebo,0.1,1.041245278142255,-0.214735824444656
2022-08-08,0.006635761805181105,0.0,0.0,0.006635761805181105,0,Maximum Sharpe,Matched-Shrinkage Placebo,0.1,1.0481547337887764,-0.20952499842152883
2022-08-09,0.014891944020003092,0.0,0.0,0.014891944020003092,0,Maximum Sharpe,Matched-Shrinkage Placebo,0.1,1.06376379540866,-0.1977532889488105
2022-08-10,0.0032921661004758846,0.0,0.0,0.0032921661004758846,0,Maximum Sharpe,Matched-Shrinkage Placebo,0.1,1.067265882514818,-0.19511215952246952
2022-08-11,0.013340124821333057,0.0,0.0,0.013340124821333057,0,Maximum Sharpe,Matched-Shrinkage Placebo,0.1,1.0815033426051157,-0.1843748552633261
2022-08-12,0.006261667211330536,0.0,0.0,0.006261667211330536,0,Maximum Sharpe,Matched-Shrinkage Placebo,0.1,1.0882753566244505,-0.17926768203779175
2022-08-15,-0.007732672996994195,0.0,0.0,-0.007732672996994195,0,Maximum Sharpe,Matched-Shrinkage Placebo,0.1,1.0798600791609865,-0.18561413667065862
2022-08-16,0.000502425443368375,0.0,0.0,0.000502425443368375,0,Maximum Sharpe,Matched-Shrinkage Placebo,0.1,1.0804026283400348,-0.18520496849220236
2022-08-17,-0.0006811793104386858,0.0,0.0,-0.0006811793104386858,0,Maximum Sharpe,Matched-Shrinkage Placebo,0.1,1.079666680422666,-0.18575999000991372
2022-08-18,0.011318755426997722,0.0,0.0,0.011318755426997722,0,Maximum Sharpe,Matched-Shrinkage Placebo,0.1,1.0918871635210488,-0.17654380647795964
2022-08-19,0.017850969530084217,0.0,0.0,0.017850969530084217,0,Maximum Sharpe,Matched-Shrinkage Placebo,0.1,1.111378408007353,-0.16184431505803865
2022-08-22,-0.014018560917483188,0.0,0.0,-0.014018560917483188,0,Maximum Sharpe,Matched-Shrinkage Placebo,0.1,1.0957984820923263,-0.1735940515857325
2022-08-23,0.015662460662088647,0.0,0.0,0.015662460662088647,0,Maximum Sharpe,Matched-Shrinkage Placebo,0.1,1.1129613827116738,-0.160650500927778
2022-08-24,0.002870419256191243,0.0,0.0,0.002870419256191243,0,Maximum Sharpe,Matched-Shrinkage Placebo,0.1,1.1161560484960067,-0.15824121596296647
2022-08-25,0.005174489871363178,0.0,0.0,0.005174489871363178,0,Maximum Sharpe,Matched-Shrinkage Placebo,0.1,1.1219315866638102,-0.15388554366083573
2022-08-26,-0.01320248707805648,0.0,0.0,-0.01320248707805648,0,Maximum Sharpe,Matched-Shrinkage Placebo,0.1,1.1071192993884178,-0.16505635883721037
2022-08-29,0.005539119811979661,0.0,0.0,0.005539119811979661,0,Maximum Sharpe,Matched-Shrinkage Placebo,0.1,1.1132517658338852,-0.16043150597255917
2022-08-30,-0.018646437487145694,0.0,0.0,-0.018646437487145694,0,Maximum Sharpe,Matched-Shrinkage Placebo,0.1,1.092493586374809,-0.1760864674126189
2022-08-31,-0.01102698335398268,0.0,0.0,-0.01102698335398268,0,Maximum Sharpe,Matched-Shrinkage Placebo,0.1,1.0804466777835213,-0.185171748221581
2022-09-01,-0.0008820745438945148,0.549187864137735,0.000549187864137735,-0.00143126240803225,0,Maximum Sharpe,Matched-Shrinkage Placebo,0.1,1.0789002750697265,-0.186337981267354
2022-09-02,-0.00027983241709878914,0.0,0.0,-0.00027983241709878914,0,Maximum Sharpe,Matched-Shrinkage Placebo,0.1,1.0785983637979453,-0.1865656702767574
2022-09-06,-0.007928324736002733,0.0,0.0,-0.007928324736002733,0,Maximum Sharpe,Matched-Shrinkage Placebo,0.1,1.070046885710034,-0.1930148417942159
2022-09-07,0.002071776464147067,0.0,0.0,0.002071776464147067,0,Maximum Sharpe,Matched-Shrinkage Placebo,0.1,1.072263783663382,-0.19134294893652914
2022-09-08,-0.0009368528662818025,0.0,0.0,-0.0009368528662818025,0,Maximum Sharpe,Matched-Shrinkage Placebo,0.1,1.0712592302642467,-0.192100541612657
2022-09-09,0.012023461867967458,0.0,0.0,0.012023461867967458,0,Maximum Sharpe,Matched-Shrinkage Placebo,0.1,1.0841394747700372,-0.18238679328158502
2022-09-12,0.009570436297018906,0.0,0.0,0.009570436297018906,0,Maximum Sharpe,Matched-Shrinkage Placebo,0.1,1.0945151625504073,-0.17456187817108526
2022-09-13,-0.02367933972897963,0.0,0.0,-0.02367933972897963,0,Maximum Sharpe,Matched-Shrinkage Placebo,0.1,1.0685977661778567,-0.19410770788312304
2022-09-14,0.02103502112114214,0.0,0.0,0.02103502112114214,0,Maximum Sharpe,Matched-Shrinkage Placebo,0.1,1.091075742759413,-0.177155746497079
2022-09-15,-0.02049764536701721,0.0,0.0,-0.02049764536701721,0,Maximum Sharpe,Matched-Shrinkage Placebo,0.1,1.0687112591157757,-0.19402211619766996
2022-09-16,-0.006409808622803887,0.0,0.0,-0.006409808622803887,0,Maximum Sharpe,Matched-Shrinkage Placebo,0.1,1.0618610244718076,-0.19918828018705548
2022-09-19,0.0047080844961857205,0.0,0.0,0.0047080844961857205,0,Maximum Sharpe,Matched-Shrinkage Placebo,0.1,1.0668603558982273,-0.1954179909446403
2022-09-20,-0.009072666391576308,0.0,0.0,-0.009072666391576308,0,Maximum Sharpe,Matched-Shrinkage Placebo,0.1,1.0571810878027643,-0.20271769509746373
2022-09-21,-0.015398616286243163,0.0,0.0,-0.015398616286243163,0,Maximum Sharpe,Matched-Shrinkage Placebo,0.1,1.0409019618866164,-0.2149947393824695
2022-09-22,-0.0014962135573318692,0.0,0.0,-0.0014962135573318692,0,Maximum Sharpe,Matched-Shrinkage Placebo,0.1,1.0393445502593883,-0.21616927489598226
2022-09-23,-0.03387400120531757,0.0,0.0,-0.03387400120531757,0,Maximum Sharpe,Matched-Shrinkage Placebo,0.1,1.0041377917111616,-0.24272075782292069
2022-09-26,-0.01883206400900513,0.0,0.0,-0.01883206400900513,0,Maximum Sharpe,Matched-Shrinkage Placebo,0.1,0.9852278045437959,-0.2569818889842903
2022-09-27,-0.003343199596244798,0.0,0.0,-0.003343199596244798,0,Maximum Sharpe,Matched-Shrinkage Placebo,0.1,0.9819339913454359,-0.2594659468330407
2022-09-28,0.028653871284689984,0.0,0.0,0.028653871284689984,0,Maximum Sharpe,Matched-Shrinkage Placebo,0.1,1.01007020154351,-0.23824677939166483
2022-09-29,-0.015023793966008768,0.0,0.0,-0.015023793966008768,0,Maximum Sharpe,Matched-Shrinkage Placebo,0.1,0.9948951149443153,-0.24969120283102808
2022-09-30,-0.017561759786977146,0.0,0.0,-0.017561759786977146,0,Maximum Sharpe,Matched-Shrinkage Placebo,0.1,0.9774230059224261,-0.26286794569296534
2022-10-03,0.03753498707386828,0.9716885056624376,0.0009716885056624376,0.03656329856820584,0,Maximum Sharpe,Matched-Shrinkage Placebo,0.1,1.013160815115401,-0.2359159663071423
2022-10-04,0.029371410619573296,0.0,0.0,0.029371410619573296,0,Maximum Sharpe,Matched-Shrinkage Placebo,0.1,1.042918777439817,-0.21347374040568956
2022-10-05,0.012289451442211082,0.0,0.0,0.012289451442211082,0,Maximum Sharpe,Matched-Shrinkage Placebo,0.1,1.055735677113334,-0.20380776413038126
2022-10-06,0.0013730898350891125,0.0,0.0,0.0013730898350891125,0,Maximum Sharpe,Matched-Shrinkage Placebo,0.1,1.0571852970401192,-0.20271452066453177
2022-10-07,-0.009872435453912967,0.0,0.0,-0.009872435453912967,0,Maximum Sharpe,Matched-Shrinkage Placebo,0.1,1.0467483034322649,-0.2105856700976132
2022-10-10,-0.017464635619935956,0.0,0.0,-0.017464635619935956,0,Maximum Sharpe,Matched-Shrinkage Placebo,0.1,1.0284672257270342,-0.22437250372251438
2022-10-11,0.0061958536911760325,0.0,0.0,0.0061958536911760325,0,Maximum Sharpe,Matched-Shrinkage Placebo,0.1,1.0348394581838085,-0.21956682923672588
2022-10-12,-0.0018472368814288712,0.0,0.0,-0.0018472368814288712,0,Maximum Sharpe,Matched-Shrinkage Placebo,0.1,1.0329278645702935,-0.2210084741732503
2022-10-13,0.036979758789467666,0.0,0.0,0.036979758789467666,0,Maximum Sharpe,Matched-Shrinkage Placebo,0.1,1.0711252878490227,-0.19220155544913786
2022-10-14,-0.010648327404401558,0.0,0.0,-0.010648327404401558,0,Maximum Sharpe,Matched-Shrinkage Placebo,0.1,1.0597195950928724,-0.20080325776348185
2022-10-17,0.010480787945264946,0.0,0.0,0.010480787945264946,0,Maximum Sharpe,Matched-Shrinkage Placebo,0.1,1.0708262914504827,-0.19242704618155437
2022-10-18,0.0040659642839974645,0.0,0.0,0.0040659642839974645,0,Maximum Sharpe,Matched-Shrinkage Placebo,0.1,1.075180232905886,-0.18914348339460618
2022-10-19,0.002622365834338667,0.0,0.0,0.002622365834338667,0,Maximum Sharpe,Matched-Shrinkage Placebo,0.1,1.0779997488144146,-0.18701712096890932
2022-10-20,0.001127525707173763,0.0,0.0,0.001127525707173763,0,Maximum Sharpe,Matched-Shrinkage Placebo,0.1,1.0792152212435295,-0.18610046187330975
2022-10-21,0.029102634492351447,0.0,0.0,0.029102634492351447,0,Maximum Sharpe,Matched-Shrinkage Placebo,0.1,1.1106232273659622,-0.16241384110171508
2022-10-24,0.013008126779128834,0.0,0.0,0.013008126779128834,0,Maximum Sharpe,Matched-Shrinkage Placebo,0.1,1.1250703551113839,-0.15151841415832257
2022-10-25,-0.0009506672828575511,0.0,0.0,-0.0009506672828575511,0,Maximum Sharpe,Matched-Shrinkage Placebo,0.1,1.1240007875338667,-0.15232503784208928
2022-10-26,0.016521718654432253,0.0,0.0,0.016521718654432253,0,Maximum Sharpe,Matched-Shrinkage Placebo,0.1,1.1425712123128615,-0.1383199906069098
2022-10-27,0.0026988449145382946,0.0,0.0,0.0026988449145382946,0,Maximum Sharpe,Matched-Shrinkage Placebo,0.1,1.1456548348187099,-0.13599444989559994
2022-10-28,-0.015943995507424487,0.0,0.0,-0.015943995507424487,0,Maximum Sharpe,Matched-Shrinkage Placebo,0.1,1.1273885192793012,-0.14977015050485443
2022-10-31,-0.0009010228871078008,0.0,0.0,-0.0009010228871078008,0,Maximum Sharpe,Matched-Shrinkage Placebo,0.1,1.126372716420768,-0.15053622705855174
2022-11-01,0.008085947999995154,1.2389257186485607,0.0012389257186485607,0.006847022281346593,0,Maximum Sharpe,Matched-Shrinkage Placebo,0.1,1.1340850155072018,-0.14471992967802494
2022-11-02,-0.01797790426332354,0.0,0.0,-0.01797790426332354,0,Maximum Sharpe,Matched-Shrinkage Placebo,0.1,1.1136965436719435,-0.16009607290060202
2022-11-03,0.002130309919112983,0.0,0.0,0.002130309919112983,0,Maximum Sharpe,Matched-Shrinkage Placebo,0.1,1.1160690624658096,-0.1583068172336003
2022-11-04,0.010985324011200564,0.0,0.0,0.010985324011200564,0,Maximum Sharpe,Matched-Shrinkage Placebo,0.1,1.1283294427358734,-0.14906054490289267
2022-11-07,0.022553504168218823,0.0,0.0,0.022553504168218823,0,Maximum Sharpe,Matched-Shrinkage Placebo,0.1,1.153777225525741,-0.12986887835545824
2022-11-08,0.020499656547452297,0.0,0.0,0.020499656547452297,0,Maximum Sharpe,Matched-Shrinkage Placebo,0.1,1.177429262381291,-0.11203148921049577
2022-11-09,-0.02752823047217562,0.0,0.0,-0.02752823047217562,0,Maximum Sharpe,Matched-Shrinkage Placebo,0.1,1.1450167182817752,-0.13647569102754364
2022-11-10,0.013137990472788474,0.0,0.0,0.013137990472788474,0,Maximum Sharpe,Matched-Shrinkage Placebo,0.1,1.1600599370177447,-0.1251307168832423
2022-11-11,0.007145817908700752,0.0,0.0,0.007145817908700752,0,Maximum Sharpe,Matched-Shrinkage Placebo,0.1,1.1683495140908524,-0.11887906029217432
2022-11-14,0.0018313827313040964,0.0,0.0,0.0018313827313040964,0,Maximum Sharpe,Matched-Shrinkage Placebo,0.1,1.170489209215086,-0.11726539061900287
2022-11-15,0.0030738876494061556,0.0,0.0,0.0030738876494061556,0,Maximum Sharpe,Matched-Shrinkage Placebo,0.1,1.1740871615390553,-0.11455196360552344
2022-11-16,-0.005786155444714805,0.0,0.0,-0.005786155444714805,0,Maximum Sharpe,Matched-Shrinkage Placebo,0.1,1.1672937107167463,-0.11967530358231948
2022-11-17,0.005311290842183042,0.0,0.0,0.005311290842183042,0,Maximum Sharpe,Matched-Shrinkage Placebo,0.1,1.173493547112614,-0.11499964308408861
2022-11-18,0.0004862960206571368,0.0,0.0,0.0004862960206571368,0,Maximum Sharpe,Matched-Shrinkage Placebo,0.1,1.1740642123548417,-0.11456927093224023
2022-11-21,-0.001530024100425583,0.0,0.0,-0.001530024100425583,0,Maximum Sharpe,Matched-Shrinkage Placebo,0.1,1.1722678658144916,-0.11592400128697133
2022-11-22,0.015368345588291175,0.0,0.0,0.015368345588291175,0,Maximum Sharpe,Matched-Shrinkage Placebo,0.1,1.1902836834983772,-0.10233721581243582
2022-11-23,-0.009338039116953956,0.0,0.0,-0.009338039116953956,0,Maximum Sharpe,Matched-Shrinkage Placebo,0.1,1.1791687679015974,-0.11071962600501306
2022-11-25,-0.0010799906530595269,0.0,0.0,-0.0010799906530595269,0,Maximum Sharpe,Matched-Shrinkage Placebo,0.1,1.177895276653884,-0.11168004049687696
2022-11-28,-0.015327858073452843,0.0,0.0,-0.015327858073452843,0,Maximum Sharpe,Matched-Shrinkage Placebo,0.1,1.1598406650279427,-0.1252960827599563
2022-11-29,0.0030578941774650993,0.0,0.0,0.0030578941774650993,0,Maximum Sharpe,Matched-Shrinkage Placebo,0.1,1.163387335044319,-0.12262133074442194
2022-11-30,0.013378856356872904,0.0,0.0,0.013378856356872904,0,Maximum Sharpe,Matched-Shrinkage Placebo,0.1,1.178952127087282,-0.11088300755786729
2022-12-01,-0.0030132018805798496,0.8001334664893691,0.0008001334664893691,-0.0038133353470692186,0,Maximum Sharpe,Matched-Shrinkage Placebo,0.1,1.1744563872685576,-0.11427350881282683
2022-12-02,-0.0009144712776686899,0.0,0.0,-0.0009144712776686899,0,Maximum Sharpe,Matched-Shrinkage Placebo,0.1,1.1733823806355261,-0.11508348024888759
2022-12-05,-0.007988733220538674,0.0,0.0,-0.007988733220538674,0,Maximum Sharpe,Matched-Shrinkage Placebo,0.1,1.1640085418309483,-0.1221528422476269
2022-12-06,-0.013319043999666432,0.0,0.0,-0.013319043999666432,0,Maximum Sharpe,Matched-Shrinkage Placebo,0.1,1.1485050608463143,-0.1338449271667128
2022-12-07,0.006314520189990239,0.0,0.0,0.006314520189990239,0,Maximum Sharpe,Matched-Shrinkage Placebo,0.1,1.1557573192413344,-0.12837557347164452
2022-12-08,0.002831914624041484,0.0,0.0,0.002831914624041484,0,Maximum Sharpe,Matched-Shrinkage Placebo,0.1,1.159030325295537,-0.1259072075114871
2022-12-09,-0.017941618907364024,0.0,0.0,-0.017941618907364024,0,Maximum Sharpe,Matched-Shrinkage Placebo,0.1,1.1382354448970062,-0.1415898472839896
2022-12-12,0.006146732397753353,0.0,0.0,0.006146732397753353,0,Maximum Sharpe,Matched-Shrinkage Placebo,0.1,1.1452318735824258,-0.13631342978772976
2022-12-13,0.0041926820039076985,0.0,0.0,0.0041926820039076985,0,Maximum Sharpe,Matched-Shrinkage Placebo,0.1,1.1500334666490966,-0.13269226664778389
2022-12-14,0.001920252146336549,0.0,0.0,0.001920252146336549,0,Maximum Sharpe,Matched-Shrinkage Placebo,0.1,1.1522418208817884,-0.13102681711127995
2022-12-15,-0.014967239228841264,0.0,0.0,-0.014967239228841264,0,Maximum Sharpe,Matched-Shrinkage Placebo,0.1,1.134995941899175,-0.14403294662302302
2022-12-16,-0.002903638562139904,0.0,0.0,-0.002903638562139904,0,Maximum Sharpe,Matched-Shrinkage Placebo,0.1,1.1317003239144043,-0.1465183655671296
2022-12-19,1.1353600951083246e-05,0.0,0.0,1.1353600951083246e-05,0,Maximum Sharpe,Matched-Shrinkage Placebo,0.1,1.1317131727882783,-0.14650867547723312
2022-12-20,0.0019046680078256021,0.0,0.0,0.0019046680078256021,0,Maximum Sharpe,Matched-Shrinkage Placebo,0.1,1.133868710662523,-0.14488305785645794
2022-12-21,0.011369444098053702,0.0,0.0,0.011369444098053702,0,Maximum Sharpe,Matched-Shrinkage Placebo,0.1,1.1467601675829326,-0.13516085358545837
2022-12-22,-0.006627818183241601,0.0,0.0,-0.006627818183241601,0,Maximum Sharpe,Matched-Shrinkage Placebo,0.1,1.1391596496924092,-0.1408928502056439
2022-12-23,0.008420357048674701,0.0,0.0,0.008420357048674701,0,Maximum Sharpe,Matched-Shrinkage Placebo,0.1,1.1487517806782626,-0.1336588612613061
2022-12-27,0.0034401527344410853,0.0,0.0,0.0034401527344410853,0,Maximum Sharpe,Matched-Shrinkage Placebo,0.1,1.152703662257757,-0.1306785154239154
2022-12-28,-0.012076856431569884,0.0,0.0,-0.012076856431569884,0,Maximum Sharpe,Matched-Shrinkage Placebo,0.1,1.1387826256205251,-0.14117718618602004
2022-12-29,0.0026939447475703435,0.0,0.0,0.0026939447475703435,0,Maximum Sharpe,Matched-Shrinkage Placebo,0.1,1.14185044309344,-0.13886356497765218
2022-12-30,0.0024126513158788253,0.0,0.0,0.0024126513158788253,0,Maximum Sharpe,Matched-Shrinkage Placebo,0.1,1.1446053300675063,-0.13678594302454428
2023-01-03,-0.010800191025337214,0.6551952295153867,0.0006551952295153866,-0.0114553862548526,0,Maximum Sharpe,Matched-Shrinkage Placebo,0.1,1.13149343390222,-0.1466743934678164
2023-01-04,0.006385269403586481,0.0,0.0,0.006385269403586481,0,Maximum Sharpe,Matched-Shrinkage Placebo,0.1,1.1387183243060748,-0.14122567958112964
2023-01-05,0.01638176792910907,0.0,0.0,0.01638176792910907,0,Maximum Sharpe,Matched-Shrinkage Placebo,0.1,1.157372543631481,-0.12715743796054924
2023-01-06,0.012809008611861497,0.0,0.0,0.012809008611861497,0,Maximum Sharpe,Matched-Shrinkage Placebo,0.1,1.1721973385099886,-0.11597719006658669
2023-01-09,-0.028991804506503436,0.0,0.0,-0.028991804506503436,0,Maximum Sharpe,Matched-Shrinkage Placebo,0.1,1.1382132224288635,-0.14160660655146606
2023-01-10,0.006785232908105008,0.0,0.0,0.006785232908105008,0,Maximum Sharpe,Matched-Shrinkage Placebo,0.1,1.145936264242128,-0.13578220745013914
2023-01-11,0.004298896755613408,0.0,0.0,0.004298896755613408,0,Maximum Sharpe,Matched-Shrinkage Placebo,0.1,1.1508625259306182,-0.13206702438560314
2023-01-12,0.010392648804223413,0.0,0.0,0.010392648804223413,0,Maximum Sharpe,Matched-Shrinkage Placebo,0.1,1.1628230359845566,-0.12304690178443811
2023-01-13,0.0019881813532935744,0.0,0.0,0.0019881813532935744,0,Maximum Sharpe,Matched-Shrinkage Placebo,0.1,1.1651349390618813,-0.12130335998685293
2023-01-17,-0.011521975854547697,0.0,0.0,-0.011521975854547697,0,Maximum Sharpe,Matched-Shrinkage Placebo,0.1,1.1517102824267202,-0.1314276814565567
2023-01-18,-0.015611478540257538,0.0,0.0,-0.015611478540257538,0,Maximum Sharpe,Matched-Shrinkage Placebo,0.1,1.1337303820680216,-0.14498737956815944
2023-01-19,0.009537376324551802,0.0,0.0,0.009537376324551802,0,Maximum Sharpe,Matched-Shrinkage Placebo,0.1,1.1445431953723824,-0.13683280244485962
2023-01-20,0.00682614920563916,0.0,0.0,0.00682614920563916,0,Maximum Sharpe,Matched-Shrinkage Placebo,0.1,1.1523560179962933,-0.13094069436493483
2023-01-23,-0.0024905379436858336,0.0,0.0,-0.0024905379436858336,0,Maximum Sharpe,Matched-Shrinkage Placebo,0.1,1.1494860316088389,-0.13310511954093218
2023-01-24,-0.008246685734407375,0.0,0.0,-0.008246685734407375,0,Maximum Sharpe,Matched-Shrinkage Placebo,0.1,1.1400065815500697,-0.1402541291848447
2023-01-25,-0.0011764755809527423,0.0,0.0,-0.0011764755809527423,0,Maximum Sharpe,Matched-Shrinkage Placebo,0.1,1.1386653916447507,-0.14126559920768367
2023-01-26,0.00409321185031466,0.0,0.0,0.00409321185031466,0,Maximum Sharpe,Matched-Shrinkage Placebo,0.1,1.1433261903193743,-0.1377506173820876
2023-01-27,-0.014288881406664691,0.0,0.0,-0.014288881406664691,0,Maximum Sharpe,Matched-Shrinkage Placebo,0.1,1.126989337976767,-0.15007119655328482
2023-01-30,-0.003970208584229593,0.0,0.0,-0.003970208584229593,0,Maximum Sharpe,Matched-Shrinkage Placebo,0.1,1.1225149552327964,-0.15344559118471301
2023-01-31,0.014368308325223029,0.0,0.0,0.014368308325223029,0,Maximum Sharpe,Matched-Shrinkage Placebo,0.1,1.1386435962092551,-0.141282036424778
2023-02-01,1.5517363261989114e-05,0.5572897721360299,0.0005572897721360299,-0.0005417724088740408,0,Maximum Sharpe,Matched-Shrinkage Placebo,0.1,1.138026710525288,-0.14174726612444755
2023-02-02,-0.025860644839500287,0.0,0.0,-0.025860644839500287,0,Maximum Sharpe,Matched-Shrinkage Placebo,0.1,1.1085966059465286,-0.16394223525773333
2023-02-03,-0.0025911180669957318,0.0,0.0,-0.0025911180669957318,0,Maximum Sharpe,Matched-Shrinkage Placebo,0.1,1.1057241012518504,-0.1661085596370092
2023-02-06,-0.0009134288230859522,0.0,0.0,-0.0009134288230859522,0,Maximum Sharpe,Matched-Shrinkage Placebo,0.1,1.1047141009873862,-0.16687026011396133
2023-02-07,0.01516618938596119,0.0,0.0,0.01516618938596119,0,Maximum Sharpe,Matched-Shrinkage Placebo,0.1,1.1214684042603027,-0.15423485669577308
2023-02-08,0.0020261188998438543,0.0,0.0,0.0020261188998438543,0,Maximum Sharpe,Matched-Shrinkage Placebo,0.1,1.123740632589752,-0.1525212359540954
2023-02-09,-0.0025515554233434736,0.0,0.0,-0.0025515554233434736,0,Maximum Sharpe,Matched-Shrinkage Placebo,0.1,1.1208733460842362,-0.15468362499066524
2023-02-10,0.020016131663073155,0.0,0.0,0.020016131663073155,0,Maximum Sharpe,Matched-Shrinkage Placebo,0.1,1.1433088945570875,-0.13776366113152672
2023-02-13,0.007889965774811521,0.0,0.0,0.007889965774811521,0,Maximum Sharpe,Matched-Shrinkage Placebo,0.1,1.1523295626051804,-0.13096064592805579
2023-02-14,-0.0014188204018668758,0.0,0.0,-0.0014188204018668758,0,Maximum Sharpe,Matched-Shrinkage Placebo,0.1,1.1506946139120817,-0.13219365669363836
2023-02-15,-0.010047527060033454,0.0,0.0,-0.010047527060033454,0,Maximum Sharpe,Matched-Shrinkage Placebo,0.1,1.1391329786409654,-0.14091296441087764
2023-02-16,-0.00785209780204755,0.0,0.0,-0.00785209780204755,0,Maximum Sharpe,Matched-Shrinkage Placebo,0.1,1.1301883950831388,-0.14765859983479457
2023-02-17,0.006590004423411429,0.0,0.0,0.006590004423411429,0,Maximum Sharpe,Matched-Shrinkage Placebo,0.1,1.1376363416060251,-0.14204166623744907
2023-02-21,-0.008160902899209238,0.0,0.0,-0.008160902899209238,0,Maximum Sharpe,Matched-Shrinkage Placebo,0.1,1.1283522018875667,-0.14904338089085256
2023-02-22,-0.003992351763752469,0.0,0.0,-0.003992351763752469,0,Maximum Sharpe,Matched-Shrinkage Placebo,0.1,1.1238474229842268,-0.15244069905002988
2023-02-23,0.005977226908162041,0.0,0.0,0.005977226908162041,0,Maximum Sharpe,Matched-Shrinkage Placebo,0.1,1.1305649140415566,-0.14737464479012885
2023-02-24,-0.005062430602274513,0.0,0.0,-0.005062430602274513,0,Maximum Sharpe,Matched-Shrinkage Placebo,0.1,1.1248415076228548,-0.15169100148061831
2023-02-27,-0.0015780223292337625,0.0,0.0,-0.0015780223292337625,0,Maximum Sharpe,Matched-Shrinkage Placebo,0.1,1.123066482606977,-0.15302965202237195
2023-02-28,-0.014875069406761603,0.0,0.0,-0.014875069406761603,0,Maximum Sharpe,Matched-Shrinkage Placebo,0.1,1.1063607907297905,-0.16562839473400814
2023-03-01,0.00283816333689211,0.5387714243962557,0.0005387714243962557,0.0022993919124958545,0,Maximum Sharpe,Matched-Shrinkage Placebo,0.1,1.108904747784297,-0.16370984741284345
2023-03-02,0.0038775893530403538,0.0,0.0,0.0038775893530403538,0,Maximum Sharpe,Matched-Shrinkage Placebo,0.1,1.1132046250278413,-0.160467057621119
2023-03-03,0.005472379834495457,0.0,0.0,0.005472379834495457,0,Maximum Sharpe,Matched-Shrinkage Placebo,0.1,1.1192965035695108,-0.15587281447685009
2023-03-06,0.02524300181044074,0.0,0.0,0.02524300181044074,0,Maximum Sharpe,Matched-Shrinkage Placebo,0.1,1.147550907235536,-0.13456451040444684
2023-03-07,-0.0048941093765321195,0.0,0.0,-0.0048941093765321195,0,Maximum Sharpe,Matched-Shrinkage Placebo,0.1,1.1419346675803868,-0.13880004634886012
2023-03-08,-0.017326766178596003,0.0,0.0,-0.017326766178596003,0,Maximum Sharpe,Matched-Shrinkage Placebo,0.1,1.1221486326039887,-0.15372185657879112
2023-03-09,-0.009500473284496887,0.0,0.0,-0.009500473284496887,0,Maximum Sharpe,Matched-Shrinkage Placebo,0.1,1.1114876894986998,-0.1617618994716179
2023-03-10,-0.00175778033143762,0.0,0.0,-0.00175778033143762,0,Maximum Sharpe,Matched-Shrinkage Placebo,0.1,1.109533938299464,-0.16323533791778833
2023-03-13,-0.013696554680517904,0.0,0.0,-0.013696554680517904,0,Maximum Sharpe,Matched-Shrinkage Placebo,0.1,1.094337146043655,-0.1746961308667223
2023-03-14,0.015153663021656723,0.0,0.0,0.015153663021656723,0,Maximum Sharpe,Matched-Shrinkage Placebo,0.1,1.1109203623868822,-0.1621897541434072
2023-03-15,-0.007926088265540296,0.0,0.0,-0.007926088265540296,0,Maximum Sharpe,Matched-Shrinkage Placebo,0.1,1.1021151095386177,-0.16883031210184052
2023-03-16,-0.000139087266781982,0.0,0.0,-0.000139087266781982,0,Maximum Sharpe,Matched-Shrinkage Placebo,0.1,1.1019618193603529,-0.16894591722196228
2023-03-17,-0.026405426493024523,0.0,0.0,-0.026405426493024523,0,Maximum Sharpe,Matched-Shrinkage Placebo,0.1,1.0728640475411135,-0.19089025471648569
2023-03-20,0.01999591590873571,0.0,0.0,0.01999591590873571,0,Maximum Sharpe,Matched-Shrinkage Placebo,0.1,1.0943169468172516,-0.17471136428885792
2023-03-21,0.0055723420840015445,0.0,0.0,0.0055723420840015445,0,Maximum Sharpe,Matched-Shrinkage Placebo,0.1,1.1004148551932373,-0.17011257369263655
2023-03-22,-0.014755510691878377,0.0,0.0,-0.014755510691878377,0,Maximum Sharpe,Matched-Shrinkage Placebo,0.1,1.0841776720319316,-0.18235798648457036
2023-03-23,-0.00047618320688215944,0.0,0.0,-0.00047618320688215944,0,Maximum Sharpe,Matched-Shrinkage Placebo,0.1,1.0836614048312334,-0.1827473338806478
2023-03-24,0.0062140537007255425,0.0,0.0,0.0062140537007255425,0,Maximum Sharpe,Matched-Shrinkage Placebo,0.1,1.0903953349942583,-0.17766888192632102
2023-03-27,0.015760242350140074,0.0,0.0,0.015760242350140074,0,Maximum Sharpe,Matched-Shrinkage Placebo,0.1,1.10758022973123,-0.16470874421341808
2023-03-28,-0.0011858700251836673,0.0,0.0,-0.0011858700251836673,0,Maximum Sharpe,Matched-Shrinkage Placebo,0.1,1.1062667835363058,-0.16569929107595338
2023-03-29,-0.00013352276548967692,0.0,0.0,-0.00013352276548967692,0,Maximum Sharpe,Matched-Shrinkage Placebo,0.1,1.1061190717359985,-0.165810689213859
2023-03-30,0.007300821391781091,0.0,0.0,0.007300821391781091,0,Maximum Sharpe,Matched-Shrinkage Placebo,0.1,1.1141946495167858,-0.15972042204887638
2023-03-31,0.006858138920119919,0.0,0.0,0.006858138920119919,0,Maximum Sharpe,Matched-Shrinkage Placebo,0.1,1.1218359512072262,-0.15395766797154786
2023-04-03,0.021116208952381865,0.5509043549508372,0.0005509043549508372,0.020565304597431028,0,Maximum Sharpe,Matched-Shrinkage Placebo,0.1,1.1449068492521517,-0.13655854971106185
2023-04-04,-0.00805477744329481,0.0,0.0,-0.00805477744329481,0,Maximum Sharpe,Matched-Shrinkage Placebo,0.1,1.1356848793881216,-0.14351337842845502
2023-04-05,0.02016362358749308,0.0,0.0,0.02016362358749308,0,Maximum Sharpe,Matched-Shrinkage Placebo,0.1,1.1585844018101112,-0.12624350458336275
2023-04-06,-0.0029415128836667546,0.0,0.0,-0.0029415128836667546,0,Maximum Sharpe,Matched-Shrinkage Placebo,0.1,1.1551764108653715,-0.12881367057181825
2023-04-10,-0.0024493680539674502,0.0,0.0,-0.0024493680539674502,0,Maximum Sharpe,Matched-Shrinkage Placebo,0.1,1.1523469586679012,-0.1309475265361727
2023-04-11,9.541985976556128e-05,0.0,0.0,9.541985976556128e-05,0,Maximum Sharpe,Matched-Shrinkage Placebo,0.1,1.1524569154530986,-0.13086460167102587
2023-04-12,0.002781929622304741,0.0,0.0,0.002781929622304741,0,Maximum Sharpe,Matched-Shrinkage Placebo,0.1,1.1556629694846277,-0.12844672816062075
2023-04-13,0.012229312752718397,0.0,0.0,0.012229312752718397,0,Maximum Sharpe,Matched-Shrinkage Placebo,0.1,1.1697959333751904,-0.11778823061864196
2023-04-14,-0.0007842942310921029,0.0,0.0,-0.0007842942310921029,0,Maximum Sharpe,Matched-Shrinkage Placebo,0.1,1.1688784691730894,-0.11848014421996922
2023-04-17,0.0008919573389448042,0.0,0.0,0.0008919573389448042,0,Maximum Sharpe,Matched-Shrinkage Placebo,0.1,1.1699210589020028,-0.11769386611518073
2023-04-18,0.0045486107175194,0.0,0.0,0.0045486107175194,0,Maximum Sharpe,Matched-Shrinkage Placebo,0.1,1.1752425743691761,-0.11368059897845917
2023-04-19,-0.0010799791415172367,0.0,0.0,-0.0010799791415172367,0,Maximum Sharpe,Matched-Shrinkage Placebo,0.1,1.1739733369026344,-0.11463780544428448
2023-04-20,0.0019067720230625021,0.0,0.0,0.0019067720230625021,0,Maximum Sharpe,Matched-Shrinkage Placebo,0.1,1.1762118364172618,-0.1129496215814283
2023-04-21,0.012557047467611602,0.0,0.0,0.012557047467611602,0,Maximum Sharpe,Matched-Shrinkage Placebo,0.1,1.1909815842791198,-0.1018108878734636
2023-04-24,0.006074396368902649,0.0,0.0,0.006074396368902649,0,Maximum Sharpe,Matched-Shrinkage Placebo,0.1,1.1982160784900948,-0.0963549311921742
2023-04-25,-0.006230577244160468,0.0,0.0,-0.006230577244160468,0,Maximum Sharpe,Matched-Shrinkage Placebo,0.1,1.1907505006578674,-0.10198516159468596
2023-04-26,-0.021661482621926468,0.0,0.0,-0.021661482621926468,0,Maximum Sharpe,Matched-Shrinkage Placebo,0.1,1.1649570793808168,-0.12143749441103469
2023-04-27,0.00867442586938622,0.0,0.0,0.00867442586938622,0,Maximum Sharpe,Matched-Shrinkage Placebo,0.1,1.1750624132069225,-0.11381646908468102
2023-04-28,-0.0019241146190275052,0.0,0.0,-0.0019241146190275052,0,Maximum Sharpe,Matched-Shrinkage Placebo,0.1,1.1728014584394013,-0.11552158777165655
2023-05-01,0.006462616463930997,0.7538309206408128,0.0007538309206408129,0.005708785543290184,0,Maximum Sharpe,Matched-Shrinkage Placebo,0.1,1.17949673045049,-0.11047229019857496
2023-05-02,0.0029919708311075288,0.0,0.0,0.0029919708311075288,0,Maximum Sharpe,Matched-Shrinkage Placebo,0.1,1.1830257502633845,-0.10781084923738726
2023-05-03,-0.013679479394788604,0.0,0.0,-0.013679479394788604,0,Maximum Sharpe,Matched-Shrinkage Placebo,0.1,1.1668425738891521,-0.12001553234149842
2023-05-04,-0.010445352969249732,0.0,0.0,-0.010445352969249732,0,Maximum Sharpe,Matched-Shrinkage Placebo,0.1,1.154654491345332,-0.12920728071364884
2023-05-05,0.009953416594394228,0.0,0.0,0.009953416594394228,0,Maximum Sharpe,Matched-Shrinkage Placebo,0.1,1.1661472485202804,-0.12053991801122643
2023-05-08,0.0035389057211967397,0.0,0.0,0.0035389057211967397,0,Maximum Sharpe,Matched-Shrinkage Placebo,0.1,1.1702741336898266,-0.11742759169551231
2023-05-09,-0.0038468195657000524,0.0,0.0,-0.0038468195657000524,0,Maximum Sharpe,Matched-Shrinkage Placebo,0.1,1.165772300255116,-0.12082268850392497
2023-05-10,-0.0030665538677363212,0.0,0.0,-0.0030665538677363212,0,Maximum Sharpe,Matched-Shrinkage Placebo,0.1,1.1621973966988688,-0.12351873308891925
2023-05-11,-0.0032427177868083953,0.0,0.0,-0.0032427177868083953,0,Maximum Sharpe,Matched-Shrinkage Placebo,0.1,1.158428718528811,-0.12636091448293618
2023-05-12,-0.0032411562758778265,0.0,0.0,-0.0032411562758778265,0,Maximum Sharpe,Matched-Shrinkage Placebo,0.1,1.1546740700175941,-0.12919251528781206
2023-05-15,0.006245445631884986,0.0,0.0,0.006245445631884986,0,Maximum Sharpe,Matched-Shrinkage Placebo,0.1,1.1618855241444364,-0.12375393448620353
2023-05-16,-0.006924974994794662,0.0,0.0,-0.006924974994794662,0,Maximum Sharpe,Matched-Shrinkage Placebo,0.1,1.1538394959429223,-0.12982191657917375
2023-05-17,0.0033190740364344735,0.0,0.0,0.0033190740364344735,0,Maximum Sharpe,Matched-Shrinkage Placebo,0.1,1.157669174656119,-0.1269337310954175
2023-05-18,0.00028606970077008943,0.0,0.0,0.00028606970077008943,0,Maximum Sharpe,Matched-Shrinkage Placebo,0.1,1.1580003487305035,-0.1266839732891195
2023-05-19,0.005378380889175519,0.0,0.0,0.005378380889175519,0,Maximum Sharpe,Matched-Shrinkage Placebo,0.1,1.1642285156757741,-0.12198694706084712
2023-05-22,-0.007899975596078723,0.0,0.0,-0.007899975596078723,0,Maximum Sharpe,Matched-Shrinkage Placebo,0.1,1.1550311388136767,-0.12892322875210493
2023-05-23,-0.014397028574273014,0.0,0.0,-0.014397028574273014,0,Maximum Sharpe,Matched-Shrinkage Placebo,0.1,1.138402122504001,-0.14146414591814638
2023-05-24,-0.0002588852004581123,0.0,0.0,-0.0002588852004581123,0,Maximum Sharpe,Matched-Shrinkage Placebo,0.1,1.1381074070423147,-0.1416864081448308
2023-05-25,-0.008185865708414819,0.0,0.0,-0.008185865708414819,0,Maximum Sharpe,Matched-Shrinkage Placebo,0.1,1.1287910126465142,-0.1487124479434644
2023-05-26,-0.002830943283505464,0.0,0.0,-0.002830943283505464,0,Maximum Sharpe,Matched-Shrinkage Placebo,0.1,1.1255954693107812,-0.15112239472129052
2023-05-30,-0.011148497775024942,0.0,0.0,-0.011148497775024942,0,Maximum Sharpe,Matched-Shrinkage Placebo,0.1,1.1130467707255918,-0.1605861048150088
2023-05-31,0.0021900579727406246,0.0,0.0,0.0021900579727406246,0,Maximum Sharpe,Matched-Shrinkage Placebo,0.1,1.1154844076798525,-0.15874773972142975
2023-06-01,0.021659123518750666,0.6551282380202823,0.0006551282380202824,0.021003995280730384,0,Maximum Sharpe,Matched-Shrinkage Placebo,0.1,1.1389140369144883,-0.1410780812166349
2023-06-02,0.010005578236045984,0.0,0.0,0.010005578236045984,0,Maximum Sharpe,Matched-Shrinkage Placebo,0.1,1.1503095304149673,-0.13248407075959312
2023-06-05,-0.00576809038524921,0.0,0.0,-0.00576809038524921,0,Maximum Sharpe,Matched-Shrinkage Placebo,0.1,1.1436744410725201,-0.1374879810500953
2023-06-06,-0.008401528613130578,0.0,0.0,-0.008401528613130578,0,Maximum Sharpe,Matched-Shrinkage Placebo,0.1,1.1340658275317432,-0.144734400456472
2023-06-07,-0.006088383444067192,0.0,0.0,-0.006088383444067192,0,Maximum Sharpe,Matched-Shrinkage Placebo,0.1,1.1271611999229167,-0.14994158537301283
2023-06-08,0.011921162535838222,0.0,0.0,0.011921162535838222,0,Maximum Sharpe,Matched-Shrinkage Placebo,0.1,1.1405982717912881,-0.13980790084728767
2023-06-09,0.003027541628256603,0.0,0.0,0.003027541628256603,0,Maximum Sharpe,Matched-Shrinkage Placebo,0.1,1.1440514805402537,-0.13720363345880549
2023-06-12,1.7295457500390903e-05,0.0,0.0,1.7295457500390903e-05,0,Maximum Sharpe,Matched-Shrinkage Placebo,0.1,1.1440712674340137,-0.13718871100091645
2023-06-13,0.0076557072010534945,0.0,0.0,0.0076557072010534945,0,Maximum Sharpe,Matched-Shrinkage Placebo,0.1,1.1528299420746266,-0.13058328040257594
2023-06-14,-0.0037828137349890005,0.0,0.0,-0.0037828137349890005,0,Maximum Sharpe,Matched-Shrinkage Placebo,0.1,1.1484690011356402,-0.13387212191089815
2023-06-15,0.0050359219787497874,0.0,0.0,0.0050359219787497874,0,Maximum Sharpe,Matched-Shrinkage Placebo,0.1,1.1542526014203718,-0.12951036949322148
2023-06-16,0.003230810809297354,0.0,0.0,0.003230810809297354,0,Maximum Sharpe,Matched-Shrinkage Placebo,0.1,1.1579817732017004,-0.1266979821855989
2023-06-20,-0.0031750120646293492,0.0,0.0,-0.0031750120646293492,0,Maximum Sharpe,Matched-Shrinkage Placebo,0.1,1.1543051671011642,-0.12947072662822467
2023-06-21,0.0048551446361167015,0.0,0.0,0.0048551446361167015,0,Maximum Sharpe,Matched-Shrinkage Placebo,0.1,1.1599094856416572,-0.1252441810960312
2023-06-22,0.007141857625861698,0.0,0.0,0.007141857625861698,0,Maximum Sharpe,Matched-Shrinkage Placebo,0.1,1.1681933940469964,-0.11899679958002496
2023-06-23,-0.003551825473878006,0.0,0.0,-0.003551825473878006,0,Maximum Sharpe,Matched-Shrinkage Placebo,0.1,1.1640441749916042,-0.12212596918984475
2023-06-26,-0.00815405406117672,0.0,0.0,-0.00815405406117672,0,Maximum Sharpe,Matched-Shrinkage Placebo,0.1,1.1545524958591247,-0.12928420149597397
2023-06-27,0.007672573989626602,0.0,0.0,0.007672573989626602,0,Maximum Sharpe,Matched-Shrinkage Placebo,0.1,1.1634108853085119,-0.12260357010801493
2023-06-28,0.0026516489772919504,0.0,0.0,0.0026516489772919504,0,Maximum Sharpe,Matched-Shrinkage Placebo,0.1,1.1664958425927103,-0.12027702276201246
2023-06-29,0.005752827204558376,0.0,0.0,0.005752827204558376,0,Maximum Sharpe,Matched-Shrinkage Placebo,0.1,1.173206491609982,-0.11521612848608254
2023-06-30,0.01945576632084888,0.0,0.0,0.01945576632084888,0,Maximum Sharpe,Matched-Shrinkage Placebo,0.1,1.1960321229568487,-0.09800198023745188
2023-07-03,-0.00920825980012955,0.3415962282395923,0.0003415962282395923,-0.009549856028369141,0,Maximum Sharpe,Matched-Shrinkage Placebo,0.1,1.1846101883773061,-0.10661593146405823
2023-07-05,-0.00040228848485646915,0.0,0.0,-0.00040228848485646915,0,Maximum Sharpe,Matched-Shrinkage Placebo,0.1,1.1841336333394783,-0.10697532958738443
2023-07-06,-0.012373342153031385,0.0,0.0,-0.012373342153031385,0,Maximum Sharpe,Matched-Shrinkage Placebo,0.1,1.1694819427392567,-0.11802502938549786
2023-07-07,-0.004584896724991181,0.0,0.0,-0.004584896724991181,0,Maximum Sharpe,Matched-Shrinkage Placebo,0.1,1.164119988810055,-0.1220687935397925
2023-07-10,0.013320590545420312,0.0,0.0,0.013320590545420312,0,Maximum Sharpe,Matched-Shrinkage Placebo,0.1,1.1796267545267332,-0.11037423141148917
2023-07-11,-0.00018576016466694133,0.0,0.0,-0.00018576016466694133,0,Maximum Sharpe,Matched-Shrinkage Placebo,0.1,1.1794076268665667,-0.11053948844075412
2023-07-12,0.00029046602929900844,0.0,0.0,0.00029046602929900844,0,Maximum Sharpe,Matched-Shrinkage Placebo,0.1,1.1797502047168678,-0.11028113037774323
2023-07-13,0.0016003316833050846,0.0,0.0,0.0016003316833050846,0,Maximum Sharpe,Matched-Shrinkage Placebo,0.1,1.181638196347862,-0.1088572850814522
2023-07-14,-0.0022407970574671054,0.0,0.0,-0.0022407970574671054,0,Maximum Sharpe,Matched-Shrinkage Placebo,0.1,1.178990384954495,-0.11085415505482499
2023-07-17,0.0009526103619639678,0.0,0.0,0.0009526103619639678,0,Maximum Sharpe,Matched-Shrinkage Placebo,0.1,1.1801135034118584,-0.11000714550963298
2023-07-18,0.0031065870942247552,0.0,0.0,0.0031065870942247552,0,Maximum Sharpe,Matched-Shrinkage Placebo,0.1,1.183779628791278,-0.10724230519392097
2023-07-19,-0.006100663364348983,0.0,0.0,-0.006100663364348983,0,Maximum Sharpe,Matched-Shrinkage Placebo,0.1,1.1765577877784485,-0.112688719355865
2023-07-20,0.011500394425289578,0.0,0.0,0.011500394425289578,0,Maximum Sharpe,Matched-Shrinkage Placebo,0.1,1.190088666402047,-0.10248428965044865
2023-07-21,-0.0007167422284334157,0.0,0.0,-0.0007167422284334157,0,Maximum Sharpe,Matched-Shrinkage Placebo,0.1,1.1892356795992565,-0.1031275770607386
2023-07-24,-0.003863608790283049,0.0,0.0,-0.003863608790283049,0,Maximum Sharpe,Matched-Shrinkage Placebo,0.1,1.1846409381738385,-0.10659274123776918
2023-07-25,0.029528516479188503,0.0,0.0,0.029528516479188503,0,Maximum Sharpe,Matched-Shrinkage Placebo,0.1,1.219621627638626,-0.08021175027478211
2023-07-26,-0.011659713606005236,0.0,0.0,-0.011659713606005236,0,Maximum Sharpe,Matched-Shrinkage Placebo,0.1,1.2054011887526697,-0.09093621784474692
2023-07-27,-0.0018684377215686522,0.0,0.0,-0.0018684377215686522,0,Maximum Sharpe,Matched-Shrinkage Placebo,0.1,1.2031489717019805,-0.09263474690663764
2023-07-28,0.0013027728039293732,0.0,0.0,0.0013027728039293732,0,Maximum Sharpe,Matched-Shrinkage Placebo,0.1,1.2047164014613896,-0.09145265613167708
2023-07-31,0.00022967074288139265,0.0,0.0,0.00022967074288139265,0,Maximum Sharpe,Matched-Shrinkage Placebo,0.1,1.2049930895722747,-0.09124398938826783
2023-08-01,-0.009422364343505588,0.3163376242283473,0.0003163376242283473,-0.009738701967733935,0,Maximum Sharpe,Matched-Shrinkage Placebo,0.1,1.1932580209997514,-0.10009409333700237
2023-08-02,-0.011631821286886461,0.0,0.0,-0.011631821286886461,0,Maximum Sharpe,Matched-Shrinkage Placebo,0.1,1.1793782569503386,-0.11056163801831975
2023-08-03,0.003060828649021289,0.0,0.0,0.003060828649021289,0,Maximum Sharpe,Matched-Shrinkage Placebo,0.1,1.182988131707245,-0.10783921959842757
2023-08-04,0.0031951960401007547,0.0,0.0,0.0031951960401007547,0,Maximum Sharpe,Matched-Shrinkage Placebo,0.1,1.186768010701162,-0.10498859100575553
2023-08-07,0.013708976425808553,0.0,0.0,0.013708976425808553,0,Maximum Sharpe,Matched-Shrinkage Placebo,0.1,1.2030373853827678,-0.09271890069902378
2023-08-08,-0.0062395054754204385,0.0,0.0,-0.0062395054754204385,0,Maximum Sharpe,Matched-Shrinkage Placebo,0.1,1.1955310270295365,-0.09837988608585768
2023-08-09,-0.012460754414227535,0.0,0.0,-0.012460754414227535,0,Maximum Sharpe,Matched-Shrinkage Placebo,0.1,1.1806338085071322,-0.10961475290026979
2023-08-10,0.003122801764212002,0.0,0.0,0.003122801764212002,0,Maximum Sharpe,Matched-Shrinkage Placebo,0.1,1.1843206938472266,-0.10683425627979837
2023-08-11,0.004214245501160988,0.0,0.0,0.004214245501160988,0,Maximum Sharpe,Matched-Shrinkage Placebo,0.1,1.189311712003204,-0.10307023656253456
2023-08-14,0.0181037050992437,0.0,0.0,0.0181037050992437,0,Maximum Sharpe,Matched-Shrinkage Placebo,0.1,1.2108426605083866,-0.08683248463052828
2023-08-15,-0.008294614032708038,0.0,0.0,-0.008294614032708038,0,Maximum Sharpe,Matched-Shrinkage Placebo,0.1,1.2007991879851323,-0.09440685671772497
2023-08-16,-0.004161684927895148,0.0,0.0,-0.004161684927895148,0,Maximum Sharpe,Matched-Shrinkage Placebo,0.1,1.195801840103066,-0.09817565005292794
2023-08-17,-0.011546469807537174,0.0,0.0,-0.011546469807537174,0,Maximum Sharpe,Matched-Shrinkage Placebo,0.1,1.1819945502605185,-0.10858853768129362
2023-08-18,0.00382966503935124,0.0,0.0,0.00382966503935124,0,Maximum Sharpe,Matched-Shrinkage Placebo,0.1,1.1865211934663549,-0.10517473036837466
2023-08-21,0.014356275634360344,0.0,0.0,0.014356275634360344,0,Maximum Sharpe,Matched-Shrinkage Placebo,0.1,1.2035552187657679,-0.09232837215295242
2023-08-22,-0.012523658632628077,0.0,0.0,-0.012523658632628077,0,Maximum Sharpe,Matched-Shrinkage Placebo,0.1,1.1884823040604273,-0.10369574177063068
2023-08-23,0.024660042446726916,0.0,0.0,0.024660042446726916,0,Maximum Sharpe,Matched-Shrinkage Placebo,0.1,1.2177903281257412,-0.0815928407175125
2023-08-24,-0.015949033750405676,0.0,0.0,-0.015949033750405676,0,Maximum Sharpe,Matched-Shrinkage Placebo,0.1,1.198367749081546,-0.09624054749752309
2023-08-25,0.001954011651167362,0.0,0.0,0.001954011651167362,0,Maximum Sharpe,Matched-Shrinkage Placebo,0.1,1.2007093736256347,-0.09447459099748057
2023-08-28,0.00970033035515093,0.0,0.0,0.00970033035515093,0,Maximum Sharpe,Matched-Shrinkage Placebo,0.1,1.2123566512103296,-0.08569069538517304
2023-08-29,0.015734140143159096,0.0,0.0,0.015734140143159096,0,Maximum Sharpe,Matched-Shrinkage Placebo,0.1,1.2314320406639638,-0.07130482465216914
2023-08-30,-0.001479585401000595,0.0,0.0,-0.001479585401000595,0,Maximum Sharpe,Matched-Shrinkage Placebo,0.1,1.229610031794273,-0.07267890847559344
2023-08-31,-0.0027814729000122367,0.0,0.0,-0.0027814729000122367,0,Maximum Sharpe,Matched-Shrinkage Placebo,0.1,1.2261899048132543,-0.07525822696127826
2023-09-01,-0.0011350544165982595,0.3391780466859315,0.00033917804668593147,-0.001474232463284191,0,Maximum Sharpe,Matched-Shrinkage Placebo,0.1,1.2243822158494273,-0.07662151130324679
2023-09-05,-0.012057905075367081,0.0,0.0,-0.012057905075367081,0,Maximum Sharpe,Matched-Shrinkage Placebo,0.1,1.2096187313147473,-0.08775552146858823
2023-09-06,-0.009550767959266016,0.0,0.0,-0.009550767959266016,0,Maximum Sharpe,Matched-Shrinkage Placebo,0.1,1.1980659434927783,-0.09646815680516341
2023-09-07,-0.0013500724678771918,0.0,0.0,-0.0013500724678771918,0,Maximum Sharpe,Matched-Shrinkage Placebo,0.1,1.1964484676477674,-0.09768799027051112
2023-09-08,0.0002804752781215633,0.0,0.0,0.0002804752781215633,0,Maximum Sharpe,Matched-Shrinkage Placebo,0.1,1.196784041864489,-0.0974349140586298
2023-09-11,0.005945961006810047,0.0,0.0,0.005945961006810047,0,Maximum Sharpe,Matched-Shrinkage Placebo,0.1,1.2039000731109877,-0.09206829725151433
2023-09-12,0.003080136959429774,0.0,0.0,0.003080136959429774,0,Maximum Sharpe,Matched-Shrinkage Placebo,0.1,1.207608250221637,-0.08927174325724074
2023-09-13,-0.006443921008128847,0.0,0.0,-0.006443921008128847,0,Maximum Sharpe,Matched-Shrinkage Placebo,0.1,1.199826518048444,-0.09514040420356207
2023-09-14,0.011753266152816856,0.0,0.0,0.011753266152816856,0,Maximum Sharpe,Matched-Shrinkage Placebo,0.1,1.2139283984522748,-0.08450534854323621
2023-09-15,-0.010822548174319192,0.0,0.0,-0.010822548174319192,0,Maximum Sharpe,Matched-Shrinkage Placebo,0.1,1.200790599879851,-0.09441333351195869
2023-09-18,0.004876979327510987,0.0,0.0,0.004876979327510987,0,Maximum Sharpe,Matched-Shrinkage Placebo,0.1,1.2066468308121345,-0.08999680606022686
2023-09-19,-0.005056039778929357,0.0,0.0,-0.005056039778929357,0,Maximum Sharpe,Matched-Shrinkage Placebo,0.1,1.2005459764364295,-0.09459781840773906
2023-09-20,-0.010720036578453085,0.0,0.0,-0.010720036578453085,0,Maximum Sharpe,Matched-Shrinkage Placebo,0.1,1.1876760796549162,-0.10430376291261934
2023-09-21,-0.014795234283879972,0.0,0.0,-0.014795234283879972,0,Maximum Sharpe,Matched-Shrinkage Placebo,0.1,1.1701041338030616,-0.11755579858751686
2023-09-22,-0.004131162407766185,0.0,0.0,-0.004131162407766185,0,Maximum Sharpe,Matched-Shrinkage Placebo,0.1,1.1652702435923226,-0.12120131889934338
2023-09-25,0.00369781101961769,0.0,0.0,0.00369781101961769,0,Maximum Sharpe,Matched-Shrinkage Placebo,0.1,1.1695791927399108,-0.11795168745234386
2023-09-26,-0.009573040123400938,0.0,0.0,-0.009573040123400938,0,Maximum Sharpe,Matched-Shrinkage Placebo,0.1,1.1583827642003168,-0.1263955713391406
2023-09-27,0.001707714813602584,0.0,0.0,0.001707714813602584,0,Maximum Sharpe,Matched-Shrinkage Placebo,0.1,1.1603609516065636,-0.12490370411508767
2023-09-28,0.009433170820411393,0.0,0.0,0.009433170820411393,0,Maximum Sharpe,Matched-Shrinkage Placebo,0.1,1.1713068346764035,-0.11664877127169593
2023-09-29,-0.010467526084105594,0.0,0.0,-0.010467526084105594,0,Maximum Sharpe,Matched-Shrinkage Placebo,0.1,1.159046149831937,-0.12589527329983619
2023-10-02,-0.004826617334685459,0.49536532558756396,0.000495365325587564,-0.005321982660273023,0,Maximum Sharpe,Matched-Shrinkage Placebo,0.1,1.1528777263200753,-0.13054724349859714
2023-10-03,-0.012405669169619785,0.0,0.0,-0.012405669169619785,0,Maximum Sharpe,Matched-Shrinkage Placebo,0.1,1.138575506654325,-0.14133338675436757
2023-10-04,0.007098752191605468,0.0,0.0,0.007098752191605468,0,Maximum Sharpe,Matched-Shrinkage Placebo,0.1,1.1466579720274959,-0.13523792525173162
2023-10-05,0.0035610181610758467,0.0,0.0,0.0035610181610758467,0,Maximum Sharpe,Matched-Shrinkage Placebo,0.1,1.1507412418904281,-0.13215849179854333
2023-10-06,0.01900643351177871,0.0,0.0,0.01900643351177871,0,Maximum Sharpe,Matched-Shrinkage Placebo,0.1,1.1726127287936803,-0.11566391987415059
2023-10-09,-0.0029166194800240956,0.0,0.0,-0.0029166194800240956,0,Maximum Sharpe,Matched-Shrinkage Placebo,0.1,1.1691926636663563,-0.11824319171233388
2023-10-10,0.006599899849004323,0.0,0.0,0.006599899849004323,0,Maximum Sharpe,Matched-Shrinkage Placebo,0.1,1.1769092181507448,-0.11242368508645761
2023-10-11,0.01561986745518295,0.0,0.0,0.01561986745518295,0,Maximum Sharpe,Matched-Shrinkage Placebo,0.1,1.1952923841450422,-0.09855986069114853
2023-10-12,-0.008134374946623718,0.0,0.0,-0.008134374946623718,0,Maximum Sharpe,Matched-Shrinkage Placebo,0.1,1.1855694277215627,-0.10589251277622336
2023-10-13,-0.01379842445866136,0.0,0.0,-0.01379842445866136,0,Maximum Sharpe,Matched-Shrinkage Placebo,0.1,1.1692104375326484,-0.11822978739660417
2023-10-16,0.002853289836551032,0.0,0.0,0.002853289836551032,0,Maximum Sharpe,Matched-Shrinkage Placebo,0.1,1.1725465337908496,-0.11571384141080954
2023-10-17,-0.003947112669899929,0.0,0.0,-0.003947112669899929,0,Maximum Sharpe,Matched-Shrinkage Placebo,0.1,1.1679183605112766,-0.119204218511194
2023-10-18,-0.022804938787783776,0.0,0.0,-0.022804938787783776,0,Maximum Sharpe,Matched-Shrinkage Placebo,0.1,1.141284053790688,-0.1392907123925844
2023-10-19,-0.0076829569424821395,0.0,0.0,-0.0076829569424821395,0,Maximum Sharpe,Matched-Shrinkage Placebo,0.1,1.1325156175462727,-0.14590350478926672
2023-10-20,-0.005314607019914343,0.0,0.0,-0.005314607019914343,0,Maximum Sharpe,Matched-Shrinkage Placebo,0.1,1.1264967420950986,-0.15044269201839788
2023-10-23,0.009363902719857818,0.0,0.0,0.009363902719857818,0,Maximum Sharpe,Matched-Shrinkage Placebo,0.1,1.1370451480023138,-0.142487520031514
2023-10-24,0.03550764623392583,0.0,0.0,0.03550764623392583,0,Maximum Sharpe,Matched-Shrinkage Placebo,0.1,1.177418944869582,-0.11203927025161642
2023-10-25,-0.01929371269663829,0.0,0.0,-0.01929371269663829,0,Maximum Sharpe,Matched-Shrinkage Placebo,0.1,1.1547021620236892,-0.12917132945727905
2023-10-26,-0.015530651124158608,0.0,0.0,-0.015530651124158608,0,Maximum Sharpe,Matched-Shrinkage Placebo,0.1,1.1367688855929876,-0.142695865728393
2023-10-27,-0.018012305040818306,0.0,0.0,-0.018012305040818306,0,Maximum Sharpe,Matched-Shrinkage Placebo,0.1,1.1162930576647756,-0.15813788930764783
2023-10-30,0.020588061299181174,0.0,0.0,0.020588061299181174,0,Maximum Sharpe,Matched-Shrinkage Placebo,0.1,1.1392753675638283,-0.14080558056725567
2023-10-31,-0.011241330088326514,0.0,0.0,-0.011241330088326514,0,Maximum Sharpe,Matched-Shrinkage Placebo,0.1,1.1264683970955438,-0.15046406864614725
2023-11-01,0.004983692172924527,0.44902382525741347,0.00044902382525741346,0.004534668347667113,0,Maximum Sharpe,Matched-Shrinkage Placebo,0.1,1.1315765576805001,-0.1466117049480311
2023-11-02,0.010216192299013015,0.0,0.0,0.010216192299013015,0,Maximum Sharpe,Matched-Shrinkage Placebo,0.1,1.1431369613948192,-0.13789332602005333
2023-11-03,0.013985253126874172,0.0,0.0,0.013985253126874172,0,Maximum Sharpe,Matched-Shrinkage Placebo,0.1,1.1591240211586116,-0.12583654596207627
2023-11-06,0.018418741399362913,0.0,0.0,0.018418741399362913,0,Maximum Sharpe,Matched-Shrinkage Placebo,0.1,1.1804736267541216,-0.10973555536137791
2023-11-07,0.001534590504280774,0.0,0.0,0.001534590504280774,0,Maximum Sharpe,Matched-Shrinkage Placebo,0.1,1.1822851703722923,-0.10836936399833674
2023-11-08,0.011802287524047337,0.0,0.0,0.011802287524047337,0,Maximum Sharpe,Matched-Shrinkage Placebo,0.1,1.1962388398884434,-0.09784608286699592
2023-11-09,-0.0036379140647415232,0.0,0.0,-0.0036379140647415232,0,Maximum Sharpe,Matched-Shrinkage Placebo,0.1,1.191887025788023,-0.10112804129069586
2023-11-10,0.017990299643111662,0.0,0.0,0.017990299643111662,0,Maximum Sharpe,Matched-Shrinkage Placebo,0.1,1.2133294305226865,-0.08495706541272496
2023-11-13,0.005013050098307414,0.0,0.0,0.005013050098307414,0,Maximum Sharpe,Matched-Shrinkage Placebo,0.1,1.2194119117436475,-0.0803699093395367
2023-11-14,0.012544611149443092,0.0,0.0,0.012544611149443092,0,Maximum Sharpe,Matched-Shrinkage Placebo,0.1,1.2347089600074705,-0.06883350745087413
2023-11-15,-0.007115398190290029,0.0,0.0,-0.007115398190290029,0,Maximum Sharpe,Matched-Shrinkage Placebo,0.1,1.2259235141078986,-0.07545912782681685
2023-11-16,0.003761926144286651,0.0,0.0,0.003761926144286651,0,Maximum Sharpe,Matched-Shrinkage Placebo,0.1,1.2305353478265169,-0.07198107334832693
2023-11-17,0.002265748604626775,0.0,0.0,0.002265748604626775,0,Maximum Sharpe,Matched-Shrinkage Placebo,0.1,1.2333234315737986,-0.06987841576019871
2023-11-20,0.007381586458232074,0.0,0.0,0.007381586458232074,0,Maximum Sharpe,Matched-Shrinkage Placebo,0.1,1.242427315114924,-0.06301264286946484
2023-11-21,-0.0031332077257874777,0.0,0.0,-0.0031332077257874777,0,Maximum Sharpe,Matched-Shrinkage Placebo,0.1,1.2385345322524766,-0.0659484188957915
2023-11-22,-0.00919884478772878,0.0,0.0,-0.00919884478772878,0,Maximum Sharpe,Matched-Shrinkage Placebo,0.1,1.2271414453260436,-0.07454061441410187
2023-11-24,-0.0020314366736398077,0.0,0.0,-0.0020314366736398077,0,Maximum Sharpe,Matched-Shrinkage Placebo,0.1,1.2246485851902649,-0.0764206265499453
2023-11-27,0.00268688750412476,0.0,0.0,0.00268688750412476,0,Maximum Sharpe,Matched-Shrinkage Placebo,0.1,1.2279390781707566,-0.073939072672355
2023-11-28,-0.0065542189443412455,0.0,0.0,-0.0065542189443412455,0,Maximum Sharpe,Matched-Shrinkage Placebo,0.1,1.219890896602113,-0.08000867874586004
2023-11-29,0.0005749262414508315,0.0,0.0,0.0005749262414508315,0,Maximum Sharpe,Matched-Shrinkage Placebo,0.1,1.2205922438902763,-0.07947975159336407
2023-11-30,0.0059008940851182435,0.0,0.0,0.0059008940851182435,0,Maximum Sharpe,Matched-Shrinkage Placebo,0.1,1.2277948294425896,-0.07404785910430989
2023-12-01,0.002457396909617087,0.5981939050798515,0.0005981939050798515,0.0018592030045372356,0,Maximum Sharpe,Matched-Shrinkage Placebo,0.1,1.2300775492784446,-0.07232632610189893
2023-12-04,-0.013024660831949305,0.0,0.0,-0.013024660831949305,0,Maximum Sharpe,Matched-Shrinkage Placebo,0.1,1.2140562064020974,-0.08440896106715001
2023-12-05,-0.001539270818392747,0.0,0.0,-0.001539270818392747,0,Maximum Sharpe,Matched-Shrinkage Placebo,0.1,1.212187445111694,-0.08581830363496123
2023-12-06,-0.006624208484205671,0.0,0.0,-0.006624208484205671,0,Maximum Sharpe,Matched-Shrinkage Placebo,0.1,1.2041576627533377,-0.09187403378412795
2023-12-07,0.005272036916402498,0.0,0.0,0.005272036916402498,0,Maximum Sharpe,Matched-Shrinkage Placebo,0.1,1.2105060264045422,-0.08708636016549431
2023-12-08,0.00987664413510976,0.0,0.0,0.00987664413510976,0,Maximum Sharpe,Matched-Shrinkage Placebo,0.1,1.2224617636507455,-0.07806983701876113
2023-12-11,-0.0020536766366191436,0.0,0.0,-0.0020536766366191436,0,Maximum Sharpe,Matched-Shrinkage Placebo,0.1,1.2199512224875757,-0.07996318345507025
2023-12-12,0.014427010523139794,0.0,0.0,0.014427010523139794,0,Maximum Sharpe,Matched-Shrinkage Placebo,0.1,1.2375514716121214,-0.06668980262110036
2023-12-13,0.002432725605046756,0.0,0.0,0.002432725605046756,0,Maximum Sharpe,Matched-Shrinkage Placebo,0.1,1.2405620947646754,-0.06441931500648557
2023-12-14,-0.005300091252330122,0.0,0.0,-0.005300091252330122,0,Maximum Sharpe,Matched-Shrinkage Placebo,0.1,1.233987002458241,-0.06937797801086865
2023-12-15,0.008803723150336014,0.0,0.0,0.008803723150336014,0,Maximum Sharpe,Matched-Shrinkage Placebo,0.1,1.2448506823989962,-0.06118503937167041
2023-12-18,0.009028636337094186,0.0,0.0,0.009028636337094186,0,Maximum Sharpe,Matched-Shrinkage Placebo,0.1,1.2560899865043602,-0.0527088205043339
2023-12-19,0.008815776952340206,0.0,0.0,0.008815776952340206,0,Maximum Sharpe,Matched-Shrinkage Placebo,0.1,1.2671633956574508,-0.04435771275698075
2023-12-20,-0.021392347631039945,0.0,0.0,-0.021392347631039945,0,Maximum Sharpe,Matched-Shrinkage Placebo,0.1,1.2400557957922176,-0.06480114477660559
2023-12-21,0.020595786633157788,0.0,0.0,0.020595786633157788,0,Maximum Sharpe,Matched-Shrinkage Placebo,0.1,1.2655957203755648,-0.0455399886948511
2023-12-22,-0.00036249184969376895,0.0,0.0,-0.00036249184969376895,0,Maximum Sharpe,Matched-Shrinkage Placebo,0.1,1.2651369522419214,-0.04588597266980787
2023-12-26,0.007397436922094369,0.0,0.0,0.007397436922094369,0,Maximum Sharpe,Matched-Shrinkage Placebo,0.1,1.2744957230439418,-0.038827974336147264
2023-12-27,0.003280054180504224,0.0,0.0,0.003280054180504224,0,Maximum Sharpe,Matched-Shrinkage Placebo,0.1,1.278676138068347,-0.035675278015184775
2023-12-28,0.0016541949358817995,0.0,0.0,0.0016541949358817995,0,Maximum Sharpe,Matched-Shrinkage Placebo,0.1,1.2807913176605723,-0.03408009694353198
2023-12-29,-0.0027746844361809537,0.0,0.0,-0.0027746844361809537,0,Maximum Sharpe,Matched-Shrinkage Placebo,0.1,1.2772375259254638,-0.03676021986514022
2021-01-04,-0.0048371907804518,1.0,0.001,-0.0058371907804518,0,Maximum Sharpe,SignalScope Confidence Lens,0.1,0.994162809219548,0.0
2021-01-05,0.0060174332333345,0.0,0.0,0.0060174332333345,0,Maximum Sharpe,SignalScope Confidence Lens,0.1,1.0001451175470912,0.0
2021-01-06,-0.0123425530614694,0.0,0.0,-0.0123425530614694,0,Maximum Sharpe,SignalScope Confidence Lens,0.1,0.9878007733645966,-0.0123425530614694
2021-01-07,0.0215994502414537,0.0,0.0,0.0215994502414537,0,Maximum Sharpe,SignalScope Confidence Lens,0.1,1.0091367270173548,0.0
2021-01-08,-0.0007298964289426,0.0,0.0,-0.0007298964289426,0,Maximum Sharpe,SignalScope Confidence Lens,0.1,1.00840016172399,-0.0007298964289426
2021-01-11,-0.0031270678231942,0.0,0.0,-0.0031270678231942,0,Maximum Sharpe,SignalScope Confidence Lens,0.1,1.0052468260253589,-0.0038546818164998
2021-01-12,-0.0166399184433451,0.0,0.0,-0.0166399184433451,0,Maximum Sharpe,SignalScope Confidence Lens,0.1,0.9885196008248652,-0.0204304586687933
2021-01-13,-0.0008767619157188,0.0,0.0,-0.0008767619157188,0,Maximum Sharpe,SignalScope Confidence Lens,0.1,0.9876529044859204,-0.0212893079364308
2021-01-14,-0.0145867799393778,0.0,0.0,-0.0145867799393778,0,Maximum Sharpe,SignalScope Confidence Lens,0.1,0.973246228911697,-0.0355655454258782
2021-01-15,-0.0054931852512922,0.0,0.0,-0.0054931852512922,0,Maximum Sharpe,SignalScope Confidence Lens,0.1,0.9679000070811634,-0.0408633625475829
2021-01-19,0.0095708532910574,0.0,0.0,0.0095708532910574,0,Maximum Sharpe,SignalScope Confidence Lens,0.1,0.9771636360493507,-0.0316836065044475
2021-01-20,0.0274764873471507,0.0,0.0,0.0274764873471507,0,Maximum Sharpe,SignalScope Confidence Lens,0.1,1.0040126603313564,-0.0050776733705285
2021-01-21,-0.0008082997808015,0.0,0.0,-0.0008082997808015,0,Maximum Sharpe,SignalScope Confidence Lens,0.1,1.0032011171180886,-0.0058818688690577
2021-01-22,-0.0057102114826805,0.0,0.0,-0.0057102114826805,0,Maximum Sharpe,SignalScope Confidence Lens,0.1,0.9974726265796828,-0.0115584936365826
2021-01-25,0.0015552684949219,0.0,0.0,0.0015552684949219,0,Maximum Sharpe,SignalScope Confidence Lens,0.1,0.9990239643303492,-0.0100212017026626
2021-01-26,-0.0081435380691343,0.0,0.0,-0.0081435380691343,0,Maximum Sharpe,SignalScope Confidence Lens,0.1,0.9908883746448474,-0.0180831317342329
2021-01-27,-0.0402828296443725,0.0,0.0,-0.0402828296443725,0,Maximum Sharpe,SignalScope Confidence Lens,0.1,0.9509725870524396,-0.0576375216635186
2021-01-28,0.0204366800356775,0.0,0.0,0.0204366800356775,0,Maximum Sharpe,SignalScope Confidence Lens,0.1,0.970407309536731,-0.0383787612161277
2021-01-29,-0.0064659684887387,0.0,0.0,-0.0064659684887387,0,Maximum Sharpe,SignalScope Confidence Lens,0.1,0.9641326864520248,-0.0445965738442061
2021-02-01,0.0037900487772375,0.5803911659744899,0.0005803911659744,0.003209657611263,0,Maximum Sharpe,SignalScope Confidence Lens,0.1,0.9672272222673632,-0.0415300559656183
2021-02-02,0.0234374112018444,0.0,0.0,0.0234374112018444,0,Maximum Sharpe,SignalScope Confidence Lens,0.1,0.9898965244012612,-0.0190660017626755
2021-02-03,-0.0119790077349145,0.0,0.0,-0.0119790077349145,0,Maximum Sharpe,SignalScope Confidence Lens,0.1,0.9780385462786936,-0.0308166177150012
2021-02-04,-0.0065257658921784,0.0,0.0,-0.0065257658921784,0,Maximum Sharpe,SignalScope Confidence Lens,0.1,0.9716560956921522,-0.0371412815743827
2021-02-05,0.0029512112695544,0.0,0.0,0.0029512112695544,0,Maximum Sharpe,SignalScope Confidence Lens,0.1,0.97452365811189,-0.0342996820735763
2021-02-08,0.0253867746388736,0.0,0.0,0.0253867746388736,0,Maximum Sharpe,SignalScope Confidence Lens,0.1,0.9992636706006274,-0.0097836657336896
2021-02-09,-0.0180139271850158,0.0,0.0,-0.0180139271850158,0,Maximum Sharpe,SignalScope Confidence Lens,0.1,0.981263007599796,-0.0276213506765762
2021-02-10,0.00220320649086,0.0,0.0,0.00220320649086,0,Maximum Sharpe,SignalScope Confidence Lens,0.1,0.9834249326273806,-0.0254789997248132
2021-02-11,0.0021642601559213,0.0,0.0,0.0021642601559213,0,Maximum Sharpe,SignalScope Confidence Lens,0.1,0.9855533200254056,-0.0233698827528091
2021-02-12,0.0018177366898988,0.0,0.0,0.0018177366898988,0,Maximum Sharpe,SignalScope Confidence Lens,0.1,0.9873447964550676,-0.0215946263562286
2021-02-16,-0.0032012933547252,0.0,0.0,-0.0032012933547252,0,Maximum Sharpe,SignalScope Confidence Lens,0.1,0.9841840161193534,-0.0247267889771019
2021-02-17,-0.0137373487435738,0.0,0.0,-0.0137373487435738,0,Maximum Sharpe,SignalScope Confidence Lens,0.1,0.9706639370620708,-0.0381244571971886
2021-02-18,-0.0009369565534737,0.0,0.0,-0.0009369565534737,0,Maximum Sharpe,SignalScope Confidence Lens,0.1,0.9697544671250198,-0.0390256927906437
2021-02-19,-0.0008789462270362,0.0,0.0,-0.0008789462270362,0,Maximum Sharpe,SignalScope Confidence Lens,0.1,0.9689021050949888,-0.0398703375322441
2021-02-22,-0.0185238421484845,0.0,0.0,-0.0185238421484845,0,Maximum Sharpe,SignalScope Confidence Lens,0.1,0.9509543154428748,-0.0576556278418746
2021-02-23,-0.0121371389770908,0.0,0.0,-0.0121371389770908,0,Maximum Sharpe,SignalScope Confidence Lens,0.1,0.9394124507554804,-0.069092992451037
2021-02-24,0.0163324757317375,0.0,0.0,0.0163324757317375,0,Maximum Sharpe,SignalScope Confidence Lens,0.1,0.9547553818095365,-0.0538889763417391
2021-02-25,-0.0352407663035328,0.0,0.0,-0.0352407663035328,0,Maximum Sharpe,SignalScope Confidence Lens,0.1,0.9211090705221464,-0.0872306538236762
2021-02-26,0.0052341128923447,0.0,0.0,0.0052341128923447,0,Maximum Sharpe,SignalScope Confidence Lens,0.1,0.925930259383422,-0.0824531160211176
2021-03-01,0.0179272932919388,1.2416558427901454,0.0012416558427901,0.0166856374491487,0,Maximum Sharpe,SignalScope Confidence Lens,0.1,0.94137999599469,-0.0671432613724498
2021-03-02,-0.0070650035648654,0.0,0.0,-0.0070650035648654,0,Maximum Sharpe,SignalScope Confidence Lens,0.1,0.9347291429670944,-0.0737338975563624
2021-03-03,-0.0216530066043085,0.0,0.0,-0.0216530066043085,0,Maximum Sharpe,SignalScope Confidence Lens,0.1,0.9144894466611884,-0.0937903435899215
2021-03-04,-0.0194025724881801,0.0,0.0,-0.0194025724881801,0,Maximum Sharpe,SignalScope Confidence Lens,0.1,0.8967459988826687,-0.1113731421379069
2021-03-05,0.012925196349184,0.0,0.0,0.012925196349184,0,Maximum Sharpe,SignalScope Confidence Lens,0.1,0.9083366169935724,-0.0998874655188809
2021-03-08,-0.0289919502170258,0.0,0.0,-0.0289919502170258,0,Maximum Sharpe,SignalScope Confidence Lens,0.1,0.8820021670133931,-0.1259834833082784
2021-03-09,0.0201325760786193,0.0,0.0,0.0201325760786193,0,Maximum Sharpe,SignalScope Confidence Lens,0.1,0.8997591427422973,-0.1083872792920126
2021-03-10,0.0009807460854849,0.0,0.0,0.0009807460854849,0,Maximum Sharpe,SignalScope Confidence Lens,0.1,0.9006415779994211,-0.1075128336064096
2021-03-11,0.0176190061340723,0.0,0.0,0.0176190061340723,0,Maximum Sharpe,SignalScope Confidence Lens,0.1,0.9165099874867936,-0.09178809674714
2021-03-12,0.0112332120142605,0.0,0.0,0.0112332120142605,0,Maximum Sharpe,SignalScope Confidence Lens,0.1,0.92680533848942,-0.0815859598840254
2021-03-15,-0.0056700919429578,0.0,0.0,-0.0056700919429578,0,Maximum Sharpe,SignalScope Confidence Lens,0.1,0.921550267006961,-0.0867934519331864
2021-03-16,0.0033878746732726,0.0,0.0,0.0033878746732726,0,Maximum Sharpe,SignalScope Confidence Lens,0.1,0.9246723638167016,-0.083699622597524
2021-03-17,-0.0021608066143599,0.0,0.0,-0.0021608066143599,0,Maximum Sharpe,SignalScope Confidence Lens,0.1,0.9226743256568508,-0.0856795705137557
2021-03-18,-0.0122700064111866,0.0,0.0,-0.0122700064111866,0,Maximum Sharpe,SignalScope Confidence Lens,0.1,0.9113531057656038,-0.0968982880454308
2021-03-19,-0.0022675248569733,0.0,0.0,-0.0022675248569733,0,Maximum Sharpe,SignalScope Confidence Lens,0.1,0.9092865899448004,-0.098946093625663
2021-03-22,0.0107990929237429,0.0,0.0,0.0107990929237429,0,Maximum Sharpe,SignalScope Confidence Lens,0.1,0.9191060603239276,-0.0892155287614251
2021-03-23,-0.0089416203021303,0.0,0.0,-0.0089416203021303,0,Maximum Sharpe,SignalScope Confidence Lens,0.1,0.910887762915124,-0.097359417680317
2021-03-24,-0.0061182756375687,0.0,0.0,-0.0061182756375687,0,Maximum Sharpe,SignalScope Confidence Lens,0.1,0.905314700506721,-0.1028820215646043
2021-03-25,0.0078982969242407,0.0,0.0,0.0078982969242407,0,Maximum Sharpe,SignalScope Confidence Lens,0.1,0.9124651448212032,-0.095796317394847
2021-03-26,0.0260618313975381,0.0,0.0,0.0260618313975381,0,Maximum Sharpe,SignalScope Confidence Lens,0.1,0.9362456575816636,-0.0722311134697584
2021-03-29,0.0059027452751709,0.0,0.0,0.0059027452751709,0,Maximum Sharpe,SignalScope Confidence Lens,0.1,0.9417720772133532,-0.0667547300583413
2021-03-30,0.0054115435660821,0.0,0.0,0.0054115435660821,0,Maximum Sharpe,SignalScope Confidence Lens,0.1,0.946868517838513,-0.0617044326222119
2021-03-31,0.0034389057495549,0.0,0.0,0.0034389057495549,0,Maximum Sharpe,SignalScope Confidence Lens,0.1,0.9501247094285804,-0.0584777226007745
2021-04-01,0.0083866596193966,1.392244532163236,0.0013922445321632,0.0069944150872334,0,Maximum Sharpe,SignalScope Confidence Lens,0.1,0.956770276030961,-0.0518923249787669
2021-04-05,0.0026360663663628,0.0,0.0,0.0026360663663628,0,Maximum Sharpe,SignalScope Confidence Lens,0.1,0.959292385975942,-0.0493930502249528
2021-04-06,-0.0002124666212437,0.0,0.0,-0.0002124666212437,0,Maximum Sharpe,SignalScope Confidence Lens,0.1,0.9590885683639088,-0.0495950224717024
2021-04-07,-0.0031284526696547,0.0,0.0,-0.0031284526696547,0,Maximum Sharpe,SignalScope Confidence Lens,0.1,0.9560881051717754,-0.052568319460904
2021-04-08,0.0024550350000522,0.0,0.0,0.0024550350000522,0,Maximum Sharpe,SignalScope Confidence Lens,0.1,0.9584353349331058,-0.0502423415250221
2021-04-09,0.0057132159428347,0.0,0.0,0.0057132159428347,0,Maximum Sharpe,SignalScope Confidence Lens,0.1,0.963911082968822,-0.0448161709287934
2021-04-12,0.0029171648553798,0.0,0.0,0.0029171648553798,0,Maximum Sharpe,SignalScope Confidence Lens,0.1,0.9667229705037697,-0.0420297422321997
2021-04-13,-0.0034972903736767,0.0,0.0,-0.0034972903736767,0,Maximum Sharpe,SignalScope Confidence Lens,0.1,0.9633420595650146,-0.0453800423929596
2021-04-14,0.0007800190679763,0.0,0.0,0.0007800190679763,0,Maximum Sharpe,SignalScope Confidence Lens,0.1,0.9640934847404588,-0.0446354206233555
2021-04-15,0.00827316396358,0.0,0.0,0.00827316396358,0,Maximum Sharpe,SignalScope Confidence Lens,0.1,0.972069588215936,-0.0367315328131758
2021-04-16,-0.0012263050340079,0.0,0.0,-0.0012263050340079,0,Maximum Sharpe,SignalScope Confidence Lens,0.1,0.9708775343865008,-0.0379127937835881
2021-04-19,-0.0016511452986697,0.0,0.0,-0.0016511452986697,0,Maximum Sharpe,SignalScope Confidence Lens,0.1,0.9692744745100144,-0.0395013395510427
2021-04-20,-0.0111838998329116,0.0,0.0,-0.0111838998329116,0,Maximum Sharpe,SignalScope Confidence Lens,0.1,0.9584342058764964,-0.0502434603591496
2021-04-21,0.0105527209311588,0.0,0.0,0.0105527209311588,0,Maximum Sharpe,SignalScope Confidence Lens,0.1,0.968548294581988,-0.0402209446437765
2021-04-22,-0.0117799663779963,0.0,0.0,-0.0117799663779963,0,Maximum Sharpe,SignalScope Confidence Lens,0.1,0.9571388282363464,-0.051527109646178
2021-04-23,0.0103514722310973,0.0,0.0,0.0103514722310973,0,Maximum Sharpe,SignalScope Confidence Lens,0.1,0.96704662423814,-0.0417090188597317
2021-04-26,0.0060999328328693,0.0,0.0,0.0060999328328693,0,Maximum Sharpe,SignalScope Confidence Lens,0.1,0.9729455436922456,-0.0358635082404318
2021-04-27,0.0074890941123992,0.0,0.0,0.0074890941123992,0,Maximum Sharpe,SignalScope Confidence Lens,0.1,0.9802320244351962,-0.0286429993164459
2021-04-28,0.0045694995360501,0.0,0.0,0.0045694995360501,0,Maximum Sharpe,SignalScope Confidence Lens,0.1,0.9847111942160744,-0.0242043839524833
2021-04-29,0.0085071367411358,0.0,0.0,0.0085071367411358,0,Maximum Sharpe,SignalScope Confidence Lens,0.1,0.9930882669957976,-0.0159031572153663
2021-04-30,-0.0059405851602578,0.0,0.0,-0.0059405851602578,0,Maximum Sharpe,SignalScope Confidence Lens,0.1,0.987188741574056,-0.0217492683158694
2021-05-03,0.0059384564699734,1.239621977206215,0.0012396219772062,0.0046988344927672,0,Maximum Sharpe,SignalScope Confidence Lens,0.1,0.9918273780838356,-0.0171526300352572
2021-05-04,0.0023409142904842,0.0,0.0,0.0023409142904842,0,Maximum Sharpe,SignalScope Confidence Lens,0.1,0.9941491609668855,-0.0148518685815419
2021-05-05,0.0052737179923314,0.0,0.0,0.0052737179923314,0,Maximum Sharpe,SignalScope Confidence Lens,0.1,0.999392023284138,-0.0096564751557687
2021-05-06,0.0053286168351963,0.0,0.0,0.0053286168351963,0,Maximum Sharpe,SignalScope Confidence Lens,0.1,1.0047174004443709,-0.0043793139766559
2021-05-07,0.0096541608465482,0.0,0.0,0.0096541608465482,0,Maximum Sharpe,SignalScope Confidence Lens,0.1,1.0144171038335863,0.0
2021-05-10,-0.0042473962151395,0.0,0.0,-0.0042473962151395,0,Maximum Sharpe,SignalScope Confidence Lens,0.1,1.010108472466191,-0.0042473962151393
2021-05-11,-0.0102455052078089,0.0,0.0,-0.0102455052078089,0,Maximum Sharpe,SignalScope Confidence Lens,0.1,0.9997594008510868,-0.0144493847029065
2021-05-12,-0.0151746692037597,0.0,0.0,-0.0151746692037597,0,Maximum Sharpe,SignalScope Confidence Lens,0.1,0.9845883826598224,-0.0294047892736019
2021-05-13,0.01240321852607,0.0,0.0,0.01240321852607,0,Maximum Sharpe,SignalScope Confidence Lens,0.1,0.996800447528182,-0.0173662847746053
2021-05-14,0.0107171098039616,0.0,0.0,0.0107171098039616,0,Maximum Sharpe,SignalScope Confidence Lens,0.1,1.0074832673769796,-0.0068352913514601
2021-05-17,0.0057220927404299,0.0,0.0,0.0057220927404299,0,Maximum Sharpe,SignalScope Confidence Lens,0.1,1.013248180067342,-0.001152310782051
2021-05-18,-0.0084248623061054,0.0,0.0,-0.0084248623061054,0,Maximum Sharpe,SignalScope Confidence Lens,0.1,1.0047117036683628,-0.0095674650284838
2021-05-19,0.0035230211020136,0.0,0.0,0.0035230211020136,0,Maximum Sharpe,SignalScope Confidence Lens,0.1,1.0082513242018265,-0.0060781503076583
2021-05-20,0.0085325057025872,0.0,0.0,0.0085325057025872,0,Maximum Sharpe,SignalScope Confidence Lens,0.1,1.0168542343752196,0.0
2021-05-21,0.0017430841859829,0.0,0.0,0.0017430841859829,0,Maximum Sharpe,SignalScope Confidence Lens,0.1,1.0186266969106088,0.0
2021-05-24,0.0087118353882494,0.0,0.0,0.0087118353882494,0,Maximum Sharpe,SignalScope Confidence Lens,0.1,1.0275008050161702,0.0
2021-05-25,-0.0054762207813534,0.0,0.0,-0.0054762207813534,0,Maximum Sharpe,SignalScope Confidence Lens,0.1,1.0218739837548834,-0.0054762207813533
2021-05-26,0.0047308300409168,0.0,0.0,0.0047308300409168,0,Maximum Sharpe,SignalScope Confidence Lens,0.1,1.0267082958952622,-0.0007712978102197
2021-05-27,0.0001103686098452,0.0,0.0,0.0001103686098452,0,Maximum Sharpe,SignalScope Confidence Lens,0.1,1.0268216122625966,-0.0006610143274418
2021-05-28,0.007703073080984,0.0,0.0,0.007703073080984,0,Maximum Sharpe,SignalScope Confidence Lens,0.1,1.0347312941829894,0.0
2021-06-01,0.0100363678659586,0.4074399443660042,0.000407439944366,0.0096289279215926,0,Maximum Sharpe,SignalScope Confidence Lens,0.1,1.0446946472328935,0.0
2021-06-02,-0.0053767930436307,0.0,0.0,-0.0053767930436307,0,Maximum Sharpe,SignalScope Confidence Lens,0.1,1.0390775403209336,-0.0053767930436308
2021-06-03,0.0046986358120928,0.0,0.0,0.0046986358120928,0,Maximum Sharpe,SignalScope Confidence Lens,0.1,1.0439597872634268,-0.000703420823887
2021-06-04,0.0065034165090133,0.0,0.0,0.0065034165090133,0,Maximum Sharpe,SignalScope Confidence Lens,0.1,1.0507490925786616,0.0
2021-06-07,-0.0004779227339727,0.0,0.0,-0.0004779227339727,0,Maximum Sharpe,SignalScope Confidence Lens,0.1,1.050246915699617,-0.0004779227339727
2021-06-08,0.0002571046950057,0.0,0.0,0.0002571046950057,0,Maximum Sharpe,SignalScope Confidence Lens,0.1,1.0505169391125586,-0.0002209409151457
2021-06-09,-0.0153229963115849,0.0,0.0,-0.0153229963115849,0,Maximum Sharpe,SignalScope Confidence Lens,0.1,1.0344198719292794,-0.0155405517499028
2021-06-10,-0.003147523694819,0.0,0.0,-0.003147523694819,0,Maximum Sharpe,SignalScope Confidence Lens,0.1,1.0311640108719904,-0.0186391611898584
2021-06-11,0.0007337206677105,0.0,0.0,0.0007337206677105,0,Maximum Sharpe,SignalScope Confidence Lens,0.1,1.0319205972185663,-0.0179191164599418
2021-06-14,-0.0081603340027025,0.0,0.0,-0.0081603340027025,0,Maximum Sharpe,SignalScope Confidence Lens,0.1,1.0234997804809944,-0.025933224487298
2021-06-15,-0.0054076486503709,0.0,0.0,-0.0054076486503709,0,Maximum Sharpe,SignalScope Confidence Lens,0.1,1.0179650532744215,-0.0312006353712703
2021-06-16,-0.0100327757724499,0.0,0.0,-0.0100327757724499,0,Maximum Sharpe,SignalScope Confidence Lens,0.1,1.0077520381507292,-0.0409203821650823
2021-06-17,-0.0136126109165451,0.0,0.0,-0.0136126109165451,0,Maximum Sharpe,SignalScope Confidence Lens,0.1,0.994033901755028,-0.0539759598406579
2021-06-18,-0.00710920054024,0.0,0.0,-0.00710920054024,0,Maximum Sharpe,SignalScope Confidence Lens,0.1,0.9869671154036542,-0.0607014344580387
2021-06-21,0.0208293943655101,0.0,0.0,0.0208293943655101,0,Maximum Sharpe,SignalScope Confidence Lens,0.1,1.007525042676187,-0.0411364142094071
2021-06-22,0.0018017184390569,0.0,0.0,0.0018017184390569,0,Maximum Sharpe,SignalScope Confidence Lens,0.1,1.0093403191233885,-0.0394088120063478
2021-06-23,-0.000993206364374,0.0,0.0,-0.000993206364374,0,Maximum Sharpe,SignalScope Confidence Lens,0.1,1.0083378358946158,-0.0403628772878248
2021-06-24,0.0111729296256837,0.0,0.0,0.0111729296256837,0,Maximum Sharpe,SignalScope Confidence Lens,0.1,1.0196039235739809,-0.0296409192495679
2021-06-25,-0.0005756678021322,0.0,0.0,-0.0005756678021322,0,Maximum Sharpe,SignalScope Confidence Lens,0.1,1.019016970424251,-0.0301995237288627
2021-06-28,0.0008781366584924,0.0,0.0,0.0008781366584924,0,Maximum Sharpe,SignalScope Confidence Lens,0.1,1.0199118065816069,-0.0293479063792254
2021-06-29,0.0063854143858714,0.0,0.0,0.0063854143858714,0,Maximum Sharpe,SignalScope Confidence Lens,0.1,1.0264243661036732,-0.0231498905369431
2021-06-30,0.0038532068016339,0.0,0.0,0.0038532068016339,0,Maximum Sharpe,SignalScope Confidence Lens,0.1,1.0303793914525066,-0.0193858850509833
2021-07-01,0.0018077435521364,0.9563592894661608,0.0009563592894661,0.0008513842626703,0,Maximum Sharpe,SignalScope Confidence Lens,0.1,1.031256640250969,-0.0185510056257633
2021-07-02,0.0047196239084668,0.0,0.0,0.0047196239084668,0,Maximum Sharpe,SignalScope Confidence Lens,0.1,1.0361237837460626,-0.013918935486974
2021-07-06,-0.0017626118295996,0.0,0.0,-0.0017626118295996,0,Maximum Sharpe,SignalScope Confidence Lens,0.1,1.0342974997079022,-0.015657013636229
2021-07-07,0.0012632410548653,0.0,0.0,0.0012632410548653,0,Maximum Sharpe,SignalScope Confidence Lens,0.1,1.035604066772478,-0.0144135511637853
2021-07-08,-0.0112558533001415,0.0,0.0,-0.0112558533001415,0,Maximum Sharpe,SignalScope Confidence Lens,0.1,1.023947459319857,-0.0255071676464933
2021-07-09,0.0188381450562669,0.0,0.0,0.0188381450562669,0,Maximum Sharpe,SignalScope Confidence Lens,0.1,1.0432367300885204,-0.0071495303143255
2021-07-12,0.0088866135287002,0.0,0.0,0.0088866135287002,0,Maximum Sharpe,SignalScope Confidence Lens,0.1,1.052507571727762,0.0
2021-07-13,-0.0119932555036837,0.0,0.0,-0.0119932555036837,0,Maximum Sharpe,SignalScope Confidence Lens,0.1,1.0398845795004692,-0.0119932555036837
2021-07-14,-0.0010230881411578,0.0,0.0,-0.0010230881411578,0,Maximum Sharpe,SignalScope Confidence Lens,0.1,1.0388206859190094,-0.0130040734873618
2021-07-15,-0.0044530868135383,0.0,0.0,-0.0044530868135383,0,Maximum Sharpe,SignalScope Confidence Lens,0.1,1.0341947272209129,-0.0173992520327314
2021-07-16,-0.0143393763774345,0.0,0.0,-0.0143393763774345,0,Maximum Sharpe,SignalScope Confidence Lens,0.1,1.0193650197797337,-0.0314891339865828
2021-07-19,-0.0130950764106599,0.0,0.0,-0.0130950764106599,0,Maximum Sharpe,SignalScope Confidence Lens,0.1,1.0060163569553642,-0.0441718577815829
2021-07-20,0.015874890821467,0.0,0.0,0.015874890821467,0,Maximum Sharpe,SignalScope Confidence Lens,0.1,1.0219867567866403,-0.02899819037978
2021-07-21,0.0094096367369723,0.0,0.0,0.0094096367369723,0,Maximum Sharpe,SignalScope Confidence Lens,0.1,1.0316032809179991,-0.0198614160803111
2021-07-22,0.0021608338038604,0.0,0.0,0.0021608338038604,0,Maximum Sharpe,SignalScope Confidence Lens,0.1,1.03383240415958,-0.0177434994957095
2021-07-23,0.0072533565300477,0.0,0.0,0.0072533565300477,0,Maximum Sharpe,SignalScope Confidence Lens,0.1,1.0413311591792658,-0.010618842893595
2021-07-26,0.0027229270612764,0.0,0.0,0.0027229270612764,0,Maximum Sharpe,SignalScope Confidence Lens,0.1,1.0441666279723454,-0.0079248301669929
2021-07-27,-0.0056841699542937,0.0,0.0,-0.0056841699542937,0,Maximum Sharpe,SignalScope Confidence Lens,0.1,1.0382314073983487,-0.0135639540397586
2021-07-28,0.0033667123292498,0.0,0.0,0.0033667123292498,0,Maximum Sharpe,SignalScope Confidence Lens,0.1,1.041726833878251,-0.010242907641808
2021-07-29,0.0083858035725512,0.0,0.0,0.0083858035725512,0,Maximum Sharpe,SignalScope Confidence Lens,0.1,1.0504625504834098,-0.0019429990807527
2021-07-30,-0.0017360039869413,0.0,0.0,-0.0017360039869413,0,Maximum Sharpe,SignalScope Confidence Lens,0.1,1.048638943307638,-0.0036756300135433
2021-08-02,-0.0029835836095168,0.4155840018714628,0.0004155840018714,-0.0033991676113883,0,Maximum Sharpe,SignalScope Confidence Lens,0.1,1.0450744437755062,-0.007062303542438
2021-08-03,0.0080953898744724,0.0,0.0,0.0080953898744724,0,Maximum Sharpe,SignalScope Confidence Lens,0.1,1.0535347288457164,0.0
2021-08-04,-0.0044262015650419,0.0,0.0,-0.0044262015650419,0,Maximum Sharpe,SignalScope Confidence Lens,0.1,1.0488715717800734,-0.004426201565042
2021-08-05,0.0053535951650531,0.0,0.0,0.0053535951650531,0,Maximum Sharpe,SignalScope Confidence Lens,0.1,1.054486805555517,0.0
2021-08-06,0.0022267312930754,0.0,0.0,0.0022267312930754,0,Maximum Sharpe,SignalScope Confidence Lens,0.1,1.0568348643235828,0.0
2021-08-09,0.009304652784862,0.0,0.0,0.009304652784862,0,Maximum Sharpe,SignalScope Confidence Lens,0.1,1.0666683457870505,0.0
2021-08-10,0.0158516553087415,0.0,0.0,0.0158516553087415,0,Maximum Sharpe,SignalScope Confidence Lens,0.1,1.0835768047332122,0.0
2021-08-11,0.0066180539572269,0.0,0.0,0.0066180539572269,0,Maximum Sharpe,SignalScope Confidence Lens,0.1,1.090747974493736,0.0
2021-08-12,0.0074509966256259,0.0,0.0,0.0074509966256259,0,Maximum Sharpe,SignalScope Confidence Lens,0.1,1.0988751339710974,0.0
2021-08-13,0.0003241084852227,0.0,0.0,0.0003241084852227,0,Maximum Sharpe,SignalScope Confidence Lens,0.1,1.0992312887262177,0.0
2021-08-16,0.0003014030663346,0.0,0.0,0.0003014030663346,0,Maximum Sharpe,SignalScope Confidence Lens,0.1,1.0995626004072507,0.0
2021-08-17,-0.0090734511829322,0.0,0.0,-0.0090734511829322,0,Maximum Sharpe,SignalScope Confidence Lens,0.1,1.0895857728298777,-0.0090734511829323
2021-08-18,-0.004304824133487,0.0,0.0,-0.004304824133487,0,Maximum Sharpe,SignalScope Confidence Lens,0.1,1.0848952976994952,-0.0133392157047931
2021-08-19,-0.0031217301227028,0.0,0.0,-0.0031217301227028,0,Maximum Sharpe,SignalScope Confidence Lens,0.1,1.081508547368688,-0.016419304396017
2021-08-20,0.0092614574487024,0.0,0.0,0.0092614574487024,0,Maximum Sharpe,SignalScope Confidence Lens,0.1,1.0915248927605512,-0.0073099136363155
2021-08-23,0.0094666840147732,0.0,0.0,0.0094666840147732,0,Maximum Sharpe,SignalScope Confidence Lens,0.1,1.1018580140145746,0.0
2021-08-24,0.0029630091692771,0.0,0.0,0.0029630091692771,0,Maximum Sharpe,SignalScope Confidence Lens,0.1,1.1051228294133413,0.0
2021-08-25,-0.0004144721496818,0.0,0.0,-0.0004144721496818,0,Maximum Sharpe,SignalScope Confidence Lens,0.1,1.104664786778572,-0.0004144721496817
2021-08-26,-0.0064058008288154,0.0,0.0,-0.0064058008288154,0,Maximum Sharpe,SignalScope Confidence Lens,0.1,1.0975885241718626,-0.0068176179524571
2021-08-27,0.0114606909597232,0.0,0.0,0.0114606909597232,0,Maximum Sharpe,SignalScope Confidence Lens,0.1,1.110167647048335,0.0
2021-08-30,0.0025965138334755,0.0,0.0,0.0025965138334755,0,Maximum Sharpe,SignalScope Confidence Lens,0.1,1.113050212701373,0.0
2021-08-31,-0.0021353777485369,0.0,0.0,-0.0021353777485369,0,Maximum Sharpe,SignalScope Confidence Lens,0.1,1.1106734300441663,-0.0021353777485368
2021-09-01,0.0047442409340026,0.3096382898951667,0.0003096382898951,0.0044346026441074,0,Maximum Sharpe,SignalScope Confidence Lens,0.1,1.11559882537378,0.0
2021-09-02,0.0024245104932601,0.0,0.0,0.0024245104932601,0,Maximum Sharpe,SignalScope Confidence Lens,0.1,1.1183036064321674,0.0
2021-09-03,-0.0029477570974955,0.0,0.0,-0.0029477570974955,0,Maximum Sharpe,SignalScope Confidence Lens,0.1,1.115007119039152,-0.0029477570974957
2021-09-07,-0.0083984807794615,0.0,0.0,-0.0083984807794615,0,Maximum Sharpe,SignalScope Confidence Lens,0.1,1.105642753180939,-0.0113214811956312
2021-09-08,-0.0011720292542838,0.0,0.0,-0.0011720292542838,0,Maximum Sharpe,SignalScope Confidence Lens,0.1,1.104346907529424,-0.0124802413427521
2021-09-09,-0.0078339131645936,0.0,0.0,-0.0078339131645936,0,Maximum Sharpe,SignalScope Confidence Lens,0.1,1.0956955497522507,-0.0202163853803936
2021-09-10,-0.0024284227014657,0.0,0.0,-0.0024284227014657,0,Maximum Sharpe,SignalScope Confidence Lens,0.1,1.093034737805337,-0.02259571415266
2021-09-13,-0.004118285451064,0.0,0.0,-0.004118285451064,0,Maximum Sharpe,SignalScope Confidence Lens,0.1,1.088533308747126,-0.0266209440028727
2021-09-14,-0.0111415588264472,0.0,0.0,-0.0111415588264472,0,Maximum Sharpe,SignalScope Confidence Lens,0.1,1.0764053508531726,-0.0374659040156964
2021-09-15,0.0070273483938645,0.0,0.0,0.0070273483938645,0,Maximum Sharpe,SignalScope Confidence Lens,0.1,1.0839696262666378,-0.0307018415822413
2021-09-16,-0.0063296403669961,0.0,0.0,-0.0063296403669961,0,Maximum Sharpe,SignalScope Confidence Lens,0.1,1.0771084883636228,-0.0368371503334173
2021-09-17,-0.0189387138928926,0.0,0.0,-0.0189387138928926,0,Maximum Sharpe,SignalScope Confidence Lens,0.1,1.056709438870898,-0.0550782159755161
2021-09-20,-0.0181058989557693,0.0,0.0,-0.0181058989557693,0,Maximum Sharpe,SignalScope Confidence Lens,0.1,1.0375767645450935,-0.0721868743181687
2021-09-21,-0.0034589441736335,0.0,0.0,-0.0034589441736335,0,Maximum Sharpe,SignalScope Confidence Lens,0.1,1.033987844440673,-0.0753961281234666
2021-09-22,0.0069627703213201,0.0,0.0,0.0069627703213201,0,Maximum Sharpe,SignalScope Confidence Lens,0.1,1.0411872643165505,-0.0689583237253869
2021-09-23,0.0066013000763577,0.0,0.0,0.0066013000763577,0,Maximum Sharpe,SignalScope Confidence Lens,0.1,1.048060453883986,-0.062812238236703
2021-09-24,-0.0058838955565977,0.0,0.0,-0.0058838955565977,0,Maximum Sharpe,SignalScope Confidence Lens,0.1,1.0418937756363322,-0.0683265531438398
2021-09-27,-0.0035536087551161,0.0,0.0,-0.0035536087551161,0,Maximum Sharpe,SignalScope Confidence Lens,0.1,1.03819129279333,-0.0716373560614971
2021-09-28,-0.0072867719791961,0.0,0.0,-0.0072867719791961,0,Maximum Sharpe,SignalScope Confidence Lens,0.1,1.030626229571958,-0.0784021229618807
2021-09-29,-0.0004245285275102,0.0,0.0,-0.0004245285275102,0,Maximum Sharpe,SignalScope Confidence Lens,0.1,1.0301886993363043,-0.0787933675515762
2021-09-30,-0.0140265421641793,0.0,0.0,-0.0140265421641793,0,Maximum Sharpe,SignalScope Confidence Lens,0.1,1.0157387141080023,-0.0917147112235358
2021-10-01,0.007944441284313,0.6840212464433499,0.0006840212464433,0.0072604200378697,0,Maximum Sharpe,SignalScope Confidence Lens,0.1,1.0231134038211522,-0.0851201785128009
2021-10-04,-0.009019809288639,0.0,0.0,-0.009019809288639,0,Maximum Sharpe,SignalScope Confidence Lens,0.1,1.013885116038035,-0.0933722200246396
2021-10-05,0.0073327974767383,0.0,0.0,0.0073327974767383,0,Maximum Sharpe,SignalScope Confidence Lens,0.1,1.0213197302586214,-0.0867241021272953
2021-10-06,0.0079530624321141,0.0,0.0,0.0079530624321141,0,Maximum Sharpe,SignalScope Confidence Lens,0.1,1.0294423498365184,-0.0794607618937685
2021-10-07,0.0059441184448132,0.0,0.0,0.0059441184448132,0,Maximum Sharpe,SignalScope Confidence Lens,0.1,1.0355614770960535,-0.0739889676293669
2021-10-08,-0.0016904135300313,0.0,0.0,-0.0016904135300313,0,Maximum Sharpe,SignalScope Confidence Lens,0.1,1.0338109499639911,-0.0755543092074444
2021-10-11,-0.0030367361067968,0.0,0.0,-0.0030367361067968,0,Maximum Sharpe,SignalScope Confidence Lens,0.1,1.0306715389246337,-0.078361606815447
2021-10-12,0.0127593700635829,0.0,0.0,0.0127593700635829,0,Maximum Sharpe,SignalScope Confidence Lens,0.1,1.0438222585037753,-0.0666020814919994
2021-10-13,0.0105090161125025,0.0,0.0,0.0105090161125025,0,Maximum Sharpe,SignalScope Confidence Lens,0.1,1.0547918034369803,-0.0567929877270225
2021-10-14,0.0218452172338609,0.0,0.0,0.0218452172338609,0,Maximum Sharpe,SignalScope Confidence Lens,0.1,1.0778339595195572,-0.0361884256474183
2021-10-15,-0.0030787610629534,0.0,0.0,-0.0030787610629534,0,Maximum Sharpe,SignalScope Confidence Lens,0.1,1.074515566292659,-0.039155771194559
2021-10-18,0.0071481982471087,0.0,0.0,0.0071481982471087,0,Maximum Sharpe,SignalScope Confidence Lens,0.1,1.0821964165801234,-0.0322874661624674
2021-10-19,0.0004182353798407,0.0,0.0,0.0004182353798407,0,Maximum Sharpe,SignalScope Confidence Lens,0.1,1.0826490294094742,-0.0318827345433012
2021-10-20,0.0018262767585749,0.0,0.0,0.0018262767585749,0,Maximum Sharpe,SignalScope Confidence Lens,0.1,1.0846262461695786,-0.0301146844818224
2021-10-21,-0.0022020010970135,0.0,0.0,-0.0022020010970135,0,Maximum Sharpe,SignalScope Confidence Lens,0.1,1.0822378979856635,-0.0322503730105707
2021-10-22,0.0112308867649402,0.0,0.0,0.0112308867649402,0,Maximum Sharpe,SignalScope Confidence Lens,0.1,1.0943923892706675,-0.0213816865330392
2021-10-25,0.0121626159796145,0.0,0.0,0.0121626159796145,0,Maximum Sharpe,SignalScope Confidence Lens,0.1,1.1077030636323797,-0.0094791277957223
2021-10-26,0.0121003211010537,0.0,0.0,0.0121003211010537,0,Maximum Sharpe,SignalScope Confidence Lens,0.1,1.1211066263869525,0.0
2021-10-27,-0.0184073004775455,0.0,0.0,-0.0184073004775455,0,Maximum Sharpe,SignalScope Confidence Lens,0.1,1.1004700798476803,-0.0184073004775456
2021-10-28,0.0207709951827572,0.0,0.0,0.0207709951827572,0,Maximum Sharpe,SignalScope Confidence Lens,0.1,1.123327938574965,0.0
2021-10-29,0.0043964715364814,0.0,0.0,0.0043964715364814,0,Maximum Sharpe,SignalScope Confidence Lens,0.1,1.1282666178830445,0.0
2021-11-01,0.0043119579333884,0.8640084577474563,0.0008640084577474,0.0034479494756409,0,Maximum Sharpe,SignalScope Confidence Lens,0.1,1.1321568241765574,0.0
2021-11-02,0.0107973617551942,0.0,0.0,0.0107973617551942,0,Maximum Sharpe,SignalScope Confidence Lens,0.1,1.1443811309708034,0.0
2021-11-03,-0.0048081853339911,0.0,0.0,-0.0048081853339911,0,Maximum Sharpe,SignalScope Confidence Lens,0.1,1.1388787344003737,-0.004808185333991
2021-11-04,0.0061167797861657,0.0,0.0,0.0061167797861657,0,Maximum Sharpe,SignalScope Confidence Lens,0.1,1.1458450048218478,0.0
2021-11-05,-0.0180124812182448,0.0,0.0,-0.0180124812182448,0,Maximum Sharpe,SignalScope Confidence Lens,0.1,1.1252054931934743,-0.0180124812182449
2021-11-08,0.0103584679850825,0.0,0.0,0.0103584679850825,0,Maximum Sharpe,SignalScope Confidence Lens,0.1,1.1368608982713582,-0.0078405949431934
2021-11-09,-0.0030795010455366,0.0,0.0,-0.0030795010455366,0,Maximum Sharpe,SignalScope Confidence Lens,0.1,1.1333599339465017,-0.010895950868405
2021-11-10,-0.0056899357991727,0.0,0.0,-0.0056899357991727,0,Maximum Sharpe,SignalScope Confidence Lens,0.1,1.1269111886849914,-0.0165238894066656
2021-11-11,0.0078160545278231,0.0,0.0,0.0078160545278231,0,Maximum Sharpe,SignalScope Confidence Lens,0.1,1.1357191879837674,-0.0088369864994566
2021-11-12,0.0029195040339903,0.0,0.0,0.0029195040339903,0,Maximum Sharpe,SignalScope Confidence Lens,0.1,1.1390349247345664,-0.0059432820831996
2021-11-15,0.0020499896577717,0.0,0.0,0.0020499896577717,0,Maximum Sharpe,SignalScope Confidence Lens,0.1,1.141369934550113,-0.0039054760922316
2021-11-16,-0.0034343312645874,0.0,0.0,-0.0034343312645874,0,Maximum Sharpe,SignalScope Confidence Lens,0.1,1.1374500920994273,-0.0073263946581726
2021-11-17,-0.0067678451448089,0.0,0.0,-0.0067678451448089,0,Maximum Sharpe,SignalScope Confidence Lens,0.1,1.1297520060161497,-0.0140446558984652
2021-11-18,0.0093599897403001,0.0,0.0,0.0093599897403001,0,Maximum Sharpe,SignalScope Confidence Lens,0.1,1.1403264732015446,-0.0048161239932805
2021-11-19,-0.0088420168134391,0.0,0.0,-0.0088420168134391,0,Maximum Sharpe,SignalScope Confidence Lens,0.1,1.1302436873526869,-0.0136155565573956
2021-11-22,0.0028679516816975,0.0,0.0,0.0028679516816975,0,Maximum Sharpe,SignalScope Confidence Lens,0.1,1.133485171636558,-0.010786653634024
2021-11-23,0.0118714316683579,0.0,0.0,0.0118714316683579,0,Maximum Sharpe,SignalScope Confidence Lens,0.1,1.1469412633987384,0.0
2021-11-24,0.0052245562815527,0.0,0.0,0.0052245562815527,0,Maximum Sharpe,SignalScope Confidence Lens,0.1,1.1529335225810002,0.0
2021-11-26,-0.0280177953842666,0.0,0.0,-0.0280177953842666,0,Maximum Sharpe,SignalScope Confidence Lens,0.1,1.120630867053664,-0.0280177953842666
2021-11-29,0.0127296141379364,0.0,0.0,0.0127296141379364,0,Maximum Sharpe,SignalScope Confidence Lens,0.1,1.1348960655823184,-0.0156448369705675
2021-11-30,-0.0162840715049753,0.0,0.0,-0.0162840715049753,0,Maximum Sharpe,SignalScope Confidence Lens,0.1,1.1164153368996608,-0.0316741468316303
2021-12-01,-0.0102470520674977,0.5460330074403267,0.0005460330074403,-0.010793085074938,0,Maximum Sharpe,SignalScope Confidence Lens,0.1,1.1043657711895372,-0.0421253701451385
2021-12-02,0.0257530877616998,0.0,0.0,0.0257530877616998,0,Maximum Sharpe,SignalScope Confidence Lens,0.1,1.1328065998159986,-0.0174571407377805
2021-12-03,-0.00780088483593,0.0,0.0,-0.00780088483593,0,Maximum Sharpe,SignalScope Confidence Lens,0.1,1.1239697059894525,-0.0251218444292505
2021-12-06,0.0065582581655438,0.0,0.0,0.0065582581655438,0,Maximum Sharpe,SignalScope Confidence Lens,0.1,1.1313409894915818,-0.0187283418050683
2021-12-07,0.0219045329756651,0.0,0.0,0.0219045329756651,0,Maximum Sharpe,SignalScope Confidence Lens,0.1,1.1561224855026218,0.0
2021-12-08,-0.0016799717214028,0.0,0.0,-0.0016799717214028,0,Maximum Sharpe,SignalScope Confidence Lens,0.1,1.1541802324204993,-0.0016799717214028
2021-12-09,-0.0077140826780256,0.0,0.0,-0.0077140826780256,0,Maximum Sharpe,SignalScope Confidence Lens,0.1,1.1452767906822647,-0.0093810949586728
2021-12-10,0.0053930559854999,0.0,0.0,0.0053930559854999,0,Maximum Sharpe,SignalScope Confidence Lens,0.1,1.1514533325333078,-0.0040386317434903
2021-12-13,-0.0057765129724756,0.0,0.0,-0.0057765129724756,0,Maximum Sharpe,SignalScope Confidence Lens,0.1,1.1448019474207287,-0.0097918155073088
2021-12-14,0.0023515620293196,0.0,0.0,0.0023515620293196,0,Maximum Sharpe,SignalScope Confidence Lens,0.1,1.1474940202113744,-0.0074632795395344
2021-12-15,0.0196991957913204,0.0,0.0,0.0196991957913204,0,Maximum Sharpe,SignalScope Confidence Lens,0.1,1.1700987295848877,0.0
2021-12-16,0.0002379959653787,0.0,0.0,0.0002379959653787,0,Maximum Sharpe,SignalScope Confidence Lens,0.1,1.1703772083616235,0.0
2021-12-17,-0.0133454362525954,0.0,0.0,-0.0133454362525954,0,Maximum Sharpe,SignalScope Confidence Lens,0.1,1.1547580139359428,-0.0133454362525955
2021-12-20,-0.0042328393008032,0.0,0.0,-0.0042328393008032,0,Maximum Sharpe,SignalScope Confidence Lens,0.1,1.1498701088316372,-0.0175217864663423
2021-12-21,0.0085159549726887,0.0,0.0,0.0085159549726887,0,Maximum Sharpe,SignalScope Confidence Lens,0.1,1.159662350902888,-0.0091550462382421
2021-12-22,0.0093111165307967,0.0,0.0,0.0093111165307967,0,Maximum Sharpe,SignalScope Confidence Lens,0.1,1.1704601021885226,0.0
2021-12-23,-0.0002947882528417,0.0,0.0,-0.0002947882528417,0,Maximum Sharpe,SignalScope Confidence Lens,0.1,1.1701150642999776,-0.0002947882528416
2021-12-27,0.0195592964300308,0.0,0.0,0.0195592964300308,0,Maximum Sharpe,SignalScope Confidence Lens,0.1,1.1930016916998654,0.0
2021-12-28,-0.0026585125161691,0.0,0.0,-0.0026585125161691,0,Maximum Sharpe,SignalScope Confidence Lens,0.1,1.1898300817706704,-0.0026585125161691
2021-12-29,0.0014564267189102,0.0,0.0,0.0014564267189102,0,Maximum Sharpe,SignalScope Confidence Lens,0.1,1.1915629820927245,-0.0012059577259198
2021-12-30,-0.0040032905419514,0.0,0.0,-0.0040032905419514,0,Maximum Sharpe,SignalScope Confidence Lens,0.1,1.186792809276373,-0.0052044204687131
2021-12-31,-0.0002058516651194,0.0,0.0,-0.0002058516651194,0,Maximum Sharpe,SignalScope Confidence Lens,0.1,1.1865485060004315,-0.0054092007952132
2022-01-03,-0.0086349132913988,0.5050250415448789,0.0005050250415448,-0.0091399383329437,0,Maximum Sharpe,SignalScope Confidence Lens,0.1,1.1757035258265414,-0.0144996993664581
2022-01-04,0.0003365507500767,0.0,0.0,0.0003365507500767,0,Maximum Sharpe,SignalScope Confidence Lens,0.1,1.1760992097300262,-0.014168028501079
2022-01-05,-0.008059790177057,0.0,0.0,-0.008059790177057,0,Maximum Sharpe,SignalScope Confidence Lens,0.1,1.1666200968721996,-0.0221136273411948
2022-01-06,0.0024089277913016,0.0,0.0,0.0024089277913016,0,Maximum Sharpe,SignalScope Confidence Lens,0.1,1.169430400445446,-0.0197579696813617
2022-01-07,-0.0149354960846497,0.0,0.0,-0.0149354960846497,0,Maximum Sharpe,SignalScope Confidence Lens,0.1,1.1519643772783228,-0.0343983706871948
2022-01-10,0.0036673995693532,0.0,0.0,0.0036673995693532,0,Maximum Sharpe,SignalScope Confidence Lens,0.1,1.1561890909394636,-0.0308571236876862
2022-01-11,0.0074042573669743,0.0,0.0,0.0074042573669743,0,Maximum Sharpe,SignalScope Confidence Lens,0.1,1.1647498125336675,-0.0236813404061001
2022-01-12,0.0085564857173976,0.0,0.0,0.0085564857173976,0,Maximum Sharpe,SignalScope Confidence Lens,0.1,1.1747159776689533,-0.0153274837396562
2022-01-13,-0.0138174040120901,0.0,0.0,-0.0138174040120901,0,Maximum Sharpe,SignalScope Confidence Lens,0.1,1.158484452406044,-0.0289331017164267
2022-01-14,-0.0010760240635883,0.0,0.0,-0.0010760240635883,0,Maximum Sharpe,SignalScope Confidence Lens,0.1,1.1572378952579625,-0.0299779930663338
2022-01-18,-0.0123917966742055,0.0,0.0,-0.0123917966742055,0,Maximum Sharpe,SignalScope Confidence Lens,0.1,1.1428976385562402,-0.0419983085457604
2022-01-19,-0.0116756661586806,0.0,0.0,-0.0116756661586806,0,Maximum Sharpe,SignalScope Confidence Lens,0.1,1.129553547274913,-0.0531836164746316
2022-01-20,-0.0171999431583646,0.0,0.0,-0.0171999431583646,0,Maximum Sharpe,SignalScope Confidence Lens,0.1,1.1101252904674552,-0.0694688044526764
2022-01-21,-0.0109019482572612,0.0,0.0,-0.0109019482572612,0,Maximum Sharpe,SignalScope Confidence Lens,0.1,1.0980227619917018,-0.0796134073983009
2022-01-24,-0.0005371705460667,0.0,0.0,-0.0005371705460667,0,Maximum Sharpe,SignalScope Confidence Lens,0.1,1.0974329365050488,-0.0801078119668414
2022-01-25,-0.0008089109040501,0.0,0.0,-0.0008089109040501,0,Maximum Sharpe,SignalScope Confidence Lens,0.1,1.096545211036246,-0.080851922788292
2022-01-26,-0.0096837650122894,0.0,0.0,-0.0096837650122894,0,Maximum Sharpe,SignalScope Confidence Lens,0.1,1.0859265248872196,-0.089752736779508
2022-01-27,-0.0020766537985782,0.0,0.0,-0.0020766537985782,0,Maximum Sharpe,SignalScope Confidence Lens,0.1,1.0836714314443356,-0.0916430052163203
2022-01-28,0.0329728593511842,0.0,0.0,0.0329728593511842,0,Maximum Sharpe,SignalScope Confidence Lens,0.1,1.1194031771362465,-0.0616918777866536
2022-01-31,0.0078753967228434,0.0,0.0,0.0078753967228434,0,Maximum Sharpe,SignalScope Confidence Lens,0.1,1.1282189212490057,-0.0543023290759571
2022-02-01,0.0061234267342965,0.622440986528784,0.0006224409865287,0.0055009857477677,0,Maximum Sharpe,SignalScope Confidence Lens,0.1,1.1344252374551582,-0.0491000596665069
2022-02-02,0.0270900619422218,0.0,0.0,0.0270900619422218,0,Maximum Sharpe,SignalScope Confidence Lens,0.1,1.1651568874066385,-0.0233401213820175
2022-02-03,-0.0082711545484459,0.0,0.0,-0.0082711545484459,0,Maximum Sharpe,SignalScope Confidence Lens,0.1,1.1555196947177118,-0.0314182261793333
2022-02-04,-0.0031620314741856,0.0,0.0,-0.0031620314741856,0,Maximum Sharpe,SignalScope Confidence Lens,0.1,1.151865905073973,-0.0344809122334767
2022-02-07,0.004109042469492,0.0,0.0,0.004109042469492,0,Maximum Sharpe,SignalScope Confidence Lens,0.1,1.156598970997082,-0.0305135532967388
2022-02-08,0.0025531170639961,0.0,0.0,0.0025531170639961,0,Maximum Sharpe,SignalScope Confidence Lens,0.1,1.1595519035661348,-0.0280383409063479
2022-02-09,0.0199565444474002,0.0,0.0,0.0199565444474002,0,Maximum Sharpe,SignalScope Confidence Lens,0.1,1.1826925526687198,-0.0086413448554766
2022-02-10,-0.019477080095509,0.0,0.0,-0.019477080095509,0,Maximum Sharpe,SignalScope Confidence Lens,0.1,1.159657155092029,-0.0279501167851028
2022-02-11,-0.0059140196942925,0.0,0.0,-0.0059140196942925,0,Maximum Sharpe,SignalScope Confidence Lens,0.1,1.1527989198381874,-0.0336988389382705
2022-02-14,-0.0070250144810226,0.0,0.0,-0.0070250144810226,0,Maximum Sharpe,SignalScope Confidence Lens,0.1,1.1447004907326168,-0.0404871185877581
2022-02-15,0.0021286329959634,0.0,0.0,0.0021286329959634,0,Maximum Sharpe,SignalScope Confidence Lens,0.1,1.147137137967686,-0.0384446678083318
2022-02-16,0.0015444159887123,0.0,0.0,0.0015444159887123,0,Maximum Sharpe,SignalScope Confidence Lens,0.1,1.1489087949048091,-0.0369596263792634
2022-02-17,-0.0144865637461938,0.0,0.0,-0.0144865637461938,0,Maximum Sharpe,SignalScope Confidence Lens,0.1,1.132265054408858,-0.0509107721418784
2022-02-18,-0.0089227460259301,0.0,0.0,-0.0089227460259301,0,Maximum Sharpe,SignalScope Confidence Lens,0.1,1.1221621408943316,-0.0593792542780027
2022-02-22,-0.0069025783473506,0.0,0.0,-0.0069025783473506,0,Maximum Sharpe,SignalScope Confidence Lens,0.1,1.1144163287983777,-0.0658719626704922
2022-02-23,0.0083241212404622,0.0,0.0,0.0083241212404622,0,Maximum Sharpe,SignalScope Confidence Lens,0.1,1.1236928654316465,-0.0580961676336463
2022-02-24,0.0015929737170389,0.0,0.0,0.0015929737170389,0,Maximum Sharpe,SignalScope Confidence Lens,0.1,1.1254828786323032,-0.0565957395847084
2022-02-25,0.0349432779192986,0.0,0.0,0.0349432779192986,0,Maximum Sharpe,SignalScope Confidence Lens,0.1,1.164810939653764,-0.0236301023227665
2022-02-28,-0.0043554055874724,0.0,0.0,-0.0043554055874724,0,Maximum Sharpe,SignalScope Confidence Lens,0.1,1.1597377155788469,-0.0278825892305498
2022-03-01,0.0057386419942442,0.395843422066954,0.0003958434220669,0.0053427985721773,0,Maximum Sharpe,SignalScope Confidence Lens,0.1,1.1659339605897416,-0.0226887617163022
2022-03-02,0.0192114018250707,0.0,0.0,0.0192114018250707,0,Maximum Sharpe,SignalScope Confidence Lens,0.1,1.1883331864081272,-0.0039132428094768
2022-03-03,0.00869937514446,0.0,0.0,0.00869937514446,0,Maximum Sharpe,SignalScope Confidence Lens,0.1,1.198670942593303,0.0
2022-03-04,0.0105539886329868,0.0,0.0,0.0105539886329868,0,Maximum Sharpe,SignalScope Confidence Lens,0.1,1.2113217020961244,0.0
2022-03-07,-0.0092856319278064,0.0,0.0,-0.0092856319278064,0,Maximum Sharpe,SignalScope Confidence Lens,0.1,1.200073814624296,-0.0092856319278062
2022-03-08,-0.0222003590742564,0.0,0.0,-0.0222003590742564,0,Maximum Sharpe,SignalScope Confidence Lens,0.1,1.1734317450240237,-0.0312798466390342
2022-03-09,0.0079562637195274,0.0,0.0,0.0079562637195274,0,Maximum Sharpe,SignalScope Confidence Lens,0.1,1.1827678774443,-0.0235724536284734
2022-03-10,0.007768353460664,0.0,0.0,0.007768353460664,0,Maximum Sharpe,SignalScope Confidence Lens,0.1,1.191956036378207,-0.0159872193195305
2022-03-11,-0.0069917288675527,0.0,0.0,-0.0069917288675527,0,Maximum Sharpe,SignalScope Confidence Lens,0.1,1.1836222029498074,-0.022867169884255
2022-03-14,-0.0111175327923229,0.0,0.0,-0.0111175327923229,0,Maximum Sharpe,SignalScope Confidence Lens,0.1,1.170463244294791,-0.0337304761655221
2022-03-15,0.0070984044865815,0.0,0.0,0.0070984044865815,0,Maximum Sharpe,SignalScope Confidence Lens,0.1,1.1787716658394722,-0.0268715042422885
2022-03-16,0.0060392637528024,0.0,0.0,0.0060392637528024,0,Maximum Sharpe,SignalScope Confidence Lens,0.1,1.185890578833807,-0.0209945245910398
2022-03-17,0.0197964000068363,0.0,0.0,0.0197964000068363,0,Maximum Sharpe,SignalScope Confidence Lens,0.1,1.2093669430967395,-0.0016137405909613
2022-03-18,0.0068242895214013,0.0,0.0,0.0068242895214013,0,Maximum Sharpe,SignalScope Confidence Lens,0.1,1.2176200132540436,0.0
2022-03-21,0.014279008942323,0.0,0.0,0.014279008942323,0,Maximum Sharpe,SignalScope Confidence Lens,0.1,1.2350064203116495,0.0
2022-03-22,0.0022633957728015,0.0,0.0,0.0022633957728015,0,Maximum Sharpe,SignalScope Confidence Lens,0.1,1.2378017286227656,0.0
2022-03-23,0.0003670746864115,0.0,0.0,0.0003670746864115,0,Maximum Sharpe,SignalScope Confidence Lens,0.1,1.2382560943041394,0.0
2022-03-24,0.018642623186168,0.0,0.0,0.018642623186168,0,Maximum Sharpe,SignalScope Confidence Lens,0.1,1.2613404360782277,0.0
2022-03-25,0.0107679631813105,0.0,0.0,0.0107679631813105,0,Maximum Sharpe,SignalScope Confidence Lens,0.1,1.274922503453016,0.0
2022-03-28,0.0025155626697328,0.0,0.0,0.0025155626697328,0,Maximum Sharpe,SignalScope Confidence Lens,0.1,1.2781296509095048,0.0
2022-03-29,0.0100419095446129,0.0,0.0,0.0100419095446129,0,Maximum Sharpe,SignalScope Confidence Lens,0.1,1.2909645132502257,0.0
2022-03-30,0.0007474035749167,0.0,0.0,0.0007474035749167,0,Maximum Sharpe,SignalScope Confidence Lens,0.1,1.2919293847425195,0.0
2022-03-31,-0.011159001993545,0.0,0.0,-0.011159001993545,0,Maximum Sharpe,SignalScope Confidence Lens,0.1,1.2775127421626582,-0.0111590019935451
2022-04-01,0.0097199954381143,0.5615755741172898,0.0005615755741172,0.009158419863997,0,Maximum Sharpe,SignalScope Confidence Lens,0.1,1.2892127402369902,-0.0021027809550679
2022-04-04,-0.0029550694176822,0.0,0.0,-0.0029550694176822,0,Maximum Sharpe,SignalScope Confidence Lens,0.1,1.2854030270954295,-0.0050516365090578
2022-04-05,-0.0033591012758721,0.0,0.0,-0.0033591012758721,0,Maximum Sharpe,SignalScope Confidence Lens,0.1,1.2810852281471037,-0.008393768826287
2022-04-06,0.0163409051391181,0.0,0.0,0.0163409051391181,0,Maximum Sharpe,SignalScope Confidence Lens,0.1,1.3020193203353807,0.0
2022-04-07,0.0126618963514746,0.0,0.0,0.0126618963514746,0,Maximum Sharpe,SignalScope Confidence Lens,0.1,1.3185053540170848,0.0
2022-04-08,0.0046553286666888,0.0,0.0,0.0046553286666888,0,Maximum Sharpe,SignalScope Confidence Lens,0.1,1.3246434297888232,0.0
2022-04-11,-0.0252494736583434,0.0,0.0,-0.0252494736583434,0,Maximum Sharpe,SignalScope Confidence Lens,0.1,1.291196880401673,-0.0252494736583434
2022-04-12,0.0046517879687364,0.0,0.0,0.0046517879687364,0,Maximum Sharpe,SignalScope Confidence Lens,0.1,1.2972032545151952,-0.0207151408873876
2022-04-13,-0.0054773556951407,0.0,0.0,-0.0054773556951407,0,Maximum Sharpe,SignalScope Confidence Lens,0.1,1.2900980108813214,-0.0260790323876132
2022-04-14,0.0063569376910189,0.0,0.0,0.0063569376910189,0,Maximum Sharpe,SignalScope Confidence Lens,0.1,1.2982990835518016,-0.0198878774805243
2022-04-18,0.0026252198695898,0.0,0.0,0.0026252198695898,0,Maximum Sharpe,SignalScope Confidence Lens,0.1,1.301707404102612,-0.0173148676620603
2022-04-19,-0.0040840484933107,0.0,0.0,-0.0040840484933107,0,Maximum Sharpe,SignalScope Confidence Lens,0.1,1.2963911679401552,-0.021328201396184
2022-04-20,0.0049714339383081,0.0,0.0,0.0049714339383081,0,Maximum Sharpe,SignalScope Confidence Lens,0.1,1.3028360909897758,-0.01646279920214
2022-04-21,-0.0182945260847872,0.0,0.0,-0.0182945260847872,0,Maximum Sharpe,SignalScope Confidence Lens,0.1,1.2790013221389611,-0.034456146177495
2022-04-22,-0.0268940537951829,0.0,0.0,-0.0268940537951829,0,Maximum Sharpe,SignalScope Confidence Lens,0.1,1.2446037917772457,-0.0604235345238058
2022-04-25,-0.0074730900994668,0.0,0.0,-0.0074730900994668,0,Maximum Sharpe,SignalScope Confidence Lens,0.1,1.2353027555031562,-0.0674450741056481
2022-04-26,-0.010325773929819,0.0,0.0,-0.010325773929819,0,Maximum Sharpe,SignalScope Confidence Lens,0.1,1.222547298514948,-0.0770744254475722
2022-04-27,0.0008780172061299,0.0,0.0,0.0008780172061299,0,Maximum Sharpe,SignalScope Confidence Lens,0.1,1.223620716078352,-0.0762640809131377
2022-04-28,0.0196685195048308,0.0,0.0,0.0196685195048308,0,Maximum Sharpe,SignalScope Confidence Lens,0.1,1.2476875239990544,-0.0580955629712648
2022-04-29,-0.0531706622871686,0.0,0.0,-0.0531706622871686,0,Maximum Sharpe,SignalScope Confidence Lens,0.1,1.1813471520205872,-0.1081772456993053
2022-05-02,-0.0124015105175599,0.9431439986439952,0.0009431439986439,-0.0133446545162039,0,Maximum Sharpe,SignalScope Confidence Lens,0.1,1.165582482413171,-0.1200783122451374
2022-05-03,0.0089371424631813,0.0,0.0,0.0089371424631813,0,Maximum Sharpe,SignalScope Confidence Lens,0.1,1.175999459111086,-0.1122143267652293
2022-05-04,0.0182456609537123,0.0,0.0,0.0182456609537123,0,Maximum Sharpe,SignalScope Confidence Lens,0.1,1.197456346523776,-0.0960160903718245
2022-05-05,-0.0234345788493886,0.0,0.0,-0.0234345788493886,0,Maximum Sharpe,SignalScope Confidence Lens,0.1,1.1693944613524638,-0.1172005725805844
2022-05-06,0.000393328860338,0.0,0.0,0.000393328860338,0,Maximum Sharpe,SignalScope Confidence Lens,0.1,1.1698544179432333,-0.1168533420878904
2022-05-09,-0.0534294999127479,0.0,0.0,-0.0534294999127479,0,Maximum Sharpe,SignalScope Confidence Lens,0.1,1.1073496814218071,-0.1640394263697493
2022-05-10,-0.0079160281357642,0.0,0.0,-0.0079160281357642,0,Maximum Sharpe,SignalScope Confidence Lens,0.1,1.0985838701875428,-0.170656913790996
2022-05-11,-0.0009630907236526,0.0,0.0,-0.0009630907236526,0,Maximum Sharpe,SignalScope Confidence Lens,0.1,1.0975258342530108,-0.1714556464240493
2022-05-12,0.0058355304958429,0.0,0.0,0.0058355304958429,0,Maximum Sharpe,SignalScope Confidence Lens,0.1,1.1039304797287697,-0.1666206505815985
2022-05-13,0.0164010367548522,0.0,0.0,0.0164010367548522,0,Maximum Sharpe,SignalScope Confidence Lens,0.1,1.1220360841016026,-0.1529523652410525
2022-05-16,0.0049291615183299,0.0,0.0,0.0049291615183299,0,Maximum Sharpe,SignalScope Confidence Lens,0.1,1.127566781189534,-0.1487771306356061
2022-05-17,0.0079181937093007,0.0,0.0,0.0079181937093007,0,Maximum Sharpe,SignalScope Confidence Lens,0.1,1.1364950733831654,-0.1420369830661921
2022-05-18,-0.0314103000954355,0.0,0.0,-0.0314103000954355,0,Maximum Sharpe,SignalScope Confidence Lens,0.1,1.100797422071216,-0.1689858588988684
2022-05-19,0.0007733768455169,0.0,0.0,0.0007733768455169,0,Maximum Sharpe,SignalScope Confidence Lens,0.1,1.1016487533090509,-0.1683431718038436
2022-05-20,0.0021029169813274,0.0,0.0,0.0021029169813274,0,Maximum Sharpe,SignalScope Confidence Lens,0.1,1.1039654291798426,-0.1665942665371929
2022-05-23,0.0158457165936967,0.0,0.0,0.0158457165936967,0,Maximum Sharpe,SignalScope Confidence Lens,0.1,1.1214585524998653,-0.1533883554771792
2022-05-24,0.0029685907572207,0.0,0.0,0.0029685907572207,0,Maximum Sharpe,SignalScope Confidence Lens,0.1,1.1247877039934226,-0.1508751119742932
2022-05-25,0.0109906683560538,0.0,0.0,0.0109906683560538,0,Maximum Sharpe,SignalScope Confidence Lens,0.1,1.1371498726189817,-0.1415426619371312
2022-05-26,0.0095274807189448,0.0,0.0,0.0095274807189448,0,Maximum Sharpe,SignalScope Confidence Lens,0.1,1.1479840461049096,-0.1333637262007007
2022-05-27,0.0189305832789107,0.0,0.0,0.0189305832789107,0,Maximum Sharpe,SignalScope Confidence Lens,0.1,1.1697160536925597,-0.116957796047018
2022-05-31,-0.0156070582726811,0.0,0.0,-0.0156070582726811,0,Maximum Sharpe,SignalScope Confidence Lens,0.1,1.151460227080089,-0.1307394871813491
2022-06-01,0.001218132002829,1.1349512218992033,0.0011349512218992,8.318078092985721e-05,0,Maximum Sharpe,SignalScope Confidence Lens,0.1,1.151556006440987,-0.1306671814130613
2022-06-02,0.001758042230204,0.0,0.0,0.001758042230204,0,Maximum Sharpe,SignalScope Confidence Lens,0.1,1.1535804905307556,-0.1291388576058831
2022-06-03,0.0024038464191345,0.0,0.0,0.0024038464191345,0,Maximum Sharpe,SignalScope Confidence Lens,0.1,1.1563535208621014,-0.1270454411671757
2022-06-06,-0.0029950098437977,0.0,0.0,-0.0029950098437977,0,Maximum Sharpe,SignalScope Confidence Lens,0.1,1.1528902306842093,-0.1296599486640681
2022-06-07,0.0133973028792213,0.0,0.0,0.0133973028792213,0,Maximum Sharpe,SignalScope Confidence Lens,0.1,1.168335850291181,-0.1179997393884036
2022-06-08,-0.00769543978922,0.0,0.0,-0.00769543978922,0,Maximum Sharpe,SignalScope Confidence Lens,0.1,1.159344992101678,-0.1247871192880166
2022-06-09,-0.0249999553868951,0.0,0.0,-0.0249999553868951,0,Maximum Sharpe,SignalScope Confidence Lens,0.1,1.1303614190211155,-0.1466674022598522
2022-06-10,-0.0126629548317853,0.0,0.0,-0.0126629548317853,0,Maximum Sharpe,SignalScope Confidence Lens,0.1,1.1160477034284584,-0.1574731144015257
2022-06-13,-0.0427972031405047,0.0,0.0,-0.0427972031405047,0,Maximum Sharpe,SignalScope Confidence Lens,0.1,1.0682839831503368,-0.1935309086758205
2022-06-14,-0.0073905270524205,0.0,0.0,-0.0073905270524205,0,Maximum Sharpe,SignalScope Confidence Lens,0.1,1.0603888014731968,-0.1994911403121927
2022-06-15,-0.0056301941063703,0.0,0.0,-0.0056301941063703,0,Maximum Sharpe,SignalScope Confidence Lens,0.1,1.0544186066926813,-0.2039981605761043
2022-06-16,-0.0230025836943127,0.0,0.0,-0.0230025836943127,0,Maximum Sharpe,SignalScope Confidence Lens,0.1,1.0301642544433922,-0.2223082595082793
2022-06-17,-0.0210612713141758,0.0,0.0,-0.0210612713141758,0,Maximum Sharpe,SignalScope Confidence Lens,0.1,1.0084676855823942,-0.2386874362535692
2022-06-21,0.0356724899871585,0.0,0.0,0.0356724899871585,0,Maximum Sharpe,SignalScope Confidence Lens,0.1,1.0444422389987051,-0.2115295214462266
2022-06-22,-0.0058389176160934,0.0,0.0,-0.0058389176160934,0,Maximum Sharpe,SignalScope Confidence Lens,0.1,1.0383438268104237,-0.2161333356132239
2022-06-23,0.0018791248648483,0.0,0.0,0.0018791248648483,0,Maximum Sharpe,SignalScope Confidence Lens,0.1,1.0402950045136443,-0.2146603522734491
2022-06-24,0.0181400566564664,0.0,0.0,0.0181400566564664,0,Maximum Sharpe,SignalScope Confidence Lens,0.1,1.059166014834961,-0.2004142465691201
2022-06-27,0.0124483195159641,0.0,0.0,0.0124483195159641,0,Maximum Sharpe,SignalScope Confidence Lens,0.1,1.072350851808077,-0.1904607476299995
2022-06-28,0.0027967918144853,0.0,0.0,0.0027967918144853,0,Maximum Sharpe,SignalScope Confidence Lens,0.1,1.0753499938926705,-0.1881966348754665
2022-06-29,-0.007277978243141,0.0,0.0,-0.007277978243141,0,Maximum Sharpe,SignalScope Confidence Lens,0.1,1.0675236200333575,-0.1941049221045516
2022-06-30,-0.0062800155513862,0.0,0.0,-0.0062800155513862,0,Maximum Sharpe,SignalScope Confidence Lens,0.1,1.060819555098076,-0.1991659557265207
2022-07-01,0.0137782967441592,0.7948572359038739,0.0007948572359038,0.0129834395082554,0,Maximum Sharpe,SignalScope Confidence Lens,0.1,1.074592641620866,-0.1887683753565445
2022-07-05,-0.0132633872532266,0.0,0.0,-0.0132633872532266,0,Maximum Sharpe,SignalScope Confidence Lens,0.1,1.0603399032755807,-0.1995280545462548
2022-07-06,-0.003255923222639,0.0,0.0,-0.003255923222639,0,Maximum Sharpe,SignalScope Confidence Lens,0.1,1.056887517960615,-0.2021343297425287
2022-07-07,0.004025219305403,0.0,0.0,0.004025219305403,0,Maximum Sharpe,SignalScope Confidence Lens,0.1,1.0611417220015495,-0.1989227454434901
2022-07-08,0.0002980095492291,0.0,0.0,0.0002980095492291,0,Maximum Sharpe,SignalScope Confidence Lens,0.1,1.0614579523677914,-0.198684016771962
2022-07-11,0.0003974020622274,0.0,0.0,0.0003974020622274,0,Maximum Sharpe,SignalScope Confidence Lens,0.1,1.06187977794703,-0.1983655721477313
2022-07-12,-0.008103517148742,0.0,0.0,-0.008103517148742,0,Maximum Sharpe,SignalScope Confidence Lens,0.1,1.0532748169565338,-0.2048616304808543
2022-07-13,-0.0032077854599238,0.0,0.0,-0.0032077854599238,0,Maximum Sharpe,SignalScope Confidence Lens,0.1,1.0498961373133966,-0.2074122637812254
2022-07-14,-0.0019761741393415,0.0,0.0,-0.0019761741393415,0,Maximum Sharpe,SignalScope Confidence Lens,0.1,1.0478213597178432,-0.2089785551687003
2022-07-15,0.0161991736360393,0.0,0.0,0.0161991736360393,0,Maximum Sharpe,SignalScope Confidence Lens,0.1,1.0647951998634635,-0.1961646614340473
2022-07-18,-0.0116547385354518,0.0,0.0,-0.0116547385354518,0,Maximum Sharpe,SignalScope Confidence Lens,0.1,1.0523852902152506,-0.2055331521305898
2022-07-19,0.0105243557646381,0.0,0.0,0.0105243557646381,0,Maximum Sharpe,SignalScope Confidence Lens,0.1,1.063460967410948,-0.1971719003804015
2022-07-20,-0.0078842919222033,0.0,0.0,-0.0078842919222033,0,Maximum Sharpe,SignalScope Confidence Lens,0.1,1.0550763306960111,-0.2035016314811503
2022-07-21,-0.0035905777738004,0.0,0.0,-0.0035905777738004,0,Maximum Sharpe,SignalScope Confidence Lens,0.1,1.051287997073351,-0.2063615208200224
2022-07-22,0.0034630411026355,0.0,0.0,0.0034630411026355,0,Maximum Sharpe,SignalScope Confidence Lens,0.1,1.0549286506179234,-0.203613118145989
2022-07-25,0.0179310179022975,0.0,0.0,0.0179310179022975,0,Maximum Sharpe,SignalScope Confidence Lens,0.1,1.0738445951378,-0.1893330907103099
2022-07-26,0.0007800106475461,0.0,0.0,0.0007800106475461,0,Maximum Sharpe,SignalScope Confidence Lens,0.1,1.0746822053558174,-0.1887007618894505
2022-07-27,0.0026494291193817,0.0,0.0,0.0026494291193817,0,Maximum Sharpe,SignalScope Confidence Lens,0.1,1.0775294996847684,-0.1865512820634682
2022-07-28,0.0050145124056441,0.0,0.0,0.0050145124056441,0,Maximum Sharpe,SignalScope Confidence Lens,0.1,1.0829327847283854,-0.18247223337602
2022-07-29,-0.0004648247707075,0.0,0.0,-0.0004648247707075,0,Maximum Sharpe,SignalScope Confidence Lens,0.1,1.0824294107450323,-0.1828522405326881
2022-08-01,-0.01225649234678,0.5827621838014081,0.0005827621838014,-0.0128392545305814,0,Maximum Sharpe,SignalScope Confidence Lens,0.1,1.0685318240290895,-0.1933438086055833
2022-08-02,-0.0061077125241661,0.0,0.0,-0.0061077125241661,0,Maximum Sharpe,SignalScope Confidence Lens,0.1,1.062005538824997,-0.1982706327284592
2022-08-03,-0.0099801744470059,0.0,0.0,-0.0099801744470059,0,Maximum Sharpe,SignalScope Confidence Lens,0.1,1.051406538283837,-0.2062720316731169
2022-08-04,-0.017107703087636,0.0,0.0,-0.017107703087636,0,Maximum Sharpe,SignalScope Confidence Lens,0.1,1.0334193874024775,-0.2198508940876058
2022-08-05,0.0051144540082599,0.0,0.0,0.0051144540082599,0,Maximum Sharpe,SignalScope Confidence Lens,0.1,1.038704763330592,-0.2158608573658317
2022-08-08,0.0066406262121087,0.0,0.0,0.0066406262121087,0,Maximum Sharpe,SignalScope Confidence Lens,0.1,1.0456024134086073,-0.2106536824213147
2022-08-09,0.0150374020528376,0.0,0.0,0.0150374020528376,0,Maximum Sharpe,SignalScope Confidence Lens,0.1,1.06132555728645,-0.1987839644849571
2022-08-10,0.0033217614898935,0.0,0.0,0.0033217614898935,0,Maximum Sharpe,SignalScope Confidence Lens,0.1,1.0648510276508838,-0.1961225159130981
2022-08-11,0.0136422633829785,0.0,0.0,0.0136422633829785,0,Maximum Sharpe,SignalScope Confidence Lens,0.1,1.0793780058337323,-0.1851558075475387
2022-08-12,0.0061827343371694,0.0,0.0,0.0061827343371694,0,Maximum Sharpe,SignalScope Confidence Lens,0.1,1.086051513293186,-0.1801178423794197
2022-08-15,-0.0079181748435078,0.0,0.0,-0.0079181748435078,0,Maximum Sharpe,SignalScope Confidence Lens,0.1,1.0774519675218743,-0.1866098126545319
2022-08-16,0.000387745160099,0.0,0.0,0.000387745160099,0,Maximum Sharpe,SignalScope Confidence Lens,0.1,1.0778697443075205,-0.1862944245461165
2022-08-17,-0.0006671923247748,0.0,0.0,-0.0006671923247748,0,Maximum Sharpe,SignalScope Confidence Lens,0.1,1.0771505978870113,-0.1868373226606858
2022-08-18,0.0114978831978649,0.0,0.0,0.0114978831978649,0,Maximum Sharpe,SignalScope Confidence Lens,0.1,1.0895355496480266,-0.1774876731757753
2022-08-19,0.0181483594872243,0.0,0.0,0.0181483594872243,0,Maximum Sharpe,SignalScope Confidence Lens,0.1,1.1093088324771494,-0.1625604237858959
2022-08-22,-0.0140630831563424,0.0,0.0,-0.0140630831563424,0,Maximum Sharpe,SignalScope Confidence Lens,0.1,1.093708530119958,-0.1743374061846071
2022-08-23,0.0161573740154639,0.0,0.0,0.0161573740154639,0,Maximum Sharpe,SignalScope Confidence Lens,0.1,1.1113799879050097,-0.1609968668457537
2022-08-24,0.0029895847206451,0.0,0.0,0.0029895847206451,0,Maximum Sharpe,SignalScope Confidence Lens,0.1,1.114702552535681,-0.1584885958983024
2022-08-25,0.0051513407287429,0.0,0.0,0.0051513407287429,0,Maximum Sharpe,SignalScope Confidence Lens,0.1,1.1204447651949918,-0.1541536839286517
2022-08-26,-0.0131563861709535,0.0,0.0,-0.0131563861709535,0,Maximum Sharpe,SignalScope Confidence Lens,0.1,1.105703761180863,-0.1652819647041647
2022-08-29,0.0056643016802501,0.0,0.0,0.0056643016802501,0,Maximum Sharpe,SignalScope Confidence Lens,0.1,1.111966800853179,-0.1605538699343034
2022-08-30,-0.018861108833606,0.0,0.0,-0.018861108833606,0,Maximum Sharpe,SignalScope Confidence Lens,0.1,1.0909938740029304,-0.1763867547534219
2022-08-31,-0.011091729733627,0.0,0.0,-0.011091729733627,0,Maximum Sharpe,SignalScope Confidence Lens,0.1,1.078892864811447,-0.1855220502747324
2022-09-01,-0.0011180970671891,0.5518324975916188,0.0005518324975916,-0.0016699295647808,0,Maximum Sharpe,SignalScope Confidence Lens,0.1,1.0770911897192674,-0.1868821710828407
2022-09-02,-0.0001624781186834,0.0,0.0,-0.0001624781186834,0,Maximum Sharpe,SignalScope Confidence Lens,0.1,1.0769161859691112,-0.1870142849379512
2022-09-06,-0.0080159191833024,0.0,0.0,-0.0080159191833024,0,Maximum Sharpe,SignalScope Confidence Lens,0.1,1.0682837128551923,-0.193531112727068
2022-09-07,0.0019065141980664,0.0,0.0,0.0019065141980664,0,Maximum Sharpe,SignalScope Confidence Lens,0.1,1.0703204109213142,-0.1919935683431831
2022-09-08,-0.0009501258418072,0.0,0.0,-0.0009501258418072,0,Maximum Sharpe,SignalScope Confidence Lens,0.1,1.0693034718398842,-0.1927612761342467
2022-09-09,0.012110460429081,0.0,0.0,0.012110460429081,0,Maximum Sharpe,SignalScope Confidence Lens,0.1,1.0822532292222802,-0.1829852435120486
2022-09-12,0.0096520669533576,0.0,0.0,0.0096520669533576,0,Maximum Sharpe,SignalScope Confidence Lens,0.1,1.0926992098512212,-0.1750993623805457
2022-09-13,-0.0236471946485115,0.0,0.0,-0.0236471946485115,0,Maximum Sharpe,SignalScope Confidence Lens,0.1,1.0668599389435944,-0.1946059483240143
2022-09-14,0.021116624743081,0.0,0.0,0.021116624743081,0,Maximum Sharpe,SignalScope Confidence Lens,0.1,1.0893884199276926,-0.1775987443644628
2022-09-15,-0.0205659367094101,0.0,0.0,-0.0205659367094101,0,Maximum Sharpe,SignalScope Confidence Lens,0.1,1.0669841266314954,-0.1945121965376027
2022-09-16,-0.0065153206472524,0.0,0.0,-0.0065153206472524,0,Maximum Sharpe,SignalScope Confidence Lens,0.1,1.0600323829209626,-0.1997602078546113
2022-09-19,0.0047007862732301,0.0,0.0,0.0047007862732301,0,Maximum Sharpe,SignalScope Confidence Lens,0.1,1.065015368595777,-0.1959984516244016
2022-09-20,-0.009046829152736,0.0,0.0,-0.009046829152736,0,Maximum Sharpe,SignalScope Confidence Lens,0.1,1.0553803565110529,-0.2032721162710908
2022-09-21,-0.0154154420674062,0.0,0.0,-0.0154154420674062,0,Maximum Sharpe,SignalScope Confidence Lens,0.1,1.039111201766178,-0.2155540288062011
2022-09-22,-0.0015715303659802,0.0,0.0,-0.0015715303659802,0,Maximum Sharpe,SignalScope Confidence Lens,0.1,1.0374782069589723,-0.216786809470403
2022-09-23,-0.0341194588610283,0.0,0.0,-0.0341194588610283,0,Maximum Sharpe,SignalScope Confidence Lens,0.1,1.002080011957422,-0.2435096197040925
2022-09-26,-0.0188393259090537,0.0,0.0,-0.0188393259090537,0,Maximum Sharpe,SignalScope Confidence Lens,0.1,0.9832015000252076,-0.2577613885255512
2022-09-27,-0.0032552210727465,0.0,0.0,-0.0032552210727465,0,Maximum Sharpe,SignalScope Confidence Lens,0.1,0.9800009617835695,-0.2601775392946289
2022-09-28,0.0287953201138857,0.0,0.0,0.0287953201138857,0,Maximum Sharpe,SignalScope Confidence Lens,0.1,1.0082204031900432,-0.2388741147111752
2022-09-29,-0.0148691589891482,0.0,0.0,-0.0148691589891482,0,Maximum Sharpe,SignalScope Confidence Lens,0.1,0.9932290137189071,-0.2501914165102911
2022-09-30,-0.017489315247609,0.0,0.0,-0.017489315247609,0,Maximum Sharpe,SignalScope Confidence Lens,0.1,0.9758581183849054,-0.2633050552023058
2022-10-03,0.0376369866377396,0.9653603023014392,0.0009653603023014,0.0366716263354382,0,Maximum Sharpe,SignalScope Confidence Lens,0.1,1.011644422658721,-0.2362892534634784
2022-10-04,0.0294273980792339,0.0,0.0,0.0294273980792339,0,Maximum Sharpe,SignalScope Confidence Lens,0.1,1.0414144857989356,-0.2138152333077592
2022-10-05,0.01234335293192,0.0,0.0,0.01234335293192,0,Maximum Sharpe,SignalScope Confidence Lens,0.1,1.054269032345566,-0.2041110772627776
2022-10-06,0.0016489572820529,0.0,0.0,0.0016489572820529,0,Maximum Sharpe,SignalScope Confidence Lens,0.1,1.056007476943695,-0.2027986904279249
2022-10-07,-0.0098697227856672,0.0,0.0,-0.0098697227856672,0,Maximum Sharpe,SignalScope Confidence Lens,0.1,1.0455849758866689,-0.2106668463577723
2022-10-10,-0.017679952932169,0.0,0.0,-0.017679952932169,0,Maximum Sharpe,SignalScope Confidence Lens,0.1,1.0270990827264093,-0.2246222193619674
2022-10-11,0.0060086748097833,0.0,0.0,0.0060086748097833,0,Maximum Sharpe,SignalScope Confidence Lens,0.1,1.033270587111939,-0.2199632264233819
2022-10-12,-0.0017342793338622,0.0,0.0,-0.0017342793338622,0,Maximum Sharpe,SignalScope Confidence Lens,0.1,1.031478607286423,-0.2213160280794485
2022-10-13,0.0370560117041787,0.0,0.0,0.0370560117041787,0,Maximum Sharpe,SignalScope Confidence Lens,0.1,1.0697010906306388,-0.192461105702104
2022-10-14,-0.0107772748450345,0.0,0.0,-0.0107772748450345,0,Maximum Sharpe,SignalScope Confidence Lens,0.1,1.058172627974879,-0.2011641743140079
2022-10-17,0.0104715964087346,0.0,0.0,0.0104715964087346,0,Maximum Sharpe,SignalScope Confidence Lens,0.1,1.0692533846658023,-0.1927990879505857
2022-10-18,0.004092562323668,0.0,0.0,0.004092562323668,0,Maximum Sharpe,SignalScope Confidence Lens,0.1,1.07362937078234,-0.1894955679103018
2022-10-19,0.00278625878782,0.0,0.0,0.00278625878782,0,Maximum Sharpe,SignalScope Confidence Lens,0.1,1.0766207800515442,-0.1872372928138248
2022-10-20,0.0011650207370301,0.0,0.0,0.0011650207370301,0,Maximum Sharpe,SignalScope Confidence Lens,0.1,1.0778750655862217,-0.1862904074056681
2022-10-21,0.029107723182077,0.0,0.0,0.029107723182077,0,Maximum Sharpe,SignalScope Confidence Lens,0.1,1.1092495546201686,-0.1626051738338316
2022-10-24,0.0128598159342631,0.0,0.0,0.0128598159342631,0,Maximum Sharpe,SignalScope Confidence Lens,0.1,1.1235142997177472,-0.1518364305050306
2022-10-25,-0.0008907437402628,0.0,0.0,-0.0008907437402628,0,Maximum Sharpe,SignalScope Confidence Lens,0.1,1.122513536388178,-0.1525919268952771
2022-10-26,0.0165194818996123,0.0,0.0,0.0165194818996123,0,Maximum Sharpe,SignalScope Confidence Lens,0.1,1.1410568784346125,-0.1385931845700381
2022-10-27,0.0026473422227688,0.0,0.0,0.0026473422227688,0,Maximum Sharpe,SignalScope Confidence Lens,0.1,1.1440776464874731,-0.1363127459365695
2022-10-28,-0.0157279516113858,0.0,0.0,-0.0157279516113858,0,Maximum Sharpe,SignalScope Confidence Lens,0.1,1.12608364862385,-0.1498967772758498
2022-10-31,-0.0008219365326579,0.0,0.0,-0.0008219365326579,0,Maximum Sharpe,SignalScope Confidence Lens,0.1,1.1251580793342175,-0.1505955081711369
2022-11-01,0.0081177032276842,1.2363241550198714,0.0012363241550198,0.0068813790726644,0,Maximum Sharpe,SignalScope Confidence Lens,0.1,1.1329007185947877,-0.1447504338768386
2022-11-02,-0.0180467990123337,0.0,0.0,-0.0180467990123337,0,Maximum Sharpe,SignalScope Confidence Lens,0.1,1.1124554870253789,-0.1601849509020488
2022-11-03,0.0022473579172056,0.0,0.0,0.0022473579172056,0,Maximum Sharpe,SignalScope Confidence Lens,0.1,1.1149555726716844,-0.15829758590247
2022-11-04,0.0109981977315043,0.0,0.0,0.0109981977315043,0,Maximum Sharpe,SignalScope Confidence Lens,0.1,1.1272180745217704,-0.1490403763211407
2022-11-07,0.0225122951044142,0.0,0.0,0.0225122951044142,0,Maximum Sharpe,SignalScope Confidence Lens,0.1,1.152594340462434,-0.1298833221509411
2022-11-08,0.0202657722177879,0.0,0.0,0.0202657722177879,0,Maximum Sharpe,SignalScope Confidence Lens,0.1,1.175952554825757,-0.1122497357547538
2022-11-09,-0.0278192433465353,0.0,0.0,-0.0278192433465353,0,Maximum Sharpe,SignalScope Confidence Lens,0.1,1.1432384445390793,-0.1369462763867434
2022-11-10,0.0132226731379514,0.0,0.0,0.0132226731379514,0,Maximum Sharpe,SignalScope Confidence Lens,0.1,1.1583551128099596,-0.1255343990989134
2022-11-11,0.0074392949138213,0.0,0.0,0.0074392949138213,0,Maximum Sharpe,SignalScope Confidence Lens,0.1,1.1669724581090857,-0.1190289916018182
2022-11-14,0.001790339022721,0.0,0.0,0.001790339022721,0,Maximum Sharpe,SignalScope Confidence Lens,0.1,1.169061734439279,-0.117451754827597
2022-11-15,0.0031356911762624,0.0,0.0,0.0031356911762624,0,Maximum Sharpe,SignalScope Confidence Lens,0.1,1.1727275510044664,-0.1146843560825841
2022-11-16,-0.0059057303808701,0.0,0.0,-0.0059057303808701,0,Maximum Sharpe,SignalScope Confidence Lens,0.1,1.165801738278016,-0.1199127915775266
2022-11-17,0.0052550974529859,0.0,0.0,0.0052550974529859,0,Maximum Sharpe,SignalScope Confidence Lens,0.1,1.1719281400235273,-0.1152878475301403
2022-11-18,0.0004161311250153,0.0,0.0,0.0004161311250153,0,Maximum Sharpe,SignalScope Confidence Lens,0.1,1.1724158157988729,-0.1149196912668181
2022-11-21,-0.0016482066995524,0.0,0.0,-0.0016482066995524,0,Maximum Sharpe,SignalScope Confidence Lens,0.1,1.1704834321966118,-0.116378486561314
2022-11-22,0.015543872269145,0.0,0.0,0.015543872269145,0,Maximum Sharpe,SignalScope Confidence Lens,0.1,1.1886772771598264,-0.1026435866221544
2022-11-23,-0.0093493462083471,0.0,0.0,-0.0093493462083471,0,Maximum Sharpe,SignalScope Confidence Lens,0.1,1.1775639217656635,-0.1110332824031046
2022-11-25,-0.0011247983368591,0.0,0.0,-0.0011247983368591,0,Maximum Sharpe,SignalScope Confidence Lens,0.1,1.1762393998249163,-0.1120331906885807
2022-11-28,-0.0154692901472732,0.0,0.0,-0.0154692901472732,0,Maximum Sharpe,SignalScope Confidence Lens,0.1,1.15804381126637,-0.1257694069029676
2022-11-29,0.0031216577756842,0.0,0.0,0.0031216577756842,0,Maximum Sharpe,SignalScope Confidence Lens,0.1,1.1616588277343929,-0.1230403581742852
2022-11-30,0.0133222393238069,0.0,0.0,0.0133222393238069,0,Maximum Sharpe,SignalScope Confidence Lens,0.1,1.1771347246500834,-0.111357291948563
2022-12-01,-0.0030202367612091,0.7982785092079541,0.0007982785092079,-0.0038185152704171,0,Maximum Sharpe,SignalScope Confidence Lens,0.1,1.1726398177286688,-0.1147505876992023
2022-12-02,-0.0009308647543047,0.0,0.0,-0.0009308647543047,0,Maximum Sharpe,SignalScope Confidence Lens,0.1,1.1715482486528508,-0.115574635175882
2022-12-05,-0.0080329643523139,0.0,0.0,-0.0080329643523139,0,Maximum Sharpe,SignalScope Confidence Lens,0.1,1.1621372433344066,-0.1226791926037964
2022-12-06,-0.0133550798229494,0.0,0.0,-0.0133550798229494,0,Maximum Sharpe,SignalScope Confidence Lens,0.1,1.1466168076844532,-0.1343958820169072
2022-12-07,0.0062930732050871,0.0,0.0,0.0062930732050871,0,Maximum Sharpe,SignalScope Confidence Lens,0.1,1.153832551193395,-0.1289485719358146
2022-12-08,0.0028283441251433,0.0,0.0,0.0028283441251433,0,Maximum Sharpe,SignalScope Confidence Lens,0.1,1.1570959867109618,-0.1264849387465516
2022-12-09,-0.0179248837011241,0.0,0.0,-0.0179248837011241,0,Maximum Sharpe,SignalScope Confidence Lens,0.1,1.1363551757181305,-0.1421425946307001
2022-12-12,0.0061871201629419,0.0,0.0,0.0061871201629419,0,Maximum Sharpe,SignalScope Confidence Lens,0.1,1.1433859417380794,-0.1368349277810105
2022-12-13,0.0042000620296271,0.0,0.0,0.0042000620296271,0,Maximum Sharpe,SignalScope Confidence Lens,0.1,1.1481882336171831,-0.1332095809358831
2022-12-14,0.0018995330530238,0.0,0.0,0.0018995330530238,0,Maximum Sharpe,SignalScope Confidence Lens,0.1,1.150369255118032,-0.1315630838848265
2022-12-15,-0.0149540674368033,0.0,0.0,-0.0149540674368033,0,Maximum Sharpe,SignalScope Confidence Lens,0.1,1.1331665556997716,-0.1445497480930223
2022-12-16,-0.002912204096943,0.0,0.0,-0.002912204096943,0,Maximum Sharpe,SignalScope Confidence Lens,0.1,1.129866543413744,-0.1470409938213567
2022-12-19,1.5938780052799435e-05,0.0,0.0,1.5938780052799435e-05,0,Maximum Sharpe,SignalScope Confidence Lens,0.1,1.1298845521080687,-0.147027398695363
2022-12-20,0.0019201982720449,0.0,0.0,0.0019201982720449,0,Maximum Sharpe,SignalScope Confidence Lens,0.1,1.1320541544726368,-0.1453895221802362
2022-12-21,0.0113788228440175,0.0,0.0,0.0113788228440175,0,Maximum Sharpe,SignalScope Confidence Lens,0.1,1.1449355981462148,-0.1356650609524842
2022-12-22,-0.0066669567531047,0.0,0.0,-0.0066669567531047,0,Maximum Sharpe,SignalScope Confidence Lens,0.1,1.1373023620282838,-0.1414275446113114
2022-12-23,0.0084664166604523,0.0,0.0,0.0084664166604523,0,Maximum Sharpe,SignalScope Confidence Lens,0.1,1.146931237694132,-0.134158512470803
2022-12-27,0.0034584793887866,0.0,0.0,0.0034584793887866,0,Maximum Sharpe,SignalScope Confidence Lens,0.1,1.1508978757400528,-0.1311640175322269
2022-12-28,-0.0121006417985931,0.0,0.0,-0.0121006417985931,0,Maximum Sharpe,SignalScope Confidence Lens,0.1,1.1369712727989607,-0.1416774905377982
2022-12-29,0.0027018118772506,0.0,0.0,0.0027018118772506,0,Maximum Sharpe,SignalScope Confidence Lens,0.1,1.1400431552879016,-0.1393584645872216
2022-12-30,0.0024312274904347,0.0,0.0,0.0024312274904347,0,Maximum Sharpe,SignalScope Confidence Lens,0.1,1.1428148595473195,-0.1372660492269162
2023-01-03,-0.0109837279846841,0.6542401240181506,0.0006542401240181,-0.0116379681087023,0,Maximum Sharpe,SignalScope Confidence Lens,0.1,1.1295148166577569,-0.1473065194323081
2023-01-04,0.0063530212215004,0.0,0.0,0.0063530212215004,0,Maximum Sharpe,SignalScope Confidence Lens,0.1,1.1366906482579826,-0.1418893396548264
2023-01-05,0.0164214702990138,0.0,0.0,0.0164214702990138,0,Maximum Sharpe,SignalScope Confidence Lens,0.1,1.155356779977518,-0.1277979009327009
2023-01-06,0.0128295557886088,0.0,0.0,0.0128295557886088,0,Maximum Sharpe,SignalScope Confidence Lens,0.1,1.170179494241987,-0.1166079354437753
2023-01-09,-0.02885754757038,0.0,0.0,-0.02885754757038,0,Maximum Sharpe,SignalScope Confidence Lens,0.1,1.1364109838210157,-0.1421004639700028
2023-01-10,0.0068220873154154,0.0,0.0,0.0068220873154154,0,Maximum Sharpe,SignalScope Confidence Lens,0.1,1.1441636787788396,-0.1362477984273519
2023-01-11,0.0043317932091074,0.0,0.0,0.0043317932091074,0,Maximum Sharpe,SignalScope Confidence Lens,0.1,1.149119959232681,-0.1325062025062279
2023-01-12,0.0104623652169151,0.0,0.0,0.0104623652169151,0,Maximum Sharpe,SignalScope Confidence Lens,0.1,1.16114247192422,-0.1234301655734394
2023-01-13,0.0019545376863603,0.0,0.0,0.0019545376863603,0,Maximum Sharpe,SignalScope Confidence Lens,0.1,1.1634119686448294,-0.1217168767973261
2023-01-17,-0.0114592793863463,0.0,0.0,-0.0114592793863463,0,Maximum Sharpe,SignalScope Confidence Lens,0.1,1.150080105854709,-0.1317813684864185
2023-01-18,-0.0156178786324511,0.0,0.0,-0.0156178786324511,0,Maximum Sharpe,SignalScope Confidence Lens,0.1,1.1321182943438737,-0.1453411016998304
2023-01-19,0.0095395096814655,0.0,0.0,0.0095395096814655,0,Maximum Sharpe,SignalScope Confidence Lens,0.1,1.1429181477733314,-0.1371880748651451
2023-01-20,0.0069200378947315,0.0,0.0,0.0069200378947315,0,Maximum Sharpe,SignalScope Confidence Lens,0.1,1.1508271846664997,-0.1312173836471856
2023-01-23,-0.0025144998817795,0.0,0.0,-0.0025144998817795,0,Maximum Sharpe,SignalScope Confidence Lens,0.1,1.1479334298467068,-0.1334019374332969
2023-01-24,-0.0081897005408405,0.0,0.0,-0.0081897005408405,0,Maximum Sharpe,SignalScope Confidence Lens,0.1,1.1385321988154422,-0.1404991160549908
2023-01-25,-0.0011956027317482,0.0,0.0,-0.0011956027317482,0,Maximum Sharpe,SignalScope Confidence Lens,0.1,1.1371709666083551,-0.1415267376597755
2023-01-26,0.0043851803974042,0.0,0.0,0.0043851803974042,0,Maximum Sharpe,SignalScope Confidence Lens,0.1,1.1421576664396234,-0.1377621775380655
2023-01-27,-0.014299820740933,0.0,0.0,-0.014299820740933,0,Maximum Sharpe,SignalScope Confidence Lens,0.1,1.1258250165516543,-0.1500920238353236
2023-01-30,-0.0041208474101329,0.0,0.0,-0.0041208474101329,0,Maximum Sharpe,SignalScope Confidence Lens,0.1,1.1211856634479345,-0.1535943649177532
2023-01-31,0.0144029179146308,0.0,0.0,0.0144029179146308,0,Maximum Sharpe,SignalScope Confidence Lens,0.1,1.1373340085256358,-0.1414036540331827
2023-02-01,-3.728230964263578e-05,0.5560341778451282,0.0005560341778451,-0.0005933164874877,0,Maximum Sharpe,SignalScope Confidence Lens,0.1,1.136659209506597,-0.1419130734013416
2023-02-02,-0.0258047988837516,0.0,0.0,-0.0258047988837516,0,Maximum Sharpe,SignalScope Confidence Lens,0.1,1.1073279472059152,-0.1640558339669965
2023-02-03,-0.0025822695549597,0.0,0.0,-0.0025822695549597,0,Maximum Sharpe,SignalScope Confidence Lens,0.1,1.104468527960489,-0.1662144671365897
2023-02-06,-0.0009879785493792,0.0,0.0,-0.0009879785493792,0,Maximum Sharpe,SignalScope Confidence Lens,0.1,1.1033773367464,-0.1670382293578415
2023-02-07,0.0152855811287118,0.0,0.0,0.0152855811287118,0,Maximum Sharpe,SignalScope Confidence Lens,0.1,1.120243100542819,-0.1543059246355753
2023-02-08,0.0019127220334317,0.0,0.0,0.0019127220334317,0,Maximum Sharpe,SignalScope Confidence Lens,0.1,1.1223858142040273,-0.152688346944083
2023-02-09,-0.0025644840924759,0.0,0.0,-0.0025644840924759,0,Maximum Sharpe,SignalScope Confidence Lens,0.1,1.1195074736378805,-0.1548612641997144
2023-02-10,0.0201669988118888,0.0,0.0,0.0201669988118888,0,Maximum Sharpe,SignalScope Confidence Lens,0.1,1.142084579528636,-0.1378173523189489
2023-02-13,0.0077900464953345,0.0,0.0,0.0077900464953345,0,Maximum Sharpe,SignalScope Confidence Lens,0.1,1.1509814715047688,-0.1311009094060428
2023-02-14,-0.0013636614446719,0.0,0.0,-0.0013636614446719,0,Maximum Sharpe,SignalScope Confidence Lens,0.1,1.149411922448546,-0.1322857935951963
2023-02-15,-0.0101048706063747,0.0,0.0,-0.0101048706063747,0,Maximum Sharpe,SignalScope Confidence Lens,0.1,1.137797263698779,-0.14105393337423
2023-02-16,-0.0078028809112703,0.0,0.0,-0.0078028809112703,0,Maximum Sharpe,SignalScope Confidence Lens,0.1,1.1289191671489682,-0.1477561872413149
2023-02-17,0.0061825520827494,0.0,0.0,0.0061825520827494,0,Maximum Sharpe,SignalScope Confidence Lens,0.1,1.1358987686970807,-0.1424871454817334
2023-02-21,-0.0081741940779072,0.0,0.0,-0.0081741940779072,0,Maximum Sharpe,SignalScope Confidence Lens,0.1,1.1266137117088948,-0.1494966219788661
2023-02-22,-0.0040929344347557,0.0,0.0,-0.0040929344347557,0,Maximum Sharpe,SignalScope Confidence Lens,0.1,1.1220025556535735,-0.1529776765416448
2023-02-23,0.0059858833111412,0.0,0.0,0.0059858833111412,0,Maximum Sharpe,SignalScope Confidence Lens,0.1,1.1287187320265182,-0.1479074997514913
2023-02-24,-0.0050232863565981,0.0,0.0,-0.0050232863565981,0,Maximum Sharpe,SignalScope Confidence Lens,0.1,1.1230488546194926,-0.1521878043825493
2023-02-27,-0.0015540297793229,0.0,0.0,-0.0015540297793229,0,Maximum Sharpe,SignalScope Confidence Lens,0.1,1.1213036032557793,-0.153505329781812
2023-02-28,-0.0147312798462918,0.0,0.0,-0.0147312798462918,0,Maximum Sharpe,SignalScope Confidence Lens,0.1,1.104785366083563,-0.1659752796571907
2023-03-01,0.0028350701870728,0.5522829960732168,0.0005522829960732,0.0022827871909996,0,Maximum Sharpe,SignalScope Confidence Lens,0.1,1.1073073559660622,-0.1640713787086152
2023-03-02,0.0038856111955628,0.0,0.0,0.0038856111955628,0,Maximum Sharpe,SignalScope Confidence Lens,0.1,1.1116099218253332,-0.1608232850990338
2023-03-03,0.0054669476693705,0.0,0.0,0.0054669476693705,0,Maximum Sharpe,SignalScope Confidence Lens,0.1,1.1176870350967054,-0.156235549913316
2023-03-06,0.0252457764135321,0.0,0.0,0.0252457764135321,0,Maximum Sharpe,SignalScope Confidence Lens,0.1,1.1459039120850605,-0.1349340612607407
2023-03-07,-0.0048871825128863,0.0,0.0,-0.0048871825128863,0,Maximum Sharpe,SignalScope Confidence Lens,0.1,1.1403036705244702,-0.1391617963890409
2023-03-08,-0.0173278847021837,0.0,0.0,-0.0173278847021837,0,Maximum Sharpe,SignalScope Confidence Lens,0.1,1.1205446199961453,-0.1540783015284466
2023-03-09,-0.0095070756870353,0.0,0.0,-0.0095070756870353,0,Maximum Sharpe,SignalScope Confidence Lens,0.1,1.1098915174831416,-0.1621205431411211
2023-03-10,-0.0017664112389565,0.0,0.0,-0.0017664112389565,0,Maximum Sharpe,SignalScope Confidence Lens,0.1,1.1079309926326368,-0.1636005828306075
2023-03-13,-0.0137021013158075,0.0,0.0,-0.0137021013158075,0,Maximum Sharpe,SignalScope Confidence Lens,0.1,1.0927500099206613,-0.1750610123851448
2023-03-14,0.0151588984356404,0.0,0.0,0.0151588984356404,0,Maximum Sharpe,SignalScope Confidence Lens,0.1,1.1093148963365935,-0.1625558460562913
2023-03-15,-0.0079028122438332,0.0,0.0,-0.0079028122438332,0,Maximum Sharpe,SignalScope Confidence Lens,0.1,1.1005481889915585,-0.169174009969604
2023-03-16,-0.0001431406330049,0.0,0.0,-0.0001431406330049,0,Maximum Sharpe,SignalScope Confidence Lens,0.1,1.1003906558271337,-0.1692929349277339
2023-03-17,-0.0264156771152569,0.0,0.0,-0.0264156771152569,0,Maximum Sharpe,SignalScope Confidence Lens,0.1,1.0713230915621583,-0.1912366245360456
2023-03-20,0.019996083218409,0.0,0.0,0.019996083218409,0,Maximum Sharpe,SignalScope Confidence Lens,0.1,1.0927453572548385,-0.175064524776267
2023-03-21,0.0055434109695574,0.0,0.0,0.0055434109695574,0,Maximum Sharpe,SignalScope Confidence Lens,0.1,1.0988028938551777,-0.1704915684137348
2023-03-22,-0.01475149527508,0.0,0.0,-0.01475149527508,0,Maximum Sharpe,SignalScope Confidence Lens,0.1,1.0825939081582288,-0.1827280581229187
2023-03-23,-0.0004646983507937,0.0,0.0,-0.0004646983507937,0,Maximum Sharpe,SignalScope Confidence Lens,0.1,1.0820908285545283,-0.183107843046459
2023-03-24,0.0062207381458736,0.0,0.0,0.0062207381458736,0,Maximum Sharpe,SignalScope Confidence Lens,0.1,1.0888222322490175,-0.178026170844633
2023-03-27,0.0157478792380514,0.0,0.0,0.0157478792380514,0,Maximum Sharpe,SignalScope Confidence Lens,0.1,1.1059688732741806,-0.1650818262462556
2023-03-28,-0.0012118363491394,0.0,0.0,-0.0012118363491394,0,Maximum Sharpe,SignalScope Confidence Lens,0.1,1.10462861999253,-0.1660936104377675
2023-03-29,-0.00014341618474,0.0,0.0,-0.00014341618474,0,Maximum Sharpe,SignalScope Confidence Lens,0.1,1.1044701983702965,-0.1662132061105887
2023-03-30,0.0073061577361601,0.0,0.0,0.0073061577361601,0,Maximum Sharpe,SignalScope Confidence Lens,0.1,1.1125396318544778,-0.1601214282761054
2023-03-31,0.0068694820153749,0.0,0.0,0.0068694820153749,0,Maximum Sharpe,SignalScope Confidence Lens,0.1,1.120182202846894,-0.1543518975325494
2023-04-03,0.0211492556616457,0.5526491225182646,0.0005526491225182,0.0205966065391274,0,Maximum Sharpe,SignalScope Confidence Lens,0.1,1.1432541549310644,-0.1369344162954676
2023-04-04,-0.0080537500706894,0.0,0.0,-0.0080537500706894,0,Maximum Sharpe,SignalScope Confidence Lens,0.1,1.1340466716999724,-0.1438853308012375
2023-04-05,0.0201668915942551,0.0,0.0,0.0201668915942551,0,Maximum Sharpe,SignalScope Confidence Lens,0.1,1.1569168679909716,-0.1266201590752546
2023-04-06,-0.002952075774187,0.0,0.0,-0.002952075774187,0,Maximum Sharpe,SignalScope Confidence Lens,0.1,1.153501561732227,-0.1291984425453118
2023-04-10,-0.0024531647301896,0.0,0.0,-0.0024531647301896,0,Maximum Sharpe,SignalScope Confidence Lens,0.1,1.150671832384767,-0.1313346622130539
2023-04-11,0.0001022191776428,0.0,0.0,0.0001022191776428,0,Maximum Sharpe,SignalScope Confidence Lens,0.1,1.15078945311321,-0.1312458679565786
2023-04-12,0.0027788989820577,0.0,0.0,0.0027788989820577,0,Maximum Sharpe,SignalScope Confidence Lens,0.1,1.1539873807530288,-0.1288316879833848
2023-04-13,0.0122250778140724,0.0,0.0,0.0122250778140724,0,Maximum Sharpe,SignalScope Confidence Lens,0.1,1.1680949662791922,-0.1181815875798275
2023-04-14,-0.0007842372531248,0.0,0.0,-0.0007842372531248,0,Maximum Sharpe,SignalScope Confidence Lens,0.1,1.1671789026914483,-0.118873142429339
2023-04-17,0.0008788760321165,0.0,0.0,0.0008788760321165,0,Maximum Sharpe,SignalScope Confidence Lens,0.1,1.168204708254216,-0.1180987411529659
2023-04-18,0.0045584512119469,0.0,0.0,0.0045584512119469,0,Maximum Sharpe,SignalScope Confidence Lens,0.1,1.1735299124223595,-0.1140786372907571
2023-04-19,-0.0010830883597116,0.0,0.0,-0.0010830883597116,0,Maximum Sharpe,SignalScope Confidence Lens,0.1,1.1722588758344414,-0.1150381684063274
2023-04-20,0.0018974277787899,0.0,0.0,0.0018974277787899,0,Maximum Sharpe,SignalScope Confidence Lens,0.1,1.1744831523893828,-0.1133590172438927
2023-04-21,0.0125523067841551,0.0,0.0,0.0125523067841551,0,Maximum Sharpe,SignalScope Confidence Lens,0.1,1.1892256252309958,-0.1022296276209333
2023-04-24,0.0060849912615215,0.0,0.0,0.0060849912615215,0,Maximum Sharpe,SignalScope Confidence Lens,0.1,1.196462052768504,-0.0967667027501537
2023-04-25,-0.0062350284063546,0.0,0.0,-0.0062350284063546,0,Maximum Sharpe,SignalScope Confidence Lens,0.1,1.189002077882367,-0.1023983880160719
2023-04-26,-0.0216508847413857,0.0,0.0,-0.0216508847413857,0,Maximum Sharpe,SignalScope Confidence Lens,0.1,1.1632591309368676,-0.121832257060818
2023-04-27,0.0086750166283404,0.0,0.0,0.0086750166283404,0,Maximum Sharpe,SignalScope Confidence Lens,0.1,1.1733504232408138,-0.1142141372883484
2023-04-28,-0.0019140158636571,0.0,0.0,-0.0019140158636571,0,Maximum Sharpe,SignalScope Confidence Lens,0.1,1.171104611917102,-0.1159095454813817
2023-05-01,0.006468281166355,0.7535355519288857,0.0007535355519288,0.0057147456144261,0,Maximum Sharpe,SignalScope Confidence Lens,0.1,1.1777971768620896,-0.1108571934336654
2023-05-02,0.0028931396801488,0.0,0.0,0.0028931396801488,0,Maximum Sharpe,SignalScope Confidence Lens,0.1,1.1812047086096369,-0.1082847790986694
2023-05-03,-0.013755915352001,0.0,0.0,-0.013755915352001,0,Maximum Sharpe,SignalScope Confidence Lens,0.1,1.1649561566246174,-0.1205511381954791
2023-05-04,-0.010505658612132,0.0,0.0,-0.010505658612132,0,Maximum Sharpe,SignalScope Confidence Lens,0.1,1.1527175249450177,-0.1297903277044255
2023-05-05,0.0100099935724086,0.0,0.0,0.0100099935724086,0,Maximum Sharpe,SignalScope Confidence Lens,0.1,1.1642562199605202,-0.1210795344780989
2023-05-08,0.0035511848023832,0.0,0.0,0.0035511848023832,0,Maximum Sharpe,SignalScope Confidence Lens,0.1,1.168390708954924,-0.1179583254784339
2023-05-09,-0.0038110603694132,0.0,0.0,-0.0038110603694132,0,Maximum Sharpe,SignalScope Confidence Lens,0.1,1.163937901428035,-0.121319839548374
2023-05-10,-0.0031444890584758,0.0,0.0,-0.0031444890584758,0,Maximum Sharpe,SignalScope Confidence Lens,0.1,1.1602779114322497,-0.124082839698814
2023-05-11,-0.0032661656447879,0.0,0.0,-0.0032661656447879,0,Maximum Sharpe,SignalScope Confidence Lens,0.1,1.1564882515795232,-0.1269437302354699
2023-05-12,-0.0032414575960182,0.0,0.0,-0.0032414575960182,0,Maximum Sharpe,SignalScope Confidence Lens,0.1,1.152739543951735,-0.1297737051128494
2023-05-15,0.006389837478187,0.0,0.0,0.006389837478187,0,Maximum Sharpe,SignalScope Confidence Lens,0.1,1.160105362292266,-0.1242131005192758
2023-05-16,-0.0069840195296851,0.0,0.0,-0.0069840195296851,0,Maximum Sharpe,SignalScope Confidence Lens,0.1,1.152003163785524,-0.1303296133290916
2023-05-17,0.0034801879881757,0.0,0.0,0.0034801879881757,0,Maximum Sharpe,SignalScope Confidence Lens,0.1,1.156012351358471,-0.1273029968957273
2023-05-18,0.0003612254286723,0.0,0.0,0.0003612254286723,0,Maximum Sharpe,SignalScope Confidence Lens,0.1,1.156429932415641,-0.1269877565466799
2023-05-19,0.0053175244380097,0.0,0.0,0.0053175244380097,0,Maximum Sharpe,SignalScope Confidence Lens,0.1,1.162579276842107,-0.1223454926074352
2023-05-22,-0.0078798317107757,0.0,0.0,-0.0078798317107757,0,Maximum Sharpe,SignalScope Confidence Lens,0.1,1.1534183477901558,-0.1292612624258925
2023-05-23,-0.0144351248966144,0.0,0.0,-0.0144351248966144,0,Maximum Sharpe,SignalScope Confidence Lens,0.1,1.1367686098817582,-0.1418304848550952
2023-05-24,-0.0002894632049889,0.0,0.0,-0.0002894632049889,0,Maximum Sharpe,SignalScope Confidence Lens,0.1,1.136439557196611,-0.1420788933533727
2023-05-25,-0.008133217514661,0.0,0.0,-0.008133217514661,0,Maximum Sharpe,SignalScope Confidence Lens,0.1,1.127196647085666,-0.1490565523241485
2023-05-26,-0.0027423224969704,0.0,0.0,-0.0027423224969704,0,Maximum Sharpe,SignalScope Confidence Lens,0.1,1.1241055103618534,-0.1513901136843595
2023-05-30,-0.0110899675367612,0.0,0.0,-0.0110899675367612,0,Maximum Sharpe,SignalScope Confidence Lens,0.1,1.111639216744046,-0.1608011697749747
2023-05-31,0.0020759322263623,0.0,0.0,0.0020759322263623,0,Maximum Sharpe,SignalScope Confidence Lens,0.1,1.1139469044181731,-0.1590590498789849
2023-06-01,0.0217285627981485,0.651771924295424,0.0006517719242954,0.0210767908738531,0,Maximum Sharpe,SignalScope Confidence Lens,0.1,1.137425330367171,-0.1413347133360248
2023-06-02,0.009973383662267,0.0,0.0,0.009973383662267,0,Maximum Sharpe,SignalScope Confidence Lens,0.1,1.1487693095741038,-0.1327709149946544
2023-06-05,-0.0057902492471951,0.0,0.0,-0.0057902492471951,0,Maximum Sharpe,SignalScope Confidence Lens,0.1,1.1421176489441414,-0.1377923875512524
2023-06-06,-0.0083647282623905,0.0,0.0,-0.0083647282623905,0,Maximum Sharpe,SignalScope Confidence Lens,0.1,1.1325641451670432,-0.1450045199351508
2023-06-07,-0.0060996939106288,0.0,0.0,-0.0060996939106288,0,Maximum Sharpe,SignalScope Confidence Lens,0.1,1.1256558505473713,-0.1502197306585175
2023-06-08,0.0119280916027322,0.0,0.0,0.0119280916027322,0,Maximum Sharpe,SignalScope Confidence Lens,0.1,1.1390827766458518,-0.1400834737636178
2023-06-09,0.003030752498467,0.0,0.0,0.003030752498467,0,Maximum Sharpe,SignalScope Confidence Lens,0.1,1.1425350546171318,-0.137477279603254
2023-06-12,5.329573526355328e-05,0.0,0.0,5.329573526355328e-05,0,Maximum Sharpe,SignalScope Confidence Lens,0.1,1.142595946862932,-0.137431310820689
2023-06-13,0.0077024252684393,0.0,0.0,0.0077024252684393,0,Maximum Sharpe,SignalScope Confidence Lens,0.1,1.1513967067556652,-0.1307874399533898
2023-06-14,-0.0037253718496722,0.0,0.0,-0.0037253718496722,0,Maximum Sharpe,SignalScope Confidence Lens,0.1,1.1471073258765123,-0.1340255799559689
2023-06-15,0.0050179410196633,0.0,0.0,0.0050179410196633,0,Maximum Sharpe,SignalScope Confidence Lens,0.1,1.1528634427809843,-0.1296801713916507
2023-06-16,0.0032372795507169,0.0,0.0,0.0032372795507169,0,Maximum Sharpe,SignalScope Confidence Lens,0.1,1.1565955840290685,-0.1268627028079135
2023-06-20,-0.0031685514054755,0.0,0.0,-0.0031685514054755,0,Maximum Sharpe,SignalScope Confidence Lens,0.1,1.1529308514657264,-0.1296292832181046
2023-06-21,0.0048245479820557,0.0,0.0,0.0048245479820557,0,Maximum Sharpe,SignalScope Confidence Lens,0.1,1.158493221678615,-0.1254301379328142
2023-06-22,0.0070996105693271,0.0,0.0,0.0070996105693271,0,Maximum Sharpe,SignalScope Confidence Lens,0.1,1.1667180723997383,-0.1192210324964671
2023-06-23,-0.0035920276424339,0.0,0.0,-0.0035920276424339,0,Maximum Sharpe,SignalScope Confidence Lens,0.1,1.1625271888327513,-0.1223848148946141
2023-06-26,-0.0081732589799777,0.0,0.0,-0.0081732589799777,0,Maximum Sharpe,SignalScope Confidence Lens,0.1,1.1530255530471556,-0.1295577910872416
2023-06-27,0.007709468944659,0.0,0.0,0.007709468944659,0,Maximum Sharpe,SignalScope Confidence Lens,0.1,1.161914767740771,-0.1228471439095082
2023-06-28,0.0026525164875151,0.0,0.0,0.0026525164875151,0,Maximum Sharpe,SignalScope Confidence Lens,0.1,1.1649967658192908,-0.1205204814966571
2023-06-29,0.0057311315654331,0.0,0.0,0.0057311315654331,0,Maximum Sharpe,SignalScope Confidence Lens,0.1,1.171673515557505,-0.1154800686670107
2023-06-30,0.0194804879401531,0.0,0.0,0.0194804879401531,0,Maximum Sharpe,SignalScope Confidence Lens,0.1,1.1944982873471202,-0.0982491888118533
2023-07-03,-0.0092549241712382,0.3370218582826927,0.0003370218582826,-0.0095919460295209,0,Maximum Sharpe,SignalScope Confidence Lens,0.1,1.1830407242425314,-0.1068987339248467
2023-07-05,-0.0004090117526718,0.0,0.0,-0.0004090117526718,0,Maximum Sharpe,SignalScope Confidence Lens,0.1,1.1825568466824268,-0.1072640228389976
2023-07-06,-0.0123997800939337,0.0,0.0,-0.0123997800939337,0,Maximum Sharpe,SignalScope Confidence Lens,0.1,1.167893401834989,-0.1183337526377371
2023-07-07,-0.0045717432541297,0.0,0.0,-0.0045717432541297,0,Maximum Sharpe,SignalScope Confidence Lens,0.1,1.1625540930536071,-0.1223645043565094
2023-07-10,0.0133331516849305,0.0,0.0,0.0133331516849305,0,Maximum Sharpe,SignalScope Confidence Lens,0.1,1.178054603118228,-0.1106628571690154
2023-07-11,-0.0002018188234206,0.0,0.0,-0.0002018188234206,0,Maximum Sharpe,SignalScope Confidence Lens,0.1,1.177816849524301,-0.1108423421448059
2023-07-12,0.000253014833099,0.0,0.0,0.000253014833099,0,Maximum Sharpe,SignalScope Confidence Lens,0.1,1.178114854657905,-0.1106173720684048
2023-07-13,0.0015837219899607,0.0,0.0,0.0015837219899607,0,Maximum Sharpe,SignalScope Confidence Lens,0.1,1.1799806610599262,-0.1092088372430605
2023-07-14,-0.0022343532494873,0.0,0.0,-0.0022343532494873,0,Maximum Sharpe,SignalScope Confidence Lens,0.1,1.1773441674355547,-0.111199179372181
2023-07-17,0.0009168619579482,0.0,0.0,0.0009168619579482,0,Maximum Sharpe,SignalScope Confidence Lens,0.1,1.1784236295140886,-0.1103842717115541
2023-07-18,0.0031131421390209,0.0,0.0,0.0031131421390209,0,Maximum Sharpe,SignalScope Confidence Lens,0.1,1.182092229772747,-0.1076147715002836
2023-07-19,-0.0061074435855646,0.0,0.0,-0.0061074435855646,0,Maximum Sharpe,SignalScope Confidence Lens,0.1,1.1748726681664756,-0.1130649639399369
2023-07-20,0.0115176818810305,0.0,0.0,0.0115176818810305,0,Maximum Sharpe,SignalScope Confidence Lens,0.1,1.1884044778091347,-0.1028495283454566
2023-07-21,-0.0006952310767136,0.0,0.0,-0.0006952310767136,0,Maximum Sharpe,SignalScope Confidence Lens,0.1,1.1875782620844562,-0.1034732552338392
2023-07-24,-0.0039102919197495,0.0,0.0,-0.0039102919197495,0,Maximum Sharpe,SignalScope Confidence Lens,0.1,1.182934484402157,-0.1069789365197377
2023-07-25,0.0295486174464404,0.0,0.0,0.0295486174464404,0,Maximum Sharpe,SignalScope Confidence Lens,0.1,1.2178885629459584,-0.0805913987433462
2023-07-26,-0.0116907909777285,0.0,0.0,-0.0116907909777285,0,Maximum Sharpe,SignalScope Confidence Lens,0.1,1.203650482322391,-0.0913400125237635
2023-07-27,-0.0018923142252834,0.0,0.0,-0.0018923142252834,0,Maximum Sharpe,SignalScope Confidence Lens,0.1,1.201372797392423,-0.0930594827440106
2023-07-28,0.0013006546643739,0.0,0.0,0.0013006546643739,0,Maximum Sharpe,SignalScope Confidence Lens,0.1,1.2029353685250035,-0.0918798663299319
2023-07-31,0.000235536822896,0.0,0.0,0.000235536822896,0,Maximum Sharpe,SignalScope Confidence Lens,0.1,1.2032187040998552,-0.0916659705988394
2023-08-01,-0.0094028214264057,0.3201291202754174,0.0003201291202754,-0.0097229505466811,0,Maximum Sharpe,SignalScope Confidence Lens,0.1,1.1915198681430506,-0.1004976574465744
2023-08-02,-0.0117665050910814,0.0,0.0,-0.0117665050910814,0,Maximum Sharpe,SignalScope Confidence Lens,0.1,1.1774998435484207,-0.1110816563396689
2023-08-03,0.0030685263578516,0.0,0.0,0.0030685263578516,0,Maximum Sharpe,SignalScope Confidence Lens,0.1,1.1811130328547153,-0.1083539869721694
2023-08-04,0.0032081932521575,0.0,0.0,0.0032081932521575,0,Maximum Sharpe,SignalScope Confidence Lens,0.1,1.184902271716755,-0.1054934142498603
2023-08-07,0.0137253076330929,0.0,0.0,0.0137253076330929,0,Maximum Sharpe,SignalScope Confidence Lens,0.1,1.2011654199112185,-0.093216036180612
2023-08-08,-0.006293677494248,0.0,0.0,-0.006293677494248,0,Maximum Sharpe,SignalScope Confidence Lens,0.1,1.193605672141054,-0.0989230420058472
2023-08-09,-0.0125983626054518,0.0,0.0,-0.0125983626054518,0,Maximum Sharpe,SignalScope Confidence Lens,0.1,1.178568195075497,-0.1102751362580749
2023-08-10,0.0031263887508423,0.0,0.0,0.0031263887508423,0,Maximum Sharpe,SignalScope Confidence Lens,0.1,1.1822528574226816,-0.1074935104527274
2023-08-11,0.0040765626011698,0.0,0.0,0.0040765626011698,0,Maximum Sharpe,SignalScope Confidence Lens,0.1,1.1870723852063771,-0.1038551518761375
2023-08-14,0.018278791241798,0.0,0.0,0.018278791241798,0,Maximum Sharpe,SignalScope Confidence Lens,0.1,1.208770633524468,-0.0874747072748686
2023-08-15,-0.0082603711216695,0.0,0.0,-0.0082603711216695,0,Maximum Sharpe,SignalScope Confidence Lens,0.1,1.19878573949058,-0.0950125048506884
2023-08-16,-0.004177475210948,0.0,0.0,-0.004177475210948,0,Maximum Sharpe,SignalScope Confidence Lens,0.1,1.1937778417806202,-0.0987930676778926
2023-08-17,-0.0115511471909075,0.0,0.0,-0.0115511471909075,0,Maximum Sharpe,SignalScope Confidence Lens,0.1,1.1799883382169682,-0.1092030416026116
2023-08-18,0.0038219371930944,0.0,0.0,0.0038219371930944,0,Maximum Sharpe,SignalScope Confidence Lens,0.1,1.184498179534217,-0.1057984715758172
2023-08-21,0.0145905478896531,0.0,0.0,0.0145905478896531,0,Maximum Sharpe,SignalScope Confidence Lens,0.1,1.201780656947918,-0.0927515813523432
2023-08-22,-0.0125526709916672,0.0,0.0,-0.0125526709916672,0,Maximum Sharpe,SignalScope Confidence Lens,0.1,1.1866950997571013,-0.1041399722593376
2023-08-23,0.0246633707490775,0.0,0.0,0.0246633707490775,0,Maximum Sharpe,SignalScope Confidence Lens,0.1,1.2159630009685245,-0.0820450442558907
2023-08-24,-0.0159000106973016,0.0,0.0,-0.0159000106973016,0,Maximum Sharpe,SignalScope Confidence Lens,0.1,1.1966291762456018,-0.0966405378718631
2023-08-25,0.0018783005582666,0.0,0.0,0.0018783005582666,0,Maximum Sharpe,SignalScope Confidence Lens,0.1,1.198876805495382,-0.0949437572898324
2023-08-28,0.0097439704011108,0.0,0.0,0.0097439704011108,0,Maximum Sharpe,SignalScope Confidence Lens,0.1,1.2105586256027074,-0.0861249160495238
2023-08-29,0.0158223481515127,0.0,0.0,0.0158223481515127,0,Maximum Sharpe,SignalScope Confidence Lens,0.1,1.2297125056348102,-0.0716652663042666
2023-08-30,-0.0014632317535821,0.0,0.0,-0.0014632317535821,0,Maximum Sharpe,SignalScope Confidence Lens,0.1,1.2279131512487882,-0.0730236351645634
2023-08-31,-0.0027550390135626,0.0,0.0,-0.0027550390135626,0,Maximum Sharpe,SignalScope Confidence Lens,0.1,1.2245302026118312,-0.0755774912143354
2023-09-01,-0.00116501626637,0.3395371322996796,0.0003395371322996,-0.0015045533986697,0,Maximum Sharpe,SignalScope Confidence Lens,0.1,1.2226878315337175,-0.0769683342417358
2023-09-05,-0.0120303657916169,0.0,0.0,-0.0120303657916169,0,Maximum Sharpe,SignalScope Confidence Lens,0.1,1.207978449671408,-0.0880727428180533
2023-09-06,-0.0096196377259774,0.0,0.0,-0.0096196377259774,0,Maximum Sharpe,SignalScope Confidence Lens,0.1,1.1963581346047814,-0.0968451526645878
2023-09-07,-0.0013876515737185,0.0,0.0,-0.0013876515737185,0,Maximum Sharpe,SignalScope Confidence Lens,0.1,1.194698006356566,-0.0980984169098044
2023-09-08,0.0002461922336756,0.0,0.0,0.0002461922336756,0,Maximum Sharpe,SignalScope Confidence Lens,0.1,1.1949921317273189,-0.0978763757445079
2023-09-11,0.0058919042927457,0.0,0.0,0.0058919042927457,0,Maximum Sharpe,SignalScope Confidence Lens,0.1,1.20203291099804,-0.0925611496901697
2023-09-12,0.0030558517183937,0.0,0.0,0.0030558517183937,0,Maximum Sharpe,SignalScope Confidence Lens,0.1,1.2057061453346791,-0.0897881511201132
2023-09-13,-0.0063963866335907,0.0,0.0,-0.0063963866335907,0,Maximum Sharpe,SignalScope Confidence Lens,0.1,1.1979939826626222,-0.0956102180240244
2023-09-14,0.0117284935582761,0.0,0.0,0.0117284935582761,0,Maximum Sharpe,SignalScope Confidence Lens,0.1,1.2120446473711344,-0.0850030882919484
2023-09-15,-0.010900277018278,0.0,0.0,-0.010900277018278,0,Maximum Sharpe,SignalScope Confidence Lens,0.1,1.1988330249562678,-0.0949768081004353
2023-09-18,0.0048724269989042,0.0,0.0,0.0048724269989042,0,Maximum Sharpe,SignalScope Confidence Lens,0.1,1.2046742513542428,-0.0905671486655892
2023-09-19,-0.0050743455107388,0.0,0.0,-0.0050743455107388,0,Maximum Sharpe,SignalScope Confidence Lens,0.1,1.1985613179749808,-0.0951819251720764
2023-09-20,-0.0107712692586313,0.0,0.0,-0.0107712692586313,0,Maximum Sharpe,SignalScope Confidence Lens,0.1,1.185651291296092,-0.1049279642861245
2023-09-21,-0.0148274912731243,0.0,0.0,-0.0148274912731243,0,Maximum Sharpe,SignalScope Confidence Lens,0.1,1.1680710571214306,-0.1181996370844897
2023-09-22,-0.0040777388511233,0.0,0.0,-0.0040777388511233,0,Maximum Sharpe,SignalScope Confidence Lens,0.1,1.1633079683909338,-0.1217953886832849
2023-09-25,0.0037213800061651,0.0,0.0,0.0037213800061651,0,Maximum Sharpe,SignalScope Confidence Lens,0.1,1.1676370794055162,-0.118527255601409
2023-09-26,-0.0095637412441482,0.0,0.0,-0.0095637412441482,0,Maximum Sharpe,SignalScope Confidence Lens,0.1,1.1564701005110087,-0.1269574328426065
2023-09-27,0.001731173544932,0.0,0.0,0.001731173544932,0,Maximum Sharpe,SignalScope Confidence Lens,0.1,1.1584721509545184,-0.125446044646744
2023-09-28,0.0094425783104613,0.0,0.0,0.0094425783104613,0,Maximum Sharpe,SignalScope Confidence Lens,0.1,1.169411114960395,-0.1171880004365972
2023-09-29,-0.0104131209905513,0.0,0.0,-0.0104131209905513,0,Maximum Sharpe,SignalScope Confidence Lens,0.1,1.157233895532617,-0.1263808285999614
2023-10-02,-0.0048401025526148,0.5026776730812781,0.0005026776730812,-0.0053427802256961,0,Maximum Sharpe,SignalScope Confidence Lens,0.1,1.15105104915906,-0.1310483838337065
2023-10-03,-0.012401658826298,0.0,0.0,-0.012401658826298,0,Maximum Sharpe,SignalScope Confidence Lens,0.1,1.136776106755737,-0.1418248253139612
2023-10-04,0.0070893700897574,0.0,0.0,0.0070893700897574,0,Maximum Sharpe,SignalScope Confidence Lens,0.1,1.1448351332857218,-0.1357409038987697
2023-10-05,0.0035238563819327,0.0,0.0,0.0035238563819327,0,Maximum Sharpe,SignalScope Confidence Lens,0.1,1.1488693678764117,-0.1326953789673298
2023-10-06,0.0190860791635342,0.0,0.0,0.0190860791635342,0,Maximum Sharpe,SignalScope Confidence Lens,0.1,1.1707967795802603,-0.1161419343114011
2023-10-09,-0.0029811758802121,0.0,0.0,-0.0029811758802121,0,Maximum Sharpe,SignalScope Confidence Lens,0.1,1.1673064284603458,-0.1187768706583629
2023-10-10,0.0066706327129432,0.0,0.0,0.0066706327129432,0,Maximum Sharpe,SignalScope Confidence Lens,0.1,1.1750931009080623,-0.1128985548243742
2023-10-11,0.0156260701343074,0.0,0.0,0.0156260701343074,0,Maximum Sharpe,SignalScope Confidence Lens,0.1,1.1934551881171926,-0.0990366454258145
2023-10-12,-0.0082017668695372,0.0,0.0,-0.0082017668695372,0,Maximum Sharpe,SignalScope Confidence Lens,0.1,1.1836667468950155,-0.1064261368180282
2023-10-13,-0.0138783031053146,0.0,0.0,-0.0138783031053146,0,Maximum Sharpe,SignalScope Confidence Lens,0.1,1.167239461005925,-0.1188274257382546
2023-10-16,0.0028406114069113,0.0,0.0,0.0028406114069113,0,Maximum Sharpe,SignalScope Confidence Lens,0.1,1.1705551347334553,-0.1163243568723493
2023-10-17,-0.0039322720668439,0.0,0.0,-0.0039322720668439,0,Maximum Sharpe,SignalScope Confidence Lens,0.1,1.165952193474442,-0.1197992099199706
2023-10-18,-0.0228408942659283,0.0,0.0,-0.0228408942659283,0,Maximum Sharpe,SignalScope Confidence Lens,0.1,1.139320802704165,-0.1399037830989752
2023-10-19,-0.0076508439979638,0.0,0.0,-0.0076508439979638,0,Maximum Sharpe,SignalScope Confidence Lens,0.1,1.1306040369790404,-0.1464842450777239
2023-10-20,-0.0054140956161416,0.0,0.0,-0.0054140956161416,0,Maximum Sharpe,SignalScope Confidence Lens,0.1,1.12448283861884,-0.1511052609847565
2023-10-23,0.009416297695363,0.0,0.0,0.009416297695363,0,Maximum Sharpe,SignalScope Confidence Lens,0.1,1.1350713037806022,-0.1431118154101612
2023-10-24,0.0357136355154096,0.0,0.0,0.0357136355154096,0,Maximum Sharpe,SignalScope Confidence Lens,0.1,1.1756088266078235,-0.1125092231082587
2023-10-25,-0.0193882394612538,0.0,0.0,-0.0193882394612538,0,Maximum Sharpe,SignalScope Confidence Lens,0.1,1.1528158411647875,-0.1297161068102899
2023-10-26,-0.0156654291630763,0.0,0.0,-0.0156654291630763,0,Maximum Sharpe,SignalScope Confidence Lens,0.1,1.1347564862669484,-0.1433494774908195
2023-10-27,-0.0179702317172549,0.0,0.0,-0.0179702317172549,0,Maximum Sharpe,SignalScope Confidence Lens,0.1,1.1143646492660733,-0.1587436858810169
2023-10-30,0.0207029091365924,0.0,0.0,0.0207029091365924,0,Maximum Sharpe,SignalScope Confidence Lens,0.1,1.1374352393448597,-0.141327232849227
2023-10-31,-0.0112541991491139,0.0,0.0,-0.0112541991491139,0,Maximum Sharpe,SignalScope Confidence Lens,0.1,1.1246343166420525,-0.1509909071746626
2023-11-01,0.0051897865658645,0.4555584263099654,0.0004555584263099,0.0047342281395545,0,Maximum Sharpe,SignalScope Confidence Lens,0.1,1.129958592070608,-0.1469715044366711
2023-11-02,0.01031429570226,0.0,0.0,0.01031429570226,0,Maximum Sharpe,SignalScope Confidence Lens,0.1,1.1416133191205338,-0.1381731162909768
2023-11-03,0.0140933662755748,0.0,0.0,0.0140933662755748,0,Maximum Sharpe,SignalScope Confidence Lens,0.1,1.1577024937719742,-0.1260270743527283
2023-11-06,0.0183880021424222,0.0,0.0,0.0183880021424222,0,Maximum Sharpe,SignalScope Confidence Lens,0.1,1.1789903297077409,-0.1099564583235072
2023-11-07,0.0015509631869679,0.0,0.0,0.0015509631869679,0,Maximum Sharpe,SignalScope Confidence Lens,0.1,1.1808189003069087,-0.1085760335555684
2023-11-08,0.0117926549847421,0.0,0.0,0.0117926549847421,0,Maximum Sharpe,SignalScope Confidence Lens,0.1,1.1947438901976908,-0.0980637782741588
2023-11-09,-0.0035768946120262,0.0,0.0,-0.0035768946120262,0,Maximum Sharpe,SignalScope Confidence Lens,0.1,1.1904704172140914,-0.1012899090860413
2023-11-10,0.018036248379673,0.0,0.0,0.018036248379673,0,Maximum Sharpe,SignalScope Confidence Lens,0.1,1.2119420373476175,-0.0850805506649985
2023-11-13,0.0050260252233367,0.0,0.0,0.0050260252233367,0,Maximum Sharpe,SignalScope Confidence Lens,0.1,1.218033288596549,-0.0804821424353194
2023-11-14,0.0125779487435598,0.0,0.0,0.0125779487435598,0,Maximum Sharpe,SignalScope Confidence Lens,0.1,1.233353648868466,-0.068916493954083
2023-11-15,-0.0071553203934055,0.0,0.0,-0.0071553203934055,0,Maximum Sharpe,SignalScope Confidence Lens,0.1,1.2245286083524365,-0.0755786947528569
2023-11-16,0.0037598574090899,0.0,0.0,0.0037598574090899,0,Maximum Sharpe,SignalScope Confidence Lens,0.1,1.2291326613131928,-0.0721030024592028
2023-11-17,0.0022200600394448,0.0,0.0,0.0022200600394448,0,Maximum Sharpe,SignalScope Confidence Lens,0.1,1.2318614096177507,-0.0700430154142416
2023-11-20,0.0074730182239294,0.0,0.0,0.0074730182239294,0,Maximum Sharpe,SignalScope Confidence Lens,0.1,1.2410671323811795,-0.0630934299209616
2023-11-21,-0.0031681495001452,0.0,0.0,-0.0031681495001452,0,Maximum Sharpe,SignalScope Confidence Lens,0.1,1.2371352461660796,-0.0660616900026404
2023-11-22,-0.0092909466127006,0.0,0.0,-0.0092909466127006,0,Maximum Sharpe,SignalScope Confidence Lens,0.1,1.2256410886412603,-0.0747388609803817
2023-11-24,-0.0021290808060417,0.0,0.0,-0.0021290808060417,0,Maximum Sharpe,SignalScope Confidence Lens,0.1,1.223031599724338,-0.0767088167120448
2023-11-27,0.0027265221753891,0.0,0.0,0.0027265221753891,0,Maximum Sharpe,SignalScope Confidence Lens,0.1,1.226366222502188,-0.0741914428264689
2023-11-28,-0.0065603973838256,0.0,0.0,-0.0065603973838256,0,Maximum Sharpe,SignalScope Confidence Lens,0.1,1.2183207727444727,-0.0802651148628734
2023-11-29,0.0006095705746669,0.0,0.0,0.0006095705746669,0,Maximum Sharpe,SignalScope Confidence Lens,0.1,1.2190634252380432,-0.0797044715403991
2023-11-30,0.0056860172082874,0.0,0.0,0.0056860172082874,0,Maximum Sharpe,SignalScope Confidence Lens,0.1,1.2259950408519409,-0.0744716553288677
2023-12-01,0.0023895250802354,0.6020080388882684,0.0006020080388882,0.0017875170413472,0,Maximum Sharpe,SignalScope Confidence Lens,0.1,1.2281865278800708,-0.0728172576405182
2023-12-04,-0.0131774031951481,0.0,0.0,-0.0131774031951481,0,Maximum Sharpe,SignalScope Confidence Lens,0.1,1.212002218803346,-0.0850351184721723
2023-12-05,-0.0013466806150093,0.0,0.0,-0.0013466806150093,0,Maximum Sharpe,SignalScope Confidence Lens,0.1,1.2103700389099352,-0.0862672839415401
2023-12-06,-0.0067860599868991,0.0,0.0,-0.0067860599868991,0,Maximum Sharpe,SignalScope Confidence Lens,0.1,1.2021563952195469,-0.0924679289647052
2023-12-07,0.0055241709012387,0.0,0.0,0.0055241709012387,0,Maximum Sharpe,SignalScope Confidence Lens,0.1,1.2087973125967568,-0.0874545667059509
2023-12-08,0.0099312354239998,0.0,0.0,0.0099312354239998,0,Maximum Sharpe,SignalScope Confidence Lens,0.1,1.2208021632880537,-0.0783918631728119
2023-12-11,-0.0020085166379873,0.0,0.0,-0.0020085166379873,0,Maximum Sharpe,SignalScope Confidence Lens,0.1,1.2183501618313983,-0.080242928449334
2023-12-12,0.0144266003879961,0.0,0.0,0.0144266003879961,0,Maximum Sharpe,SignalScope Confidence Lens,0.1,1.2359268127487906,-0.0669739607240387
2023-12-13,0.0024681849479277,0.0,0.0,0.0024681849479277,0,Maximum Sharpe,SignalScope Confidence Lens,0.1,1.2389773087047575,-0.0646710798978731
2023-12-14,-0.005399245223834,0.0,0.0,-0.005399245223834,0,Maximum Sharpe,SignalScope Confidence Lens,0.1,1.2322877663882943,-0.0697211501024485
2023-12-15,0.0088030394556503,0.0,0.0,0.0088030394556503,0,Maximum Sharpe,SignalScope Confidence Lens,0.1,1.243135644216526,-0.0615318686820431
2023-12-18,0.0091840478000061,0.0,0.0,0.0091840478000061,0,Maximum Sharpe,SignalScope Confidence Lens,0.1,1.254552661394902,-0.0529129325052366
2023-12-19,0.008672414949335,0.0,0.0,0.008672414949335,0,Maximum Sharpe,SignalScope Confidence Lens,0.1,1.2654326626503114,-0.0446994004627731
2023-12-20,-0.0214371020764329,0.0,0.0,-0.0214371020764329,0,Maximum Sharpe,SignalScope Confidence Lens,0.1,1.2383054534902245,-0.0651782769287302
2023-12-21,0.0205230855671463,0.0,0.0,0.0205230855671463,0,Maximum Sharpe,SignalScope Confidence Lens,0.1,1.263719302270468,-0.0459928507161114
2023-12-22,-0.000354622996541,0.0,0.0,-0.000354622996541,0,Maximum Sharpe,SignalScope Confidence Lens,0.1,1.2632711583447105,-0.0463311635901119
2023-12-26,0.0074650564224871,0.0,0.0,0.0074650564224871,0,Maximum Sharpe,SignalScope Confidence Lens,0.1,1.2727015488186542,-0.0392119719179445
2023-12-27,0.0032498584953953,0.0,0.0,0.0032498584953953,0,Maximum Sharpe,SignalScope Confidence Lens,0.1,1.2768376487591853,-0.0360895467826078
2023-12-28,0.0016362640675197,0.0,0.0,0.0016362640675197,0,Maximum Sharpe,SignalScope Confidence Lens,0.1,1.278926892323906,-0.0345123347437017
2023-12-29,-0.0027310951779192,0.0,0.0,-0.0027310951779192,0,Maximum Sharpe,SignalScope Confidence Lens,0.1,1.275434021255369,-0.0371491734506238
2021-01-04,-0.0047723536982997,1.0,0.001,-0.0057723536982997,0,Maximum Sharpe,Standard Sentiment,0.1,0.9942276463017002,0.0
2021-01-05,0.0061632463792498,0.0,0.0,0.0061632463792498,0,Maximum Sharpe,Standard Sentiment,0.1,1.0003553162429193,0.0
2021-01-06,-0.012911614441266,0.0,0.0,-0.012911614441266,0,Maximum Sharpe,Standard Sentiment,0.1,0.98743911409532,-0.0129116144412659
2021-01-07,0.0219501703268001,0.0,0.0,0.0219501703268001,0,Maximum Sharpe,Standard Sentiment,0.1,1.0091135708370569,0.0
2021-01-08,-0.0008117153362694,0.0,0.0,-0.0008117153362694,0,Maximum Sharpe,Standard Sentiment,0.1,1.0082944578755708,-0.0008117153362694
2021-01-11,-0.0026549456366201,0.0,0.0,-0.0026549456366201,0,Maximum Sharpe,Standard Sentiment,0.1,1.0056174909042055,-0.0034645059127994
2021-01-12,-0.016436385169528,0.0,0.0,-0.016436385169528,0,Maximum Sharpe,Standard Sentiment,0.1,0.9890887744904898,-0.0198439471287226
2021-01-13,-0.0008329686279128,0.0,0.0,-0.0008329686279128,0,Maximum Sharpe,Standard Sentiment,0.1,0.9882648945711184,-0.0206603863712232
2021-01-14,-0.0146399006874025,0.0,0.0,-0.0146399006874025,0,Maximum Sharpe,Standard Sentiment,0.1,0.9737967946617512,-0.0349978210539876
2021-01-15,-0.0058530081146264,0.0,0.0,-0.0058530081146264,0,Maximum Sharpe,Standard Sentiment,0.1,0.9680971541205986,-0.0406459866379909
2021-01-19,0.0095218915306357,0.0,0.0,0.0095218915306357,0,Maximum Sharpe,Standard Sentiment,0.1,0.9773152702132524,-0.0315111217832776
2021-01-20,0.027438985061758,0.0,0.0,0.027438985061758,0,Maximum Sharpe,Standard Sentiment,0.1,1.0041318093132616,-0.0049367699214102
2021-01-21,-0.0002969775664013,0.0,0.0,-0.0002969775664013,0,Maximum Sharpe,Standard Sentiment,0.1,1.0038336046921856,-0.0052322813778944
2021-01-22,-0.0057896204451851,0.0,0.0,-0.0057896204451851,0,Maximum Sharpe,Standard Sentiment,0.1,0.9980217891308958,-0.0109916088998391
2021-01-25,0.0015336577621403,0.0,0.0,0.0015336577621403,0,Maximum Sharpe,Standard Sentiment,0.1,0.9995524129945816,-0.0094748085040065
2021-01-26,-0.008223624124487,0.0,0.0,-0.008223624124487,0,Maximum Sharpe,Standard Sentiment,0.1,0.99133246965739,-0.0176205153647052
2021-01-27,-0.0402015494758275,0.0,0.0,-0.0402015494758275,0,Maximum Sharpe,Standard Sentiment,0.1,0.951479368331464,-0.0571136928203089
2021-01-28,0.0202169092061079,0.0,0.0,0.0202169092061079,0,Maximum Sharpe,Standard Sentiment,0.1,0.9707153403325064,-0.0380514459563747
2021-01-29,-0.0064677971331823,0.0,0.0,-0.0064677971331823,0,Maximum Sharpe,Standard Sentiment,0.1,0.9644369504371676,-0.044273134056487
2021-02-01,0.0045276005751025,0.5850594316282545,0.0005850594316282,0.0039425411434742,0,Maximum Sharpe,Standard Sentiment,0.1,0.9682392827945532,-0.0405051415655808
2021-02-02,0.0234547535119574,0.0,0.0,0.0234547535119574,0,Maximum Sharpe,Standard Sentiment,0.1,0.9909490965130936,-0.0180004261650111
2021-02-03,-0.011737602405195,0.0,0.0,-0.011737602405195,0,Maximum Sharpe,Standard Sentiment,0.1,0.9793177300144358,-0.0295267467247571
2021-02-04,-0.0068235034194337,0.0,0.0,-0.0068235034194337,0,Maximum Sharpe,Standard Sentiment,0.1,0.9726353521349702,-0.0361487742869497
2021-02-05,0.0026662775638806,0.0,0.0,0.0026662775638806,0,Maximum Sharpe,Standard Sentiment,0.1,0.9752286679522048,-0.0335788793889122
2021-02-08,0.0258485072040239,0.0,0.0,0.0258485072040239,0,Maximum Sharpe,Standard Sentiment,0.1,1.000436873201338,-0.0085983360906757
2021-02-09,-0.0175701410340584,0.0,0.0,-0.0175701410340584,0,Maximum Sharpe,Standard Sentiment,0.1,0.982859056243518,-0.0260174031469627
2021-02-10,0.0028280897072156,0.0,0.0,0.0028280897072156,0,Maximum Sharpe,Standard Sentiment,0.1,0.985638669824124,-0.0232628929897954
2021-02-11,0.0026638802343514,0.0,0.0,0.0026638802343514,0,Maximum Sharpe,Standard Sentiment,0.1,0.9882642931948812,-0.0206609823162732
2021-02-12,0.0015408885085078,0.0,0.0,0.0015408885085078,0,Maximum Sharpe,Standard Sentiment,0.1,0.9897870982876336,-0.0191519300779912
2021-02-16,-0.0026700471867095,0.0,0.0,-0.0026700471867095,0,Maximum Sharpe,Standard Sentiment,0.1,0.9871443200304092,-0.0217708407076759
2021-02-17,-0.0139782269081552,0.0,0.0,-0.0139782269081552,0,Maximum Sharpe,Standard Sentiment,0.1,0.9733457927339274,-0.0354447498644381
2021-02-18,-0.0010067494808081,0.0,0.0,-0.0010067494808081,0,Maximum Sharpe,Standard Sentiment,0.1,0.9723658773624456,-0.0364158153617228
2021-02-19,-0.0006747943706405,0.0,0.0,-0.0006747943706405,0,Maximum Sharpe,Standard Sentiment,0.1,0.9717097303421984,-0.0370660365451551
2021-02-22,-0.01902211442741,0.0,0.0,-0.01902211442741,0,Maximum Sharpe,Standard Sentiment,0.1,0.9532257566614014,-0.0553830765840327
2021-02-23,-0.0121933899453289,0.0,0.0,-0.0121933899453289,0,Maximum Sharpe,Standard Sentiment,0.1,0.9416027033044976,-0.0669011590802006
2021-02-24,0.016476671291772,0.0,0.0,0.016476671291772,0,Maximum Sharpe,Standard Sentiment,0.1,0.9571171815342898,-0.0515267961956316
2021-02-25,-0.0361450289980464,0.0,0.0,-0.0361450289980464,0,Maximum Sharpe,Standard Sentiment,0.1,0.9225221532532044,-0.0858093876510105
2021-02-26,0.0057802118775085,0.0,0.0,0.0057802118775085,0,Maximum Sharpe,Standard Sentiment,0.1,0.9278545267607032,-0.080525172215204
2021-03-01,0.0178564471208862,1.238350588974741,0.0012383505889747,0.0166180965319114,0,Maximum Sharpe,Standard Sentiment,0.1,0.9432737028539838,-0.0652452507684135
2021-03-02,-0.0070921062483301,0.0,0.0,-0.0070921062483301,0,Maximum Sharpe,Standard Sentiment,0.1,0.9365839055320876,-0.0718746307660951
2021-03-03,-0.0220225482978033,0.0,0.0,-0.0220225482978033,0,Maximum Sharpe,Standard Sentiment,0.1,0.915957941237562,-0.0923143165364653
2021-03-04,-0.0196497199627791,0.0,0.0,-0.0196497199627791,0,Maximum Sharpe,Standard Sentiment,0.1,0.8979596241945601,-0.1101500860307476
2021-03-05,0.0125471725711335,0.0,0.0,0.0125471725711335,0,Maximum Sharpe,Standard Sentiment,0.1,0.9092264785612394,-0.0989849855977671
2021-03-08,-0.0295086713047423,0.0,0.0,-0.0295086713047423,0,Maximum Sharpe,Standard Sentiment,0.1,0.8823964132638075,-0.1255727414984003
2021-03-09,0.0207453751881142,0.0,0.0,0.0207453751881142,0,Maximum Sharpe,Standard Sentiment,0.1,0.9007020579216116,-0.1074324199460703
2021-03-10,0.0006951532181012,0.0,0.0,0.0006951532181012,0,Maximum Sharpe,Standard Sentiment,0.1,0.9013281838557262,-0.1068119487204229
2021-03-11,0.0179584057898654,0.0,0.0,0.0179584057898654,0,Maximum Sharpe,Standard Sentiment,0.1,0.9175146011312496,-0.0907717152488852
2021-03-12,0.010955699020546,0.0,0.0,0.010955699020546,0,Maximum Sharpe,Standard Sentiment,0.1,0.9275666149482,-0.0808104838201846
2021-03-15,-0.0054865762798812,0.0,0.0,-0.0054865762798812,0,Maximum Sharpe,Standard Sentiment,0.1,0.9224774499606156,-0.0858536872163723
2021-03-16,0.0036248676026438,0.0,0.0,0.0036248676026438,0,Maximum Sharpe,Standard Sentiment,0.1,0.9258213085831474,-0.0825400278630866
2021-03-17,-0.0023613856467555,0.0,0.0,-0.0023613856467555,0,Maximum Sharpe,Standard Sentiment,0.1,0.9236350874335988,-0.0847065046727635
2021-03-18,-0.0124502705178095,0.0,0.0,-0.0124502705178095,0,Maximum Sharpe,Standard Sentiment,0.1,0.9121355807353096,-0.096102156292779
2021-03-19,-0.0020055017816125,0.0,0.0,-0.0020055017816125,0,Maximum Sharpe,Standard Sentiment,0.1,0.9103062912030728,-0.0979149250287296
2021-03-22,0.0109133802867784,0.0,0.0,0.0109133802867784,0,Maximum Sharpe,Standard Sentiment,0.1,0.9202408099364188,-0.0880701275545411
2021-03-23,-0.0087167688434942,0.0,0.0,-0.0087167688434942,0,Maximum Sharpe,Standard Sentiment,0.1,0.912219283515853,-0.0960192094541254
2021-03-24,-0.0064376351202805,0.0,0.0,-0.0064376351202805,0,Maximum Sharpe,Standard Sentiment,0.1,0.9063467486188942,-0.1018387079394026
2021-03-25,0.007682662947679,0.0,0.0,0.007682662947679,0,Maximum Sharpe,Standard Sentiment,0.1,0.913309905202258,-0.0949384374598489
2021-03-26,0.0260557892414496,0.0,0.0,0.0260557892414496,0,Maximum Sharpe,Standard Sentiment,0.1,0.9371069156043365,-0.0713563441357657
2021-03-29,0.005979410423215,0.0,0.0,0.005979410423215,0,Maximum Sharpe,Standard Sentiment,0.1,0.942710262463168,-0.0658036025804384
2021-03-30,0.0053338970199459,0.0,0.0,0.0053338970199459,0,Maximum Sharpe,Standard Sentiment,0.1,0.9477385819227928,-0.0608206952001981
2021-03-31,0.0035789639386985,0.0,0.0,0.0035789639386985,0,Maximum Sharpe,Standard Sentiment,0.1,0.9511305041308076,-0.0574594063363477
2021-04-01,0.0084248608008129,1.3957983841520196,0.001395798384152,0.0070290624166609,0,Maximum Sharpe,Standard Sentiment,0.1,0.9578160598107331,-0.0508342296732493
2021-04-05,0.0025932026416326,0.0,0.0,0.0025932026416326,0,Maximum Sharpe,Standard Sentiment,0.1,0.9602998709472326,-0.0483728504902907
2021-04-06,-0.0001676361281505,0.0,0.0,-0.0001676361281505,0,Maximum Sharpe,Standard Sentiment,0.1,0.9601388899950036,-0.0485323775810774
2021-04-07,-0.0031093401294916,0.0,0.0,-0.0031093401294916,0,Maximum Sharpe,Standard Sentiment,0.1,0.9571534916144564,-0.0514908140413765
2021-04-08,0.0024977774247801,0.0,0.0,0.0024977774247801,0,Maximum Sharpe,Standard Sentiment,0.1,0.9595442479978604,-0.0491216492094925
2021-04-09,0.0056798151418474,0.0,0.0,0.0056798151418474,0,Maximum Sharpe,Standard Sentiment,0.1,0.9649942819469112,-0.0437208359546178
2021-04-12,0.0029315612814832,0.0,0.0,0.0029315612814832,0,Maximum Sharpe,Standard Sentiment,0.1,0.9678232218207196,-0.0409174449830131
2021-04-13,-0.003494828276052,0.0,0.0,-0.003494828276052,0,Maximum Sharpe,Standard Sentiment,0.1,0.9644408458588808,-0.0442692738153547
2021-04-14,0.0008546701050303,0.0,0.0,0.0008546701050303,0,Maximum Sharpe,Standard Sentiment,0.1,0.9652651246179066,-0.0434524393352258
2021-04-15,0.0082818610061927,0.0,0.0,0.0082818610061927,0,Maximum Sharpe,Standard Sentiment,0.1,0.9732593162141174,-0.0355304453919873
2021-04-16,-0.0012170007745569,0.0,0.0,-0.0012170007745569,0,Maximum Sharpe,Standard Sentiment,0.1,0.9720748588724402,-0.0367042055869818
2021-04-19,-0.001639696593658,0.0,0.0,-0.001639696593658,0,Maximum Sharpe,Standard Sentiment,0.1,0.9704809510375664,-0.038283718419766
2021-04-20,-0.0112931966772236,0.0,0.0,-0.0112931966772236,0,Maximum Sharpe,Standard Sentiment,0.1,0.959521118786,-0.0491445695353397
2021-04-21,0.0105551922957989,0.0,0.0,0.0105551922957989,0,Maximum Sharpe,Standard Sentiment,0.1,0.9696490487066663,-0.0391081076212805
2021-04-22,-0.0117756331698579,0.0,0.0,-0.0117756331698579,0,Maximum Sharpe,Standard Sentiment,0.1,0.958230817205595,-0.0504232180618231
2021-04-23,0.0104085110516217,0.0,0.0,0.0104085110516217,0,Maximum Sharpe,Standard Sentiment,0.1,0.968204573256484,-0.0405395376326562
2021-04-26,0.006143117519149,0.0,0.0,0.006143117519149,0,Maximum Sharpe,Standard Sentiment,0.1,0.974152367732576,-0.0346454592573565
2021-04-27,0.0073749419328123,0.0,0.0,0.0073749419328123,0,Maximum Sharpe,Standard Sentiment,0.1,0.9813366848783156,-0.0275260255748027
2021-04-28,0.0045218726746265,0.0,0.0,0.0045218726746265,0,Maximum Sharpe,Standard Sentiment,0.1,0.9857741644182754,-0.0231286220830639
2021-04-29,0.0085200759156744,0.0,0.0,0.0085200759156744,0,Maximum Sharpe,Standard Sentiment,0.1,0.9941730351348296,-0.0148056037833621
2021-04-30,-0.0059702428802661,0.0,0.0,-0.0059702428802661,0,Maximum Sharpe,Standard Sentiment,0.1,0.9882375806500634,-0.0206874536130525
2021-05-03,0.0058359252704719,1.2437240365158813,0.0012437240365158,0.0045922012339561,0,Maximum Sharpe,Standard Sentiment,0.1,0.9927757664873664,-0.0161902533291057
2021-05-04,0.0023692360347054,0.0,0.0,0.0023692360347054,0,Maximum Sharpe,Standard Sentiment,0.1,0.9951278866077106,-0.0138593758259987
2021-05-05,0.0051669914884689,0.0,0.0,0.0051669914884689,0,Maximum Sharpe,Standard Sentiment,0.1,1.0002697039277506,-0.0087639956144582
2021-05-06,0.0053710763190274,0.0,0.0,0.0053710763190274,0,Maximum Sharpe,Standard Sentiment,0.1,1.0056422288471576,-0.0034399913847356
2021-05-07,0.0095883189971921,0.0,0.0,0.0095883189971921,0,Maximum Sharpe,Standard Sentiment,0.1,1.0152846473343915,0.0
2021-05-10,-0.0041884548468134,0.0,0.0,-0.0041884548468134,0,Maximum Sharpe,Standard Sentiment,0.1,1.0110321734323686,-0.0041884548468132
2021-05-11,-0.0102934654017443,0.0,0.0,-0.0102934654017443,0,Maximum Sharpe,Standard Sentiment,0.1,1.000625148735092,-0.0144388065335052
2021-05-12,-0.0151102523362395,0.0,0.0,-0.0151102523362395,0,Maximum Sharpe,Standard Sentiment,0.1,0.9855054502437176,-0.0293308848595893
2021-05-13,0.0124595271034796,0.0,0.0,0.0124595271034796,0,Maximum Sharpe,Standard Sentiment,0.1,0.9977843821116564,-0.0172368067109867
2021-05-14,0.0106040590302726,0.0,0.0,0.0106040590302726,0,Maximum Sharpe,Standard Sentiment,0.1,1.0083649465990523,-0.0068155277965706
2021-05-17,0.0057956913068469,0.0,0.0,0.0057956913068469,0,Maximum Sharpe,Standard Sentiment,0.1,1.014209118554186,-0.0010593371849257
2021-05-18,-0.0083641917596658,0.0,0.0,-0.0083641917596658,0,Maximum Sharpe,Standard Sentiment,0.1,1.0057260790021971,-0.0094146684452386
2021-05-19,0.0034470230283269,0.0,0.0,0.0034470230283269,0,Maximum Sharpe,Standard Sentiment,0.1,1.0091928399567067,-0.0060000979958464
2021-05-20,0.0085046722608526,0.0,0.0,0.0085046722608526,0,Maximum Sharpe,Standard Sentiment,0.1,1.0177756943085376,0.0
2021-05-21,0.0016563981626306,0.0,0.0,0.0016563981626306,0,Maximum Sharpe,Standard Sentiment,0.1,1.0194615360985606,0.0
2021-05-24,0.0086417032888957,0.0,0.0,0.0086417032888957,0,Maximum Sharpe,Standard Sentiment,0.1,1.028271420207966,0.0
2021-05-25,-0.005459219038753,0.0,0.0,-0.005459219038753,0,Maximum Sharpe,Standard Sentiment,0.1,1.0226578612937611,-0.0054592190387531
2021-05-26,0.0047113142172815,0.0,0.0,0.0047113142172815,0,Maximum Sharpe,Standard Sentiment,0.1,1.027475923815089,-0.0007736249177442
2021-05-27,0.0001163790909002,0.0,0.0,0.0001163790909002,0,Maximum Sharpe,Standard Sentiment,0.1,1.0275955005290245,-0.0006573358606085
2021-05-28,0.0076666023460665,0.0,0.0,0.0076666023460665,0,Maximum Sharpe,Standard Sentiment,0.1,1.0354736666041875,0.0
2021-06-01,0.01017537102816,0.4064972826092232,0.0004064972826092,0.0097688737455508,0,Maximum Sharpe,Standard Sentiment,0.1,1.0455890781200865,0.0
2021-06-02,-0.005291089946853,0.0,0.0,-0.005291089946853,0,Maximum Sharpe,Standard Sentiment,0.1,1.040056772260306,-0.005291089946853
2021-06-03,0.0047079946604258,0.0,0.0,0.0047079946604258,0,Maximum Sharpe,Standard Sentiment,0.1,1.0449533539906473,-0.0006080057096448
2021-06-04,0.0064196520058764,0.0,0.0,0.0064196520058764,0,Maximum Sharpe,Standard Sentiment,0.1,1.0516615908856408,0.0
2021-06-07,-0.0004314113563105,0.0,0.0,-0.0004314113563105,0,Maximum Sharpe,Standard Sentiment,0.1,1.0512078921323371,-0.0004314113563105
2021-06-08,0.0003265733520853,0.0,0.0,0.0003265733520853,0,Maximum Sharpe,Standard Sentiment,0.1,1.0515511886174094,-0.0001049788916779
2021-06-09,-0.0152456798567605,0.0,0.0,-0.0152456798567605,0,Maximum Sharpe,Standard Sentiment,0.1,1.0355195758427522,-0.0153490582738643
2021-06-10,-0.0031196397629457,0.0,0.0,-0.0031196397629457,0,Maximum Sharpe,Standard Sentiment,0.1,1.0322891277986446,-0.0184208145042951
2021-06-11,0.0007301446030384,0.0,0.0,0.0007301446030384,0,Maximum Sharpe,Standard Sentiment,0.1,1.033042848134082,-0.0177041197595506
2021-06-14,-0.008138701115781,0.0,0.0,-0.008138701115781,0,Maximum Sharpe,Standard Sentiment,0.1,1.0246352211533234,-0.0256987323360907
2021-06-15,-0.0053374898636936,0.0,0.0,-0.0053374898636936,0,Maximum Sharpe,Standard Sentiment,0.1,1.019166241046434,-0.0308990554764307
2021-06-16,-0.0099494857669355,0.0,0.0,-0.0099494857669355,0,Maximum Sharpe,Standard Sentiment,0.1,1.0090260610370012,-0.0405411115306918
2021-06-17,-0.0134829293672991,0.0,0.0,-0.0134829293672991,0,Maximum Sharpe,Standard Sentiment,0.1,0.9954214339262752,-0.0534774279547508
2021-06-18,-0.0070337979434128,0.0,0.0,-0.0070337979434128,0,Maximum Sharpe,Standard Sentiment,0.1,0.9884198406914956,-0.0601350764753966
2021-06-21,0.0208258611714293,0.0,0.0,0.0208258611714293,0,Maximum Sharpe,Standard Sentiment,0.1,1.009004535072823,-0.0405615800581771
2021-06-22,0.0017668126842578,0.0,0.0,0.0017668126842578,0,Maximum Sharpe,Standard Sentiment,0.1,1.0107872570838632,-0.0388664320880597
2021-06-23,-0.0009288751795157,0.0,0.0,-0.0009288751795157,0,Maximum Sharpe,Standard Sentiment,0.1,1.0098483618889873,-0.0397592052034924
2021-06-24,0.0110581938208812,0.0,0.0,0.0110581938208812,0,Maximum Sharpe,Standard Sentiment,0.1,1.0210154608044553,-0.0291406763799154
2021-06-25,-0.0005227934948488,0.0,0.0,-0.0005227934948488,0,Maximum Sharpe,Standard Sentiment,0.1,1.0204816805634065,-0.0296482353187175
2021-06-28,0.0008178772376809,0.0,0.0,0.0008178772376809,0,Maximum Sharpe,Standard Sentiment,0.1,1.0213163093014097,-0.0288546066978411
2021-06-29,0.0063153153817479,0.0,0.0,0.0063153153817479,0,Maximum Sharpe,Standard Sentiment,0.1,1.0277662438991708,-0.0227215172576065
2021-06-30,0.0037986994917939,0.0,0.0,0.0037986994917939,0,Maximum Sharpe,Standard Sentiment,0.1,1.0316704190075536,-0.0190091299818717
2021-07-01,0.0017979724496762,0.956802458118132,0.0009568024581181,0.0008411699915581,0,Maximum Sharpe,Standard Sentiment,0.1,1.0325382292052012,-0.0181839499000198
2021-07-02,0.0047517280360449,0.0,0.0,0.0047517280360449,0,Maximum Sharpe,Standard Sentiment,0.1,1.0374445700572037,-0.0135186270485209
2021-07-06,-0.0016137324928553,0.0,0.0,-0.0016137324928553,0,Maximum Sharpe,Standard Sentiment,0.1,1.035770412044966,-0.0151105440936493
2021-07-07,0.0009592740075655,0.0,0.0,0.0009592740075655,0,Maximum Sharpe,Standard Sentiment,0.1,1.036763999679046,-0.014165765238273
2021-07-08,-0.0112697101673332,0.0,0.0,-0.0112697101673332,0,Maximum Sharpe,Standard Sentiment,0.1,1.025079969890738,-0.0252758313370724
2021-07-09,0.0187020197070392,0.0,0.0,0.0187020197070392,0,Maximum Sharpe,Standard Sentiment,0.1,1.044251035688926,-0.0070465207258109
2021-07-12,0.0089258576088471,0.0,0.0,0.0089258576088471,0,Maximum Sharpe,Standard Sentiment,0.1,1.0535718717413762,0.0
2021-07-13,-0.0118939995536185,0.0,0.0,-0.0118939995536185,0,Maximum Sharpe,Standard Sentiment,0.1,1.0410406883691792,-0.0118939995536185
2021-07-14,-0.0011455458539541,0.0,0.0,-0.0011455458539541,0,Maximum Sharpe,Standard Sentiment,0.1,1.0398481285248204,-0.013025920285697
2021-07-15,-0.0046454017763725,0.0,0.0,-0.0046454017763725,0,Maximum Sharpe,Standard Sentiment,0.1,1.0350176161814135,-0.0176108114288355
2021-07-16,-0.0143485857448117,0.0,0.0,-0.0143485857448117,0,Maximum Sharpe,Standard Sentiment,0.1,1.020166577168244,-0.0317067069358247
2021-07-19,-0.0128951931385808,0.0,0.0,-0.0128951931385808,0,Maximum Sharpe,Standard Sentiment,0.1,1.0070113321221346,-0.0441930359646798
2021-07-20,0.0158755845815092,0.0,0.0,0.0158755845815092,0,Maximum Sharpe,Standard Sentiment,0.1,1.0229982256997778,-0.0290190416635415
2021-07-21,0.0096343760012503,0.0,0.0,0.0096343760012503,0,Maximum Sharpe,Standard Sentiment,0.1,1.0328541752547813,-0.0196642460208738
2021-07-22,0.0020828288256131,0.0,0.0,0.0020828288256131,0,Maximum Sharpe,Standard Sentiment,0.1,1.035005433703657,-0.0176223744537068
2021-07-23,0.0071765073278591,0.0,0.0,0.0071765073278591,0,Maximum Sharpe,Standard Sentiment,0.1,1.0424331577830053,-0.0105723342252489
2021-07-26,0.0024466200482728,0.0,0.0,0.0024466200482728,0,Maximum Sharpe,Standard Sentiment,0.1,1.0449835956458216,-0.0081515806618486
2021-07-27,-0.0058736619764255,0.0,0.0,-0.0058736619764255,0,Maximum Sharpe,Standard Sentiment,0.1,1.0388457152340882,-0.0139773630088929
2021-07-28,0.0034191178091398,0.0,0.0,0.0034191178091398,0,Maximum Sharpe,Standard Sentiment,0.1,1.0423976511199935,-0.0106060354505416
2021-07-29,0.008254614956356,0.0,0.0,0.008254614956356,0,Maximum Sharpe,Standard Sentiment,0.1,1.0510022423613992,-0.0024389692330433
2021-07-30,-0.0018373054178083,0.0,0.0,-0.0018373054178083,0,Maximum Sharpe,Standard Sentiment,0.1,1.04907123024738,-0.0042717935194658
2021-08-02,-0.00280557746846,0.4192538586118983,0.0004192538586118,-0.0032248313270719,0,Maximum Sharpe,Standard Sentiment,0.1,1.0456881524797483,-0.0074828490329733
2021-08-03,0.0082302893679926,0.0,0.0,0.0082302893679926,0,Maximum Sharpe,Standard Sentiment,0.1,1.0542944685633382,0.0
2021-08-04,-0.0042524421868366,0.0,0.0,-0.0042524421868366,0,Maximum Sharpe,Standard Sentiment,0.1,1.0498111422878709,-0.0042524421868367
2021-08-05,0.0054846927343878,0.0,0.0,0.0054846927343878,0,Maximum Sharpe,Standard Sentiment,0.1,1.0555690338324566,0.0
2021-08-06,0.0025927823918529,0.0,0.0,0.0025927823918529,0,Maximum Sharpe,Standard Sentiment,0.1,1.0583058946367627,0.0
2021-08-09,0.0090363852121864,0.0,0.0,0.0090363852121864,0,Maximum Sharpe,Standard Sentiment,0.1,1.067869154373028,0.0
2021-08-10,0.0158327938855834,0.0,0.0,0.0158327938855834,0,Maximum Sharpe,Standard Sentiment,0.1,1.084776506590989,0.0
2021-08-11,0.0066112106729021,0.0,0.0,0.0066112106729021,0,Maximum Sharpe,Standard Sentiment,0.1,1.0919481926090766,0.0
2021-08-12,0.0073331887965382,0.0,0.0,0.0073331887965382,0,Maximum Sharpe,Standard Sentiment,0.1,1.0999556548615177,0.0
2021-08-13,0.0003173159150179,0.0,0.0,0.0003173159150179,0,Maximum Sharpe,Standard Sentiment,0.1,1.1003046882966194,0.0
2021-08-16,0.000112989633985,0.0,0.0,0.000112989633985,0,Maximum Sharpe,Standard Sentiment,0.1,1.100429011320622,0.0
2021-08-17,-0.0092720247493984,0.0,0.0,-0.0092720247493984,0,Maximum Sharpe,Standard Sentiment,0.1,1.0902258062927013,-0.0092720247493983
2021-08-18,-0.0045596712200409,0.0,0.0,-0.0045596712200409,0,Maximum Sharpe,Standard Sentiment,0.1,1.0852547350604027,-0.0137894185850377
2021-08-19,-0.0032848339245002,0.0,0.0,-0.0032848339245002,0,Maximum Sharpe,Standard Sentiment,0.1,1.081689853489952,-0.0170289565595705
2021-08-20,0.0094086779170773,0.0,0.0,0.0094086779170773,0,Maximum Sharpe,Standard Sentiment,0.1,1.0918671249276093,-0.0077804986100263
2021-08-23,0.009851481027446,0.0,0.0,0.009851481027446,0,Maximum Sharpe,Standard Sentiment,0.1,1.1026236331933257,0.0
2021-08-24,0.0032083844531221,0.0,0.0,0.0032083844531221,0,Maximum Sharpe,Standard Sentiment,0.1,1.1061612737157078,0.0
2021-08-25,-0.0001905795568136,0.0,0.0,-0.0001905795568136,0,Maximum Sharpe,Standard Sentiment,0.1,1.1059504619903986,-0.0001905795568136
2021-08-26,-0.0064912626540198,0.0,0.0,-0.0064912626540198,0,Maximum Sharpe,Standard Sentiment,0.1,1.0987714470592844,-0.0066806051088736
2021-08-27,0.0116084180486323,0.0,0.0,0.0116084180486323,0,Maximum Sharpe,Standard Sentiment,0.1,1.1115264453566491,0.0
2021-08-30,0.0023692144439,0.0,0.0,0.0023692144439,0,Maximum Sharpe,Standard Sentiment,0.1,1.114159889865765,0.0
2021-08-31,-0.0022985924936927,0.0,0.0,-0.0022985924936927,0,Maximum Sharpe,Standard Sentiment,0.1,1.111598890306146,-0.0022985924936926
2021-09-01,0.0054154166164587,0.3635044117668685,0.0003635044117668,0.0050519122046918,0,Maximum Sharpe,Standard Sentiment,0.1,1.1172145903068056,0.0
2021-09-02,0.0025258021181296,0.0,0.0,0.0025258021181296,0,Maximum Sharpe,Standard Sentiment,0.1,1.1200364532854077,0.0
2021-09-03,-0.0028650997528418,0.0,0.0,-0.0028650997528418,0,Maximum Sharpe,Standard Sentiment,0.1,1.1168274371199258,-0.0028650997528418
2021-09-07,-0.0086707381545425,0.0,0.0,-0.0086707381545425,0,Maximum Sharpe,Standard Sentiment,0.1,1.1071437188488502,-0.0115109953776407
2021-09-08,-0.0004193966704706,0.0,0.0,-0.0004193966704706,0,Maximum Sharpe,Standard Sentiment,0.1,1.1066793864594324,-0.0119255643749762
2021-09-09,-0.0084200144932083,0.0,0.0,-0.0084200144932083,0,Maximum Sharpe,Standard Sentiment,0.1,1.0973611299861092,-0.0202451654433075
2021-09-10,-0.0024922804340702,0.0,0.0,-0.0024922804340702,0,Maximum Sharpe,Standard Sentiment,0.1,1.0946261983127357,-0.0226869892476588
2021-09-13,-0.0041443612274751,0.0,0.0,-0.0041443612274751,0,Maximum Sharpe,Standard Sentiment,0.1,1.09008967193787,-0.0267373273965279
2021-09-14,-0.01082434470404,0.0,0.0,-0.01082434470404,0,Maximum Sharpe,Standard Sentiment,0.1,1.0782901655705004,-0.0372722580523631
2021-09-15,0.0069085916668867,0.0,0.0,0.0069085916668867,0,Maximum Sharpe,Standard Sentiment,0.1,1.0857396320228467,-0.0306211651968629
2021-09-16,-0.0063617944383073,0.0,0.0,-0.0063617944383073,0,Maximum Sharpe,Standard Sentiment,0.1,1.0788323796703938,-0.0367881540767265
2021-09-17,-0.0188890775238356,0.0,0.0,-0.0188890775238356,0,Maximum Sharpe,Standard Sentiment,0.1,1.0584542312155756,-0.0549823373062481
2021-09-20,-0.0168380785440208,0.0,0.0,-0.0168380785440208,0,Maximum Sharpe,Standard Sentiment,0.1,1.0406318957351166,-0.0708946189361724
2021-09-21,-0.0033069799089746,0.0,0.0,-0.0033069799089746,0,Maximum Sharpe,Standard Sentiment,0.1,1.0371905469632825,-0.0739671517646708
2021-09-22,0.0061401747737711,0.0,0.0,0.0061401747737711,0,Maximum Sharpe,Standard Sentiment,0.1,1.0435590781953403,-0.0682811482302526
2021-09-23,0.0056036978990886,0.0,0.0,0.0056036978990886,0,Maximum Sharpe,Standard Sentiment,0.1,1.0494068680093984,-0.0630600772580491
2021-09-24,-0.0059172045663753,0.0,0.0,-0.0059172045663753,0,Maximum Sharpe,Standard Sentiment,0.1,1.0431973128980276,-0.0686041424473171
2021-09-27,-0.004585981069527,0.0,0.0,-0.004585981069527,0,Maximum Sharpe,Standard Sentiment,0.1,1.0384132297692956,-0.0728755062182898
2021-09-28,-0.0064566920509361,0.0,0.0,-0.0064566920509361,0,Maximum Sharpe,Standard Sentiment,0.1,1.0317085153230574,-0.0788616635675183
2021-09-29,0.0001732361837099,0.0,0.0,0.0001732361837099,0,Maximum Sharpe,Standard Sentiment,0.1,1.031887244568953,-0.0787020890774458
2021-09-30,-0.0141807746729198,0.0,0.0,-0.0141807746729198,0,Maximum Sharpe,Standard Sentiment,0.1,1.0172542840658607,-0.0917668071588702
2021-10-01,0.0077070726134485,0.6585075779383114,0.0006585075779383,0.0070485650355102,0,Maximum Sharpe,Standard Sentiment,0.1,1.0244244670447504,-0.0853650664317203
2021-10-04,-0.0089378701568904,0.0,0.0,-0.0089378701568904,0,Maximum Sharpe,Standard Sentiment,0.1,1.0152682941727629,-0.0935399547089096
2021-10-05,0.0069894906606904,0.0,0.0,0.0069894906606904,0,Maximum Sharpe,Standard Sentiment,0.1,1.0223645024329786,-0.0872042606880584
2021-10-06,0.0084992166023603,0.0,0.0,0.0084992166023603,0,Maximum Sharpe,Standard Sentiment,0.1,1.0310537997857208,-0.0794462119859347
2021-10-07,0.0057573049003537,0.0,0.0,0.0057573049003537,0,Maximum Sharpe,Standard Sentiment,0.1,1.0369898908797552,-0.0741463031511623
2021-10-08,-0.0018370182222125,0.0,0.0,-0.0018370182222125,0,Maximum Sharpe,Standard Sentiment,0.1,1.035084921553959,-0.0758471132633763
2021-10-11,-0.00278754387517,0.0,0.0,-0.00278754387517,0,Maximum Sharpe,Standard Sentiment,0.1,1.0321995769206005,-0.0784232299825197
2021-10-12,0.0131967681156982,0.0,0.0,0.0131967681156982,0,Maximum Sharpe,Standard Sentiment,0.1,1.0458212753863436,-0.0662613950477847
2021-10-13,0.0107994751493667,0.0,0.0,0.0107994751493667,0,Maximum Sharpe,Standard Sentiment,0.1,1.0571155962605574,-0.0561775081875989
2021-10-14,0.0221615514140187,0.0,0.0,0.0221615514140187,0,Maximum Sharpe,Standard Sentiment,0.1,1.080542917897647,-0.035260937509591
2021-10-15,-0.0035504101469167,0.0,0.0,-0.0035504101469167,0,Maximum Sharpe,Standard Sentiment,0.1,1.076706547357764,-0.038686156866184
2021-10-18,0.0072228554241856,0.0,0.0,0.0072228554241856,0,Maximum Sharpe,Standard Sentiment,0.1,1.084483443083603,-0.0317427259599604
2021-10-19,0.0002913300492879,0.0,0.0,0.0002913300492879,0,Maximum Sharpe,Standard Sentiment,0.1,1.0847993856985283,-0.0314606435205908
2021-10-20,0.0017617320914062,0.0,0.0,0.0017617320914062,0,Maximum Sharpe,Standard Sentiment,0.1,1.0867105115890514,-0.0297543366544911
2021-10-21,-0.001810274331349,0.0,0.0,-0.001810274331349,0,Maximum Sharpe,Standard Sentiment,0.1,1.0847432674443145,-0.0315107474739483
2021-10-22,0.0112145193258753,0.0,0.0,0.0112145193258753,0,Maximum Sharpe,Standard Sentiment,0.1,1.096908141780682,-0.0206496060345924
2021-10-25,0.0118035217976329,0.0,0.0,0.0118035217976329,0,Maximum Sharpe,Standard Sentiment,0.1,1.1098555209421912,-0.0090898223119012
2021-10-26,0.0119131282051704,0.0,0.0,0.0119131282051704,0,Maximum Sharpe,Standard Sentiment,0.1,1.123077372052392,0.0
2021-10-27,-0.0181462817783822,0.0,0.0,-0.0181462817783822,0,Maximum Sharpe,Standard Sentiment,0.1,1.1026976936002042,-0.0181462817783821
2021-10-28,0.0210187100315416,0.0,0.0,0.0210187100315416,0,Maximum Sharpe,Standard Sentiment,0.1,1.1258749766744367,0.0
2021-10-29,0.0043886640682574,0.0,0.0,0.0043886640682574,0,Maximum Sharpe,Standard Sentiment,0.1,1.1308160637299178,0.0
2021-11-01,0.0042441892439657,0.8265475785691487,0.0008265475785691,0.0034176416653966,0,Maximum Sharpe,Standard Sentiment,0.1,1.134680787825221,0.0
2021-11-02,0.0111436786622021,0.0,0.0,0.0111436786622021,0,Maximum Sharpe,Standard Sentiment,0.1,1.1473253059089197,0.0
2021-11-03,-0.0053167532489589,0.0,0.0,-0.0053167532489589,0,Maximum Sharpe,Standard Sentiment,0.1,1.1412252603611155,-0.005316753248959
2021-11-04,0.0058721988012164,0.0,0.0,0.0058721988012164,0,Maximum Sharpe,Standard Sentiment,0.1,1.147926761966926,0.0
2021-11-05,-0.0184477603424022,0.0,0.0,-0.0184477603424022,0,Maximum Sharpe,Standard Sentiment,0.1,1.1267500841715303,-0.0184477603424022
2021-11-08,0.0100384003425183,0.0,0.0,0.0100384003425183,0,Maximum Sharpe,Standard Sentiment,0.1,1.1380608526024103,-0.0085945460036238
2021-11-09,-0.0027447713478968,0.0,0.0,-0.0027447713478968,0,Maximum Sharpe,Standard Sentiment,0.1,1.1349371357820242,-0.0113157272879017
2021-11-10,-0.0053453656523177,0.0,0.0,-0.0053453656523177,0,Maximum Sharpe,Standard Sentiment,0.1,1.128870481798875,-0.0166006062402437
2021-11-11,0.0077222734663415,0.0,0.0,0.0077222734663415,0,Maximum Sharpe,Standard Sentiment,0.1,1.1375879283674069,-0.0090065271949962
2021-11-12,0.0027700366238675,0.0,0.0,0.0027700366238675,0,Maximum Sharpe,Standard Sentiment,0.1,1.1407390885918542,-0.0062614389813127
2021-11-15,0.0023296276034298,0.0,0.0,0.0023296276034298,0,Maximum Sharpe,Standard Sentiment,0.1,1.1433965858609494,-0.0039463981989708
2021-11-16,-0.0038327999667234,0.0,0.0,-0.0038327999667234,0,Maximum Sharpe,Standard Sentiment,0.1,1.1390141754647098,-0.0077640724108085
2021-11-17,-0.0057564448143152,0.0,0.0,-0.0057564448143152,0,Maximum Sharpe,Standard Sentiment,0.1,1.1324575032209243,-0.0134758237707565
2021-11-18,0.009275088598176,0.0,0.0,0.009275088598176,0,Maximum Sharpe,Standard Sentiment,0.1,1.1429611468969678,-0.0043257246319876
2021-11-19,-0.0091086384135108,0.0,0.0,-0.0091086384135108,0,Maximum Sharpe,Standard Sentiment,0.1,1.1325503270891917,-0.0133949615839493
2021-11-22,0.002408655904537,0.0,0.0,0.002408655904537,0,Maximum Sharpe,Standard Sentiment,0.1,1.1352782511217203,-0.0110185695327224
2021-11-23,0.0117227394319961,0.0,0.0,0.0117227394319961,0,Maximum Sharpe,Standard Sentiment,0.1,1.1485868222424327,0.0
2021-11-24,0.0057474201877794,0.0,0.0,0.0057474201877794,0,Maximum Sharpe,Standard Sentiment,0.1,1.1551882333320065,0.0
2021-11-26,-0.0280853548680268,0.0,0.0,-0.0280853548680268,0,Maximum Sharpe,Standard Sentiment,0.1,1.122744361859508,-0.0280853548680268
2021-11-29,0.012952704827123,0.0,0.0,0.012952704827123,0,Maximum Sharpe,Standard Sentiment,0.1,1.1372869381749906,-0.0154964313524744
2021-11-30,-0.016125140782149,0.0,0.0,-0.016125140782149,0,Maximum Sharpe,Standard Sentiment,0.1,1.1189480261872196,-0.031371689997444
2021-12-01,-0.0101511338056688,0.512570593119819,0.0005125705931198,-0.0106637043987886,0,Maximum Sharpe,Standard Sentiment,0.1,1.1070158951983509,-0.0417008559676096
2021-12-02,0.025796006381172,0.0,0.0,0.025796006381172,0,Maximum Sharpe,Standard Sentiment,0.1,1.1355724842949464,-0.0169805651330783
2021-12-03,-0.0076996877796717,0.0,0.0,-0.0076996877796717,0,Maximum Sharpe,Standard Sentiment,0.1,1.1268289307146893,-0.0245495078629028
2021-12-06,0.0066313307139679,0.0,0.0,0.0066313307139679,0,Maximum Sharpe,Standard Sentiment,0.1,1.1343013060123253,-0.018080973054439
2021-12-07,0.02153062268471,0.0,0.0,0.02153062268471,0,Maximum Sharpe,Standard Sentiment,0.1,1.1587235194428505,0.0
2021-12-08,-0.0014242803924242,0.0,0.0,-0.0014242803924242,0,Maximum Sharpe,Standard Sentiment,0.1,1.1570731722538672,-0.0014242803924242
2021-12-09,-0.0076804180134346,0.0,0.0,-0.0076804180134346,0,Maximum Sharpe,Standard Sentiment,0.1,1.1481863666188268,-0.0090937593370765
2021-12-10,0.0056341753539662,0.0,0.0,0.0056341753539662,0,Maximum Sharpe,Standard Sentiment,0.1,1.1546554499473904,-0.0035108198178424
2021-12-13,-0.0051206269737571,0.0,0.0,-0.0051206269737571,0,Maximum Sharpe,Standard Sentiment,0.1,1.148742890104994,-0.0086134691929403
2021-12-14,0.0022034464867527,0.0,0.0,0.0022034464867527,0,Maximum Sharpe,Standard Sentiment,0.1,1.1512740835903783,-0.0064290020246193
2021-12-15,0.0201962117531799,0.0,0.0,0.0201962117531799,0,Maximum Sharpe,Standard Sentiment,0.1,1.174525458768518,0.0
2021-12-16,0.0001147263907202,0.0,0.0,0.0001147263907202,0,Maximum Sharpe,Standard Sentiment,0.1,1.1746602078352113,0.0
2021-12-17,-0.0130821552587309,0.0,0.0,-0.0130821552587309,0,Maximum Sharpe,Standard Sentiment,0.1,1.1592931206200578,-0.013082155258731
2021-12-20,-0.0037488780758183,0.0,0.0,-0.0037488780758183,0,Maximum Sharpe,Standard Sentiment,0.1,1.1549470720567183,-0.0167819899295154
2021-12-21,0.0079945432553425,0.0,0.0,0.0079945432553425,0,Maximum Sharpe,Standard Sentiment,0.1,1.164180346381907,-0.0089216110185751
2021-12-22,0.0093403257150577,0.0,0.0,0.0093403257150577,0,Maximum Sharpe,Standard Sentiment,0.1,1.175054170008183,0.0
2021-12-23,-0.0004926956209842,0.0,0.0,-0.0004926956209842,0,Maximum Sharpe,Standard Sentiment,0.1,1.1744752259642004,-0.0004926956209841
2021-12-27,0.0195541394428699,0.0,0.0,0.0195541394428699,0,Maximum Sharpe,Standard Sentiment,0.1,1.1974410783049003,0.0
2021-12-28,-0.0024881397390627,0.0,0.0,-0.0024881397390627,0,Maximum Sharpe,Standard Sentiment,0.1,1.194461677572784,-0.0024881397390625
2021-12-29,0.0015751340441699,0.0,0.0,0.0015751340441699,0,Maximum Sharpe,Standard Sentiment,0.1,1.1963431148255852,-0.0009169248485024
2021-12-30,-0.0039039100019883,0.0,0.0,-0.0039039100019883,0,Maximum Sharpe,Standard Sentiment,0.1,1.1916726989738076,-0.0048172552584038
2021-12-31,-8.770259150730109e-05,0.0,0.0,-8.770259150730109e-05,0,Maximum Sharpe,Standard Sentiment,0.1,1.191568186189879,-0.004904535364141
2022-01-03,-0.0088764050790183,0.5121398145701009,0.0005121398145701,-0.0093885448935884,0,Maximum Sharpe,Standard Sentiment,0.1,1.1803810947800637,-0.0142470338072808
2022-01-04,8.620456483802213e-05,0.0,0.0,8.620456483802213e-05,0,Maximum Sharpe,Standard Sentiment,0.1,1.1804828490186825,-0.0141620574017924
2022-01-05,-0.0082108565113842,0.0,0.0,-0.0082108565113842,0,Maximum Sharpe,Standard Sentiment,0.1,1.1707900737312398,-0.0222566312919446
2022-01-06,0.0024619712712637,0.0,0.0,0.0024619712712637,0,Maximum Sharpe,Standard Sentiment,0.1,1.1736725252574467,-0.0198494552075169
2022-01-07,-0.0151443413866875,0.0,0.0,-0.0151443413866875,0,Maximum Sharpe,Standard Sentiment,0.1,1.1558980278587725,-0.034693189668202
2022-01-10,0.0037391595918368,0.0,0.0,0.0037391595918368,0,Maximum Sharpe,Standard Sentiment,0.1,1.1602201150568257,-0.0310837534492844
2022-01-11,0.0073834868862297,0.0,0.0,0.0073834868862297,0,Maximum Sharpe,Standard Sentiment,0.1,1.1687865850614876,-0.0239297730490224
2022-01-12,0.0085407531125277,0.0,0.0,0.0085407531125277,0,Maximum Sharpe,Standard Sentiment,0.1,1.178768902725732,-0.0155933982201453
2022-01-13,-0.013787445572989,0.0,0.0,-0.013787445572989,0,Maximum Sharpe,Standard Sentiment,0.1,1.162516690636269,-0.0291658506638762
2022-01-14,-0.0011870453883594,0.0,0.0,-0.0011870453883594,0,Maximum Sharpe,Standard Sentiment,0.1,1.1611367305597582,-0.0303182748637075
2022-01-18,-0.0123098214755443,0.0,0.0,-0.0123098214755443,0,Maximum Sharpe,Standard Sentiment,0.1,1.1468433446978703,-0.042254883788233
2022-01-19,-0.0116217459300485,0.0,0.0,-0.0116217459300485,0,Maximum Sharpe,Standard Sentiment,0.1,1.1335150227242248,-0.053385554194591
2022-01-20,-0.0171117334100735,0.0,0.0,-0.0171117334100735,0,Maximum Sharpe,Standard Sentiment,0.1,1.1141186158390544,-0.0695837682333376
2022-01-21,-0.0106236562327979,0.0,0.0,-0.0106236562327979,0,Maximum Sharpe,Standard Sentiment,0.1,1.1022826026618195,-0.0794681904330419
2022-01-24,-0.0006331651120036,0.0,0.0,-0.0006331651120036,0,Maximum Sharpe,Standard Sentiment,0.1,1.1015846757742456,-0.0800510390593493
2022-01-25,-0.000886786353213,0.0,0.0,-0.000886786353213,0,Maximum Sharpe,Standard Sentiment,0.1,1.1006078055168604,-0.0808668372435639
2022-01-26,-0.0097256585605397,0.0,0.0,-0.0097256585605397,0,Maximum Sharpe,Standard Sentiment,0.1,1.0899036697913385,-0.0898060125562021
2022-01-27,-0.0022691953295376,0.0,0.0,-0.0022691953295376,0,Maximum Sharpe,Standard Sentiment,0.1,1.087430465474202,-0.0918714205014828
2022-01-28,0.0331689651227283,0.0,0.0,0.0331689651227283,0,Maximum Sharpe,Standard Sentiment,0.1,1.123499408656908,-0.0617497353211438
2022-01-31,0.0078659984982183,0.0,0.0,0.0078659984982183,0,Maximum Sharpe,Standard Sentiment,0.1,1.1323368533181524,-0.0543694601482269
2022-02-01,0.0055202778263306,0.6293966039234573,0.0006293966039234,0.0048908812224071,0,Maximum Sharpe,Standard Sentiment,0.1,1.1378749783714857,-0.0497444934975311
2022-02-02,0.0271552551854276,0.0,0.0,0.0271552551854276,0,Maximum Sharpe,Standard Sentiment,0.1,1.168774263778276,-0.023940062727099
2022-02-03,-0.0083409823240212,0.0,0.0,-0.0083409823240212,0,Maximum Sharpe,Standard Sentiment,0.1,1.1590255383033303,-0.0320813614110776
2022-02-04,-0.0032938165098886,0.0,0.0,-0.0032938165098886,0,Maximum Sharpe,Standard Sentiment,0.1,1.1552079208498844,-0.0352695078030907
2022-02-07,0.0039542522196221,0.0,0.0,0.0039542522196221,0,Maximum Sharpe,Standard Sentiment,0.1,1.1597759043350302,-0.031454720112984
2022-02-08,0.0022441598830599,0.0,0.0,0.0022441598830599,0,Maximum Sharpe,Standard Sentiment,0.1,1.1623786268928782,-0.0292811496509346
2022-02-09,0.0198516107408975,0.0,0.0,0.0198516107408975,0,Maximum Sharpe,Standard Sentiment,0.1,1.1854537149274944,-0.0100108168949535
2022-02-10,-0.0198942572628383,0.0,0.0,-0.0198942572628383,0,Maximum Sharpe,Standard Sentiment,0.1,1.1618699937495394,-0.0297059163910725
2022-02-11,-0.0056638328817183,0.0,0.0,-0.0056638328817183,0,Maximum Sharpe,Standard Sentiment,0.1,1.155289356274659,-0.0352014999267535
2022-02-14,-0.0071047604688578,0.0,0.0,-0.0071047604688578,0,Maximum Sharpe,Standard Sentiment,0.1,1.1470813021261066,-0.0420561621704872
2022-02-15,0.0016509668515656,0.0,0.0,0.0016509668515656,0,Maximum Sharpe,Standard Sentiment,0.1,1.1489750953319675,-0.0404746286485691
2022-02-16,0.0014427696348445,0.0,0.0,0.0014427696348445,0,Maximum Sharpe,Standard Sentiment,0.1,1.150632801710705,-0.0390902545789203
2022-02-17,-0.0144202067201268,0.0,0.0,-0.0144202067201268,0,Maximum Sharpe,Standard Sentiment,0.1,1.134040438851078,-0.0529467717472769
2022-02-18,-0.0090355877133087,0.0,0.0,-0.0090355877133087,0,Maximum Sharpe,Standard Sentiment,0.1,1.1237937169953998,-0.0615039542603266
2022-02-22,-0.0067094008248897,0.0,0.0,-0.0067094008248897,0,Maximum Sharpe,Standard Sentiment,0.1,1.116253734503585,-0.067800700403768
2022-02-23,0.008537110191037,0.0,0.0,0.008537110191037,0,Maximum Sharpe,Standard Sentiment,0.1,1.1257833156361987,-0.0598424122631074
2022-02-24,0.0014500587689716,0.0,0.0,0.0014500587689716,0,Maximum Sharpe,Standard Sentiment,0.1,1.127415767604999,-0.0584791285087943
2022-02-25,0.0347069244830401,0.0,0.0,0.0347069244830401,0,Maximum Sharpe,Standard Sentiment,0.1,1.1665449015122544,-0.0258018347227428
2022-02-28,-0.0045906740238113,0.0,0.0,-0.0045906740238113,0,Maximum Sharpe,Standard Sentiment,0.1,1.1611896741352723,-0.0302740609341258
2022-03-01,0.0058066469315343,0.4062559283267018,0.0004062559283267,0.0054003910032076,0,Maximum Sharpe,Standard Sentiment,0.1,1.1674605524044903,-0.0250371616972174
2022-03-02,0.0189313399285247,0.0,0.0,0.0189313399285247,0,Maximum Sharpe,Standard Sentiment,0.1,1.189562144975203,-0.0065798087876282
2022-03-03,0.0090765671620008,0.0,0.0,0.0090765671620008,0,Maximum Sharpe,Standard Sentiment,0.1,1.200359285677444,0.0
2022-03-04,0.010568202504906,0.0,0.0,0.010568202504906,0,Maximum Sharpe,Standard Sentiment,0.1,1.213044925687128,0.0
2022-03-07,-0.0089290619526321,0.0,0.0,-0.0089290619526321,0,Maximum Sharpe,Standard Sentiment,0.1,1.2022135723943417,-0.0089290619526321
2022-03-08,-0.0220857856817399,0.0,0.0,-0.0220857856817399,0,Maximum Sharpe,Standard Sentiment,0.1,1.175661741090761,-0.0308176422857472
2022-03-09,0.0077698493123972,0.0,0.0,0.0077698493123972,0,Maximum Sharpe,Standard Sentiment,0.1,1.1847964556613868,-0.0232872414100736
2022-03-10,0.0074928391699376,0.0,0.0,0.0074928391699376,0,Maximum Sharpe,Standard Sentiment,0.1,1.1936739449527696,-0.0159688897947333
2022-03-11,-0.007185880791213,0.0,0.0,-0.007185880791213,0,Maximum Sharpe,Standard Sentiment,0.1,1.185096346280762,-0.0230400200475133
2022-03-14,-0.0110728855860513,0.0,0.0,-0.0110728855860513,0,Maximum Sharpe,Standard Sentiment,0.1,1.1719739100299476,-0.0338577861276784
2022-03-15,0.0067356887698814,0.0,0.0,0.0067356887698814,0,Maximum Sharpe,Standard Sentiment,0.1,1.1798679615343304,-0.0273501528675901
2022-03-16,0.0061058932202243,0.0,0.0,0.0061058932202243,0,Maximum Sharpe,Standard Sentiment,0.1,1.1870721093214227,-0.0214112567603321
2022-03-17,0.0199427569629419,0.0,0.0,0.0199427569629419,0,Maximum Sharpe,Standard Sentiment,0.1,1.2107455998951069,-0.0018954992872326
2022-03-18,0.0066304159417515,0.0,0.0,0.0066304159417515,0,Maximum Sharpe,Standard Sentiment,0.1,1.2187733468220567,0.0
2022-03-21,0.0138143898308265,0.0,0.0,0.0138143898308265,0,Maximum Sharpe,Standard Sentiment,0.1,1.2356099569504777,0.0
2022-03-22,0.0023365677880704,0.0,0.0,0.0023365677880704,0,Maximum Sharpe,Standard Sentiment,0.1,1.2384970433745073,0.0
2022-03-23,5.400269814920141e-05,0.0,0.0,5.400269814920141e-05,0,Maximum Sharpe,Standard Sentiment,0.1,1.2385639255564993,0.0
2022-03-24,0.0183906437054516,0.0,0.0,0.0183906437054516,0,Maximum Sharpe,Standard Sentiment,0.1,1.2613419134178343,0.0
2022-03-25,0.0105773890199567,0.0,0.0,0.0105773890199567,0,Maximum Sharpe,Standard Sentiment,0.1,1.2746836175232317,0.0
2022-03-28,0.0030529856734683,0.0,0.0,0.0030529856734683,0,Maximum Sharpe,Standard Sentiment,0.1,1.2785752083457351,0.0
2022-03-29,0.0107191831806019,0.0,0.0,0.0107191831806019,0,Maximum Sharpe,Standard Sentiment,0.1,1.2922804902141694,0.0
2022-03-30,0.0007385681826652,0.0,0.0,0.0007385681826652,0,Maximum Sharpe,Standard Sentiment,0.1,1.2932349274673207,0.0
2022-03-31,-0.0112259826359199,0.0,0.0,-0.0112259826359199,0,Maximum Sharpe,Standard Sentiment,0.1,1.2787170946274071,-0.01122598263592
2022-04-01,0.0098917278405467,0.5504927547194612,0.0005504927547194,0.0093412350858272,0,Maximum Sharpe,Standard Sentiment,0.1,1.290661891616588,-0.0019896120929643
2022-04-04,-0.0029881416965178,0.0,0.0,-0.0029881416965178,0,Maximum Sharpe,Standard Sentiment,0.1,1.2868052110021415,-0.0049718085466272
2022-04-05,-0.0034010861077231,0.0,0.0,-0.0034010861077231,0,Maximum Sharpe,Standard Sentiment,0.1,1.2824286756756569,-0.0083559851053721
2022-04-06,0.0163313901321912,0.0,0.0,0.0163313901321912,0,Maximum Sharpe,Standard Sentiment,0.1,1.3033725186948253,0.0
2022-04-07,0.01239570068294,0.0,0.0,0.01239570068294,0,Maximum Sharpe,Standard Sentiment,0.1,1.319528734314936,0.0
2022-04-08,0.0045685204669534,0.0,0.0,0.0045685204669534,0,Maximum Sharpe,Standard Sentiment,0.1,1.325557028344387,0.0
2022-04-11,-0.0250953069104161,0.0,0.0,-0.0250953069104161,0,Maximum Sharpe,Standard Sentiment,0.1,1.2922917678908252,-0.0250953069104162
2022-04-12,0.0049720707825061,0.0,0.0,0.0049720707825061,0,Maximum Sharpe,Standard Sentiment,0.1,1.2987171340324284,-0.0202480117701774
2022-04-13,-0.0050233249426771,0.0,0.0,-0.0050233249426771,0,Maximum Sharpe,Standard Sentiment,0.1,1.2921932558595612,-0.0251696243702896
2022-04-14,0.0061993471452452,0.0,0.0,0.0061993471452452,0,Maximum Sharpe,Standard Sentiment,0.1,1.3002040104313797,-0.0191263124640312
2022-04-18,0.0028659369107448,0.0,0.0,0.0028659369107448,0,Maximum Sharpe,Standard Sentiment,0.1,1.3039303130963733,-0.0163151903581434
2022-04-19,-0.0037654279172027,0.0,0.0,-0.0037654279172027,0,Maximum Sharpe,Standard Sentiment,0.1,1.2990204574933533,-0.0200191846020971
2022-04-20,0.0051407156074828,0.0,0.0,0.0051407156074828,0,Maximum Sharpe,Standard Sentiment,0.1,1.3056983522336287,-0.0149813819293475
2022-04-21,-0.0186164803791771,0.0,0.0,-0.0186164803791771,0,Maximum Sharpe,Standard Sentiment,0.1,1.2813908444781474,-0.033318961705784
2022-04-22,-0.0269222117801729,0.0,0.0,-0.0269222117801729,0,Maximum Sharpe,Standard Sentiment,0.1,1.2468929687899322,-0.0593441533426183
2022-04-25,-0.0076905706930364,0.0,0.0,-0.0076905706930364,0,Maximum Sharpe,Standard Sentiment,0.1,1.2373036502668031,-0.066578333629155
2022-04-26,-0.0104314816761565,0.0,0.0,-0.0104314816761565,0,Maximum Sharpe,Standard Sentiment,0.1,1.2243967399112032,-0.07631530463803
2022-04-27,0.0007226464672943,0.0,0.0,0.0007226464672943,0,Maximum Sharpe,Standard Sentiment,0.1,1.225281545889867,-0.0756478071560327
2022-04-28,0.019976151714007,0.0,0.0,0.019976151714007,0,Maximum Sharpe,Standard Sentiment,0.1,1.249757955942936,-0.0571828075146065
2022-04-29,-0.0532357307170532,0.0,0.0,-0.0532357307170532,0,Maximum Sharpe,Standard Sentiment,0.1,1.1832261779388629,-0.1073743696891671
2022-05-02,-0.0121614687850775,0.9422525578971604,0.0009422525578971,-0.0131037213429746,0,Maximum Sharpe,Standard Sentiment,0.1,1.167721511817439,-0.1190710872123573
2022-05-03,0.0091255106850398,0.0,0.0,0.0091255106850398,0,Maximum Sharpe,Standard Sentiment,0.1,1.17837756695068,-0.1110321610059532
2022-05-04,0.018484875443969,0.0,0.0,0.018484875443969,0,Maximum Sharpe,Standard Sentiment,0.1,1.2001597295017306,-0.094599701228454
2022-05-05,-0.023400893157957,0.0,0.0,-0.023400893157957,0,Maximum Sharpe,Standard Sentiment,0.1,1.172074919899178,-0.1157868768851893
2022-05-06,0.000720233855154,0.0,0.0,0.000720233855154,0,Maximum Sharpe,Standard Sentiment,0.1,1.1729190879372666,-0.1151500366587503
2022-05-09,-0.0536060915508906,0.0,0.0,-0.0536060915508906,0,Maximum Sharpe,Standard Sentiment,0.1,1.1100434799275145,-0.1625833848024236
2022-05-10,-0.0076660983230577,0.0,0.0,-0.0076660983230577,0,Maximum Sharpe,Standard Sentiment,0.1,1.101533777467521,-0.1690031029118903
2022-05-11,-0.0008996508409151,0.0,0.0,-0.0008996508409151,0,Maximum Sharpe,Standard Sentiment,0.1,1.1005427816783258,-0.1697507099691536
2022-05-12,0.0058206798412705,0.0,0.0,0.0058206798412705,0,Maximum Sharpe,Standard Sentiment,0.1,1.1069486888620963,-0.1649180946634419
2022-05-13,0.0163914560963181,0.0,0.0,0.0163914560963181,0,Maximum Sharpe,Standard Sentiment,0.1,1.1250931896964564,-0.1512298862752881
2022-05-16,0.0051157696951379,0.0,0.0,0.0051157696951379,0,Maximum Sharpe,Standard Sentiment,0.1,1.1308489073405117,-0.1468877738493565
2022-05-17,0.0080417542981562,0.0,0.0,0.0080417542981562,0,Maximum Sharpe,Standard Sentiment,0.1,1.1399429164016823,-0.1400272549379
2022-05-18,-0.0313393165625172,0.0,0.0,-0.0313393165625172,0,Maximum Sharpe,Standard Sentiment,0.1,1.1042178844813708,-0.1669782130305381
2022-05-19,0.0007718549796081,0.0,0.0,0.0007718549796081,0,Maximum Sharpe,Standard Sentiment,0.1,1.1050701805540804,-0.1663352410161435
2022-05-20,0.0020897405551537,0.0,0.0,0.0020897405551537,0,Maximum Sharpe,Standard Sentiment,0.1,1.1073794905266752,-0.1645930979598925
2022-05-23,0.01604042183605,0.0,0.0,0.01604042183605,0,Maximum Sharpe,Standard Sentiment,0.1,1.1251423246873131,-0.1511928188464214
2022-05-24,0.002933184658814,0.0,0.0,0.002933184658814,0,Maximum Sharpe,Standard Sentiment,0.1,1.1284425748930689,-0.1487031106443704
2022-05-25,0.0111266872578282,0.0,0.0,0.0111266872578282,0,Maximum Sharpe,Standard Sentiment,0.1,1.1409984025123223,-0.1392309963929483
2022-05-26,0.0095878316510675,0.0,0.0,0.0095878316510675,0,Maximum Sharpe,Standard Sentiment,0.1,1.1519381031097475,-0.1309780880959067
2022-05-27,0.0188450238586855,0.0,0.0,0.0188450238586855,0,Maximum Sharpe,Standard Sentiment,0.1,1.17364640414658,-0.1146013494323533
2022-05-31,-0.0157300780743651,0.0,0.0,-0.0157300780743651,0,Maximum Sharpe,Standard Sentiment,0.1,1.1551848545776562,-0.1285287393327201
2022-06-01,0.0014335738386042,1.131677320616634,0.0011316773206166,0.0003018965179876,0,Maximum Sharpe,Standard Sentiment,0.1,1.1555336008628851,-0.1282656451935984
2022-06-02,0.0017934306141909,0.0,0.0,0.0017934306141909,0,Maximum Sharpe,Standard Sentiment,0.1,1.157605970198399,-0.1267022501142466
2022-06-03,0.0023504874369369,0.0,0.0,0.0023504874369369,0,Maximum Sharpe,Standard Sentiment,0.1,1.1603269084882737,-0.1246495747244348
2022-06-06,-0.0029492435455964,0.0,0.0,-0.0029492435455964,0,Maximum Sharpe,Standard Sentiment,0.1,1.1569048218426323,-0.1272311963163139
2022-06-07,0.0133008822260246,0.0,0.0,0.0133008822260246,0,Maximum Sharpe,Standard Sentiment,0.1,1.1722926766246813,-0.1156226012479688
2022-06-08,-0.0078561357111502,0.0,0.0,-0.0078561357111502,0,Maximum Sharpe,Standard Sentiment,0.1,1.1630829862639305,-0.1225703901124388
2022-06-09,-0.0250317787036039,0.0,0.0,-0.0250317787036039,0,Maximum Sharpe,Standard Sentiment,0.1,1.1339689503378447,-0.1445340139351338
2022-06-10,-0.0125649743840473,0.0,0.0,-0.0125649743840473,0,Maximum Sharpe,Standard Sentiment,0.1,1.1197206595245446,-0.1552829221364627
2022-06-13,-0.0432078741931012,0.0,0.0,-0.0432078741931012,0,Maximum Sharpe,Standard Sentiment,0.1,1.0713399101363916,-0.1917813513655546
2022-06-14,-0.0075954254348871,0.0,0.0,-0.0075954254348871,0,Maximum Sharpe,Standard Sentiment,0.1,1.063202627733532,-0.1979201158463427
2022-06-15,-0.0057873552450929,0.0,0.0,-0.0057873552450929,0,Maximum Sharpe,Standard Sentiment,0.1,1.0570494964293218,-0.2025620370708829
2022-06-16,-0.0234636487562805,0.0,0.0,-0.0234636487562805,0,Maximum Sharpe,Standard Sentiment,0.1,1.032247258327101,-0.2212728413379756
2022-06-17,-0.0213225597686914,0.0,0.0,-0.0213225597686914,0,Maximum Sharpe,Standard Sentiment,0.1,1.0102371044653535,-0.2378772977220498
2022-06-21,0.0354901254606081,0.0,0.0,0.0354901254606081,0,Maximum Sharpe,Standard Sentiment,0.1,1.0460905460477905,-0.2108294674018276
2022-06-22,-0.0063537686106676,0.0,0.0,-0.0063537686106676,0,Maximum Sharpe,Standard Sentiment,0.1,1.039443928772396,-0.2158436743603137
2022-06-23,0.0017218947295206,0.0,0.0,0.0017218947295206,0,Maximum Sharpe,Standard Sentiment,0.1,1.0412337417949813,-0.2144934397160744
2022-06-24,0.0180613035605405,0.0,0.0,0.0180613035605405,0,Maximum Sharpe,Standard Sentiment,0.1,1.060039780483018,-0.2003061672819904
2022-06-27,0.0125394430602499,0.0,0.0,0.0125394430602499,0,Maximum Sharpe,Standard Sentiment,0.1,1.0733320889519846,-0.1902784520009899
2022-06-28,0.0031598025149675,0.0,0.0,0.0031598025149675,0,Maximum Sharpe,Standard Sentiment,0.1,1.0767236063860504,-0.1877198918171994
2022-06-29,-0.0075354241358799,0.0,0.0,-0.0075354241358799,0,Maximum Sharpe,Standard Sentiment,0.1,1.0686100373348173,-0.1938407669494951
2022-06-30,-0.0060693629015968,0.0,0.0,-0.0060693629015968,0,Maximum Sharpe,Standard Sentiment,0.1,1.0621242552179433,-0.1987336398913517
2022-07-01,0.0139677190698097,0.8056078844214046,0.0008056078844214,0.0131621111853883,0,Maximum Sharpe,Standard Sentiment,0.1,1.0761040527578196,-0.1881872829704902
2022-07-05,-0.0135716219147827,0.0,0.0,-0.0135716219147827,0,Maximum Sharpe,Standard Sentiment,0.1,1.061499575412825,-0.1992048982316273
2022-07-06,-0.0030460883148831,0.0,0.0,-0.0030460883148831,0,Maximum Sharpe,Standard Sentiment,0.1,1.0582661539599063,-0.2016441908337396
2022-07-07,0.0039144298934337,0.0,0.0,0.0039144298934337,0,Maximum Sharpe,Standard Sentiment,0.1,1.0624086626281763,-0.1985190829887427
2022-07-08,0.0002690316745567,0.0,0.0,0.0002690316745567,0,Maximum Sharpe,Standard Sentiment,0.1,1.062694484209747,-0.1983034592355138
2022-07-11,0.0005445398199811,0.0,0.0,0.0005445398199811,0,Maximum Sharpe,Standard Sentiment,0.1,1.0632731636728736,-0.1978669035455263
2022-07-12,-0.0079072901970918,0.0,0.0,-0.0079072901970918,0,Maximum Sharpe,Standard Sentiment,0.1,1.0548655542089322,-0.2042096027158837
2022-07-13,-0.0033408574286471,0.0,0.0,-0.0033408574286471,0,Maximum Sharpe,Standard Sentiment,0.1,1.0513413987859292,-0.2068682249762965
2022-07-14,-0.0017728759317837,0.0,0.0,-0.0017728759317837,0,Maximum Sharpe,Standard Sentiment,0.1,1.049477500923934,-0.2082743492109688
2022-07-15,0.0160457913343933,0.0,0.0,0.0160457913343933,0,Maximum Sharpe,Standard Sentiment,0.1,1.0663171979139,-0.1955704846243211
2022-07-18,-0.0116200881598621,0.0,0.0,-0.0116200881598621,0,Maximum Sharpe,Standard Sentiment,0.1,1.0539264980677634,-0.2049180265113818
2022-07-19,0.010334333007358,0.0,0.0,0.010334333007358,0,Maximum Sharpe,Standard Sentiment,0.1,1.0648181254640745,-0.196701384629203
2022-07-20,-0.0079425067152898,0.0,0.0,-0.0079425067152898,0,Maximum Sharpe,Standard Sentiment,0.1,1.0563608003520135,-0.2030815892761686
2022-07-21,-0.0035453860753885,0.0,0.0,-0.0035453860753885,0,Maximum Sharpe,Standard Sentiment,0.1,1.0526155934798591,-0.2059069727127697
2022-07-22,0.0036775629222597,0.0,0.0,0.0036775629222597,0,Maximum Sharpe,Standard Sentiment,0.1,1.056486653557833,-0.2029866456387933
2022-07-25,0.0177990841701213,0.0,0.0,0.0177990841701213,0,Maximum Sharpe,Standard Sentiment,0.1,1.0752911484291188,-0.1888005378598073
2022-07-26,0.0009525182748213,0.0,0.0,0.0009525182748213,0,Maximum Sharpe,Standard Sentiment,0.1,1.076315382898751,-0.1880278555475936
2022-07-27,0.002547411647532,0.0,0.0,0.002547411647532,0,Maximum Sharpe,Standard Sentiment,0.1,1.0790572012415651,-0.185959428249344
2022-07-28,0.0055225308406515,0.0,0.0,0.0055225308406515,0,Maximum Sharpe,Standard Sentiment,0.1,1.0850163279142486,-0.1814638640863096
2022-07-29,-0.0002591109814154,0.0,0.0,-0.0002591109814154,0,Maximum Sharpe,Standard Sentiment,0.1,1.0847351882686709,-0.1816759557878102
2022-08-01,-0.0120520190696707,0.5834331481790002,0.000583433148179,-0.0126354522178497,0,Maximum Sharpe,Standard Sentiment,0.1,1.071029068628282,-0.1920158501471709
2022-08-02,-0.0061924306983661,0.0,0.0,-0.0061924306983661,0,Maximum Sharpe,Standard Sentiment,0.1,1.064396795344866,-0.1970192360005127
2022-08-03,-0.0098332767884588,0.0,0.0,-0.0098332767884588,0,Maximum Sharpe,Standard Sentiment,0.1,1.0539302870434912,-0.2049151681087277
2022-08-04,-0.0168777001804178,0.0,0.0,-0.0168777001804178,0,Maximum Sharpe,Standard Sentiment,0.1,1.0361423676477095,-0.2183343715193866
2022-08-05,0.0050332362487038,0.0,0.0,0.0050332362487038,0,Maximum Sharpe,Standard Sentiment,0.1,1.0413575169713718,-0.2144000637437521
2022-08-08,0.0064468937999095,0.0,0.0,0.0064468937999095,0,Maximum Sharpe,Standard Sentiment,0.1,1.048071038291024,-0.2093353843854922
2022-08-09,0.0151841398677489,0.0,0.0,0.0151841398677489,0,Maximum Sharpe,Standard Sentiment,0.1,1.0639850955277717,-0.1973298222735215
2022-08-10,0.0032614777211868,0.0,0.0,0.0032614777211868,0,Maximum Sharpe,Standard Sentiment,0.1,1.0674552592125104,-0.1947119313714055
2022-08-11,0.013527343303213,0.0,0.0,0.013527343303213,0,Maximum Sharpe,Standard Sentiment,0.1,1.0818950929646982,-0.1838185232090852
2022-08-12,0.006231641496531,0.0,0.0,0.006231641496531,0,Maximum Sharpe,Standard Sentiment,0.1,1.0886370753209105,-0.1787323728496148
2022-08-15,-0.0078492627326181,0.0,0.0,-0.0078492627326181,0,Maximum Sharpe,Standard Sentiment,0.1,1.0800920768962476,-0.185178718228912
2022-08-16,0.0004702050534817,0.0,0.0,0.0004702050534817,0,Maximum Sharpe,Standard Sentiment,0.1,1.0805999416490295,-0.1847955851445389
2022-08-17,-0.0005523039907333,0.0,0.0,-0.0005523039907333,0,Maximum Sharpe,Standard Sentiment,0.1,1.0800031219888708,-0.185245825796127
2022-08-18,0.0115670054377516,0.0,0.0,0.0115670054377516,0,Maximum Sharpe,Standard Sentiment,0.1,1.0924955239737049,-0.17582155983268
2022-08-19,0.0182357073518238,0.0,0.0,0.0182357073518238,0,Maximum Sharpe,Standard Sentiment,0.1,1.1124179526320668,-0.1607920829921061
2022-08-22,-0.0140855836202062,0.0,0.0,-0.0140855836202062,0,Maximum Sharpe,Standard Sentiment,0.1,1.0967488965396492,-0.1726128162818597
2022-08-23,0.0162292880413047,0.0,0.0,0.0162292880413047,0,Maximum Sharpe,Standard Sentiment,0.1,1.1145483502905744,-0.159184911355614
2022-08-24,0.0030828694526423,0.0,0.0,0.0030828694526423,0,Maximum Sharpe,Standard Sentiment,0.1,1.1179843573531782,-0.1565927882035115
2022-08-25,0.0050222251779469,0.0,0.0,0.0050222251779469,0,Maximum Sharpe,Standard Sentiment,0.1,1.1235991265412284,-0.152357007269165
2022-08-26,-0.0130422626386405,0.0,0.0,-0.0130422626386405,0,Maximum Sharpe,Standard Sentiment,0.1,1.1089448516323306,-0.1634121898041638
2022-08-29,0.0058486653430987,0.0,0.0,0.0058486653430987,0,Maximum Sharpe,Standard Sentiment,0.1,1.1154306989534803,-0.1585192676722125
2022-08-30,-0.0189824800901507,0.0,0.0,-0.0189824800901507,0,Maximum Sharpe,Standard Sentiment,0.1,1.094257057918653,-0.1744926589198703
2022-08-31,-0.0110433510604959,0.0,0.0,-0.0110433510604959,0,Maximum Sharpe,Standard Sentiment,0.1,1.082172793077632,-0.1836090262904346
2022-09-01,-0.0009091108278485,0.5381886297942787,0.0005381886297942,-0.0014472994576427,0,Maximum Sharpe,Standard Sentiment,0.1,1.080606564981135,-0.1847905885039089
2022-09-02,-0.0002597989779776,0.0,0.0,-0.0002597989779776,0,Maximum Sharpe,Standard Sentiment,0.1,1.080325824499957,-0.1850023790758533
2022-09-06,-0.0079824216715594,0.0,0.0,-0.0079824216715594,0,Maximum Sharpe,Standard Sentiment,0.1,1.0717022082261232,-0.1915080337473876
2022-09-07,0.0022349152083323,0.0,0.0,0.0022349152083323,0,Maximum Sharpe,Standard Sentiment,0.1,1.074097371790091,-0.1897011227561952
2022-09-08,-0.0010552180306032,0.0,0.0,-0.0010552180306032,0,Maximum Sharpe,Standard Sentiment,0.1,1.0729639648767546,-0.1905561647416404
2022-09-09,0.0119781828018197,0.0,0.0,0.0119781828018197,0,Maximum Sharpe,Standard Sentiment,0.1,1.0858161233878136,-0.1808604985151097
2022-09-12,0.0097388931012161,0.0,0.0,0.0097388931012161,0,Maximum Sharpe,Standard Sentiment,0.1,1.0963907705410645,-0.1728829864751648
2022-09-13,-0.0236035578345184,0.0,0.0,-0.0236035578345184,0,Maximum Sharpe,Standard Sentiment,0.1,1.0705120475793664,-0.1924058907398124
2022-09-14,0.0211009532808143,0.0,0.0,0.0211009532808143,0,Maximum Sharpe,Standard Sentiment,0.1,1.0931008722818876,-0.1753648851704522
2022-09-15,-0.0208365684817509,0.0,0.0,-0.0208365684817509,0,Maximum Sharpe,Standard Sentiment,0.1,1.0703244010991242,-0.1925474512130548
2022-09-16,-0.0065323183478457,0.0,0.0,-0.0065323183478457,0,Maximum Sharpe,Standard Sentiment,0.1,1.0633327013756777,-0.1978219883125105
2022-09-19,0.0049043271732477,0.0,0.0,0.0049043271732477,0,Maximum Sharpe,Standard Sentiment,0.1,1.0685476328372372,-0.1938878448920096
2022-09-20,-0.0091160565897797,0.0,0.0,-0.0091160565897797,0,Maximum Sharpe,Standard Sentiment,0.1,1.0588066921474175,-0.2012364089156834
2022-09-21,-0.015409468596509,0.0,0.0,-0.015409468596509,0,Maximum Sharpe,Standard Sentiment,0.1,1.0424910436749986,-0.2135449313885319
2022-09-22,-0.0017154057669813,0.0,0.0,-0.0017154057669813,0,Maximum Sharpe,Standard Sentiment,0.1,1.040702748526652,-0.2148940209486998
2022-09-23,-0.0339652096861311,0.0,0.0,-0.0339652096861311,0,Maximum Sharpe,Standard Sentiment,0.1,1.0053550614520113,-0.2415603101530125
2022-09-26,-0.0189951326935298,0.0,0.0,-0.0189951326935298,0,Maximum Sharpe,Standard Sentiment,0.1,0.9862582086556184,-0.2559669727016955
2022-09-27,-0.0035268712036899,0.0,0.0,-0.0035268712036899,0,Maximum Sharpe,Standard Sentiment,0.1,0.982779802980108,-0.2585910813602683
2022-09-28,0.0285751230392951,0.0,0.0,0.0285751230392951,0,Maximum Sharpe,Standard Sentiment,0.1,1.0108628567707991,-0.2374052302877071
2022-09-29,-0.015341315263912,0.0,0.0,-0.015341315263912,0,Maximum Sharpe,Standard Sentiment,0.1,0.9953548909964997,-0.2491044370684737
2022-09-30,-0.0174341871839075,0.0,0.0,-0.0174341871839075,0,Maximum Sharpe,Standard Sentiment,0.1,0.9780016875124486,-0.2621956908681876
2022-10-03,0.0378121311952204,0.9775011873309108,0.0009775011873309,0.0368346300078895,0,Maximum Sharpe,Standard Sentiment,0.1,1.0140260178190612,-0.2350189421230908
2022-10-04,0.0295143702482986,0.0,0.0,0.0295143702482986,0,Maximum Sharpe,Standard Sentiment,0.1,1.0439543571503809,-0.2124410079479765
2022-10-05,0.0124015361757485,0.0,0.0,0.0124015361757485,0,Maximum Sharpe,Standard Sentiment,0.1,1.0569009948764116,-0.2026740666175073
2022-10-06,0.0021100654073512,0.0,0.0,0.0021100654073512,0,Maximum Sharpe,Standard Sentiment,0.1,1.059131125104695,-0.2009916567470929
2022-10-07,-0.0098796822134042,0.0,0.0,-0.0098796822134042,0,Maximum Sharpe,Standard Sentiment,0.1,1.0486672461663358,-0.2088856052642902
2022-10-10,-0.0180599927511003,0.0,0.0,-0.0180599927511003,0,Maximum Sharpe,Standard Sentiment,0.1,1.0297283233022554,-0.2231731254985083
2022-10-11,0.0056526579291638,0.0,0.0,0.0056526579291638,0,Maximum Sharpe,Standard Sentiment,0.1,1.0355490252738544,-0.2187819889067699
2022-10-12,-0.0015591132014949,0.0,0.0,-0.0015591132014949,0,Maximum Sharpe,Standard Sentiment,0.1,1.0339344871177547,-0.219999996221111
2022-10-13,0.037200771130346,0.0,0.0,0.037200771130346,0,Maximum Sharpe,Standard Sentiment,0.1,1.0723976473367942,-0.1909833945988633
2022-10-14,-0.0110120534461985,0.0,0.0,-0.0110120534461985,0,Maximum Sharpe,Standard Sentiment,0.1,1.0605883471287438,-0.1998923286964028
2022-10-17,0.0104563794561854,0.0,0.0,0.0104563794561854,0,Maximum Sharpe,Standard Sentiment,0.1,1.0716782613331304,-0.1915260992794475
2022-10-18,0.0041549526870554,0.0,0.0,0.0041549526870554,0,Maximum Sharpe,Standard Sentiment,0.1,1.0761310338047154,-0.1881669284732344
2022-10-19,0.0030739218371828,0.0,0.0,0.0030739218371828,0,Maximum Sharpe,Standard Sentiment,0.1,1.079438976489198,-0.185671417066521
2022-10-20,0.0012139918834897,0.0,0.0,0.0012139918834897,0,Maximum Sharpe,Standard Sentiment,0.1,1.0807494066453784,-0.184682828776346
2022-10-21,0.029103426684653,0.0,0.0,0.029103426684653,0,Maximum Sharpe,Standard Sentiment,0.1,1.1122029177661643,-0.1609543052588996
2022-10-24,0.0125753043326898,0.0,0.0,0.0125753043326898,0,Maximum Sharpe,Standard Sentiment,0.1,1.1261892079367797,-0.1504030502984972
2022-10-25,-0.0007617307340515,0.0,0.0,-0.0007617307340515,0,Maximum Sharpe,Standard Sentiment,0.1,1.125331355004737,-0.1510502144066412
2022-10-26,0.0164972373319219,0.0,0.0,0.0164972373319219,0,Maximum Sharpe,Standard Sentiment,0.1,1.1438962134453037,-0.1370448883108234
2022-10-27,0.0025425864913192,0.0,0.0,0.0025425864913192,0,Maximum Sharpe,Standard Sentiment,0.1,1.1468046685050808,-0.1348507503012276
2022-10-28,-0.0152961469784513,0.0,0.0,-0.0152961469784513,0,Maximum Sharpe,Standard Sentiment,0.1,1.129262975740053,-0.1480842003829168
2022-10-31,-0.0006888817206468,0.0,0.0,-0.0006888817206468,0,Maximum Sharpe,Standard Sentiment,0.1,1.1284850471182624,-0.1486710696048032
2022-11-01,0.0081839004566362,1.2312410013862412,0.0012312410013862,0.0069526594552499,0,Maximum Sharpe,Standard Sentiment,0.1,1.1363310193512175,-0.1427520694673631
2022-11-02,-0.0181906349351678,0.0,0.0,-0.0181906349351678,0,Maximum Sharpe,Standard Sentiment,0.1,1.1156604366126923,-0.1583459536206105
2022-11-03,0.0024912422501273,0.0,0.0,0.0024912422501273,0,Maximum Sharpe,Standard Sentiment,0.1,1.1184398170291774,-0.1562491895002795
2022-11-04,0.0110247598531442,0.0,0.0,0.0110247598531442,0,Maximum Sharpe,Standard Sentiment,0.1,1.130770347422119,-0.1469470394386243
2022-11-07,0.0224253036017118,0.0,0.0,0.0224253036017118,0,Maximum Sharpe,Standard Sentiment,0.1,1.1561282157668729,-0.1278170678096963
2022-11-08,0.0197758682451558,0.0,0.0,0.0197758682451558,0,Maximum Sharpe,Standard Sentiment,0.1,1.1789916550363857,-0.1105688930570271
2022-11-09,-0.0284264980137091,0.0,0.0,-0.0284264980137091,0,Maximum Sharpe,Standard Sentiment,0.1,1.145477051096314,-0.1358523046518728
2022-11-10,0.013399623957464,0.0,0.0,0.013399623957464,0,Maximum Sharpe,Standard Sentiment,0.1,1.1608260128329095,-0.1242730504904986
2022-11-11,0.0080508338883653,0.0,0.0,0.0080508338883653,0,Maximum Sharpe,Standard Sentiment,0.1,1.1701716302355207,-0.1172227182884327
2022-11-14,0.0017041885808371,0.0,0.0,0.0017041885808371,0,Maximum Sharpe,Standard Sentiment,0.1,1.1721658233653875,-0.1157182993255175
2022-11-15,0.0032645408842337,0.0,0.0,0.0032645408842337,0,Maximum Sharpe,Standard Sentiment,0.1,1.1759924066188654,-0.112831525560486
2022-11-16,-0.006155400304183,0.0,0.0,-0.006155400304183,0,Maximum Sharpe,Standard Sentiment,0.1,1.1687537026014467,-0.1182924026579125
2022-11-17,0.005138419258799,0.0,0.0,0.005138419258799,0,Maximum Sharpe,Standard Sentiment,0.1,1.1747592491356869,-0.1137618193591003
2022-11-18,0.0002698285716669,0.0,0.0,0.0002698285716669,0,Maximum Sharpe,Standard Sentiment,0.1,1.1750762327459336,-0.1135226869766613
2022-11-21,-0.0018947741342227,0.0,0.0,-0.0018947741342227,0,Maximum Sharpe,Standard Sentiment,0.1,1.1728497286943869,-0.1152023612599532
2022-11-22,0.0159105477718696,0.0,0.0,0.0159105477718696,0,Maximum Sharpe,Standard Sentiment,0.1,1.1915104103320031,-0.1011247461603421
2022-11-23,-0.0093730025467034,0.0,0.0,-0.0093730025467034,0,Maximum Sharpe,Standard Sentiment,0.1,1.1803423802215378,-0.1095499062037499
2022-11-25,-0.0012180686344477,0.0,0.0,-0.0012180686344477,0,Maximum Sharpe,Standard Sentiment,0.1,1.178904642190281,-0.1106345355335441
2022-11-28,-0.0157644992500467,0.0,0.0,-0.0157644992500467,0,Maximum Sharpe,Standard Sentiment,0.1,1.1603198008425957,-0.124654936731143
2022-11-29,0.0032543201743093,0.0,0.0,0.0032543201743093,0,Maximum Sharpe,Standard Sentiment,0.1,1.164095852979128,-0.121806283632265
2022-11-30,0.0132042034953628,0.0,0.0,0.0132042034953628,0,Maximum Sharpe,Standard Sentiment,0.1,1.1794668115099725,-0.1102104350929965
2022-12-01,-0.0030304856065412,0.7953346898522995,0.0007953346898522,-0.0038258202963935,0,Maximum Sharpe,Standard Sentiment,0.1,1.174954383443575,-0.113614610069937
2022-12-02,-0.0009561672259584,0.0,0.0,-0.0009561672259584,0,Maximum Sharpe,Standard Sentiment,0.1,1.17383093057013,-0.1144621427293565
2022-12-05,-0.0081044118130326,0.0,0.0,-0.0081044118130326,0,Maximum Sharpe,Standard Sentiment,0.1,1.1643177213099145,-0.1216389062007083
2022-12-06,-0.0134117430895556,0.0,0.0,-0.0134117430895556,0,Maximum Sharpe,Standard Sentiment,0.1,1.148702191157089,-0.1334192595306055
2022-12-07,0.006256827435572,0.0,0.0,0.006256827435572,0,Maximum Sharpe,Standard Sentiment,0.1,1.1558894225420224,-0.1279972133784982
2022-12-08,0.0028157996453405,0.0,0.0,0.0028157996453405,0,Maximum Sharpe,Standard Sentiment,0.1,1.1591441755680691,-0.1255418282411934
2022-12-09,-0.0178976731536734,0.0,0.0,-0.0178976731536734,0,Maximum Sharpe,Standard Sentiment,0.1,1.1383981919757675,-0.1411925947858914
2022-12-12,0.0062516602513108,0.0,0.0,0.0062516602513108,0,Maximum Sharpe,Standard Sentiment,0.1,1.1455150707027064,-0.135823622667183
2022-12-13,0.0042086697461909,0.0,0.0,0.0042086697461909,0,Maximum Sharpe,Standard Sentiment,0.1,1.1503361653245787,-0.1321865896925295
2022-12-14,0.0018684185331621,0.0,0.0,0.0018684185331621,0,Maximum Sharpe,Standard Sentiment,0.1,1.1524854747352378,-0.1305651510333845
2022-12-15,-0.0149330400785857,0.0,0.0,-0.0149330400785857,0,Maximum Sharpe,Standard Sentiment,0.1,1.1352753629510286,-0.143548456478722
2022-12-16,-0.0029224561981766,0.0,0.0,-0.0029224561981766,0,Maximum Sharpe,Standard Sentiment,0.1,1.1319575704299352,-0.1460513986005237
2022-12-19,2.229126456212906e-05,0.0,0.0,2.229126456212906e-05,0,Maximum Sharpe,Standard Sentiment,0.1,1.1319828031956107,-0.1460323630063275
2022-12-20,0.0019429762787513,0.0,0.0,0.0019429762787513,0,Maximum Sharpe,Standard Sentiment,0.1,1.1341822189301742,-0.1443731241448274
2022-12-21,0.0113931980430731,0.0,0.0,0.0113931980430731,0,Maximum Sharpe,Standard Sentiment,0.1,1.1471041815673777,-0.1346247976972335
2022-12-22,-0.0067308863176506,0.0,0.0,-0.0067308863176506,0,Maximum Sharpe,Standard Sentiment,0.1,1.1393831537267458,-0.1404495398060475
2022-12-23,0.0085391573594566,0.0,0.0,0.0085391573594566,0,Maximum Sharpe,Standard Sentiment,0.1,1.1491125257691326,-0.1331097031680579
2022-12-27,0.0034884463794542,0.0,0.0,0.0034884463794542,0,Maximum Sharpe,Standard Sentiment,0.1,1.1531211431992374,-0.1300856028506906
2022-12-28,-0.0121390928542699,0.0,0.0,-0.0121390928542699,0,Maximum Sharpe,Standard Sentiment,0.1,1.13912329856972,-0.1406455744929523
2022-12-29,0.0027144558085958,0.0,0.0,0.0027144558085958,0,Maximum Sharpe,Standard Sentiment,0.1,1.1422153984242294,-0.1383128948809922
2022-12-30,0.002461293116965,0.0,0.0,0.002461293116965,0,Maximum Sharpe,Standard Sentiment,0.1,1.1450267253224624,-0.1361920303401852
2023-01-03,-0.0112509681812963,0.6528917782374406,0.0006528917782374,-0.0119038599595337,0,Maximum Sharpe,Standard Sentiment,0.1,1.1313964875343003,-0.1464746794429448
2023-01-04,0.0063060660439073,0.0,0.0,0.0063060660439073,0,Maximum Sharpe,Standard Sentiment,0.1,1.1385311485065364,-0.1410922924013649
2023-01-05,0.0164792791958,0.0,0.0,0.0164792791958,0,Maximum Sharpe,Standard Sentiment,0.1,1.1572933211758902,-0.1269381124844225
2023-01-06,0.0128594736404318,0.0,0.0,0.0128594736404318,0,Maximum Sharpe,Standard Sentiment,0.1,1.1721755041337996,-0.1157109961554502
2023-01-09,-0.0286620618756522,0.0,0.0,-0.0286620618756522,0,Maximum Sharpe,Standard Sentiment,0.1,1.1385785373051929,-0.1410565422996016
2023-01-10,0.0068757494175376,0.0,0.0,0.0068757494175376,0,Maximum Sharpe,Standard Sentiment,0.1,1.1464071180198898,-0.1351506623206202
2023-01-11,0.0043796923065474,0.0,0.0,0.0043796923065474,0,Maximum Sharpe,Standard Sentiment,0.1,1.1514280284548528,-0.1313628883300631
2023-01-12,0.0105638762580761,0.0,0.0,0.0105638762580761,0,Maximum Sharpe,Standard Sentiment,0.1,1.1635915716675305,-0.1221867133692092
2023-01-13,0.0019055506038786,0.0,0.0,0.0019055506038786,0,Maximum Sharpe,Standard Sentiment,0.1,1.1658088542895897,-0.1205139957307774
2023-01-17,-0.0113679897815243,0.0,0.0,-0.0113679897815243,0,Maximum Sharpe,Standard Sentiment,0.1,1.1525559511468146,-0.1305119836403038
2023-01-18,-0.0156271975287772,0.0,0.0,-0.0156271975287772,0,Maximum Sharpe,Standard Sentiment,0.1,1.1345447316352757,-0.1440996446208613
2023-01-19,0.0095426159698289,0.0,0.0,0.0095426159698289,0,Maximum Sharpe,Standard Sentiment,0.1,1.1453712563098637,-0.1359321162210381
2023-01-20,0.0070567451379046,0.0,0.0,0.0070567451379046,0,Maximum Sharpe,Standard Sentiment,0.1,1.153453849353924,-0.1298346093833614
2023-01-23,-0.0025493898193167,0.0,0.0,-0.0025493898193167,0,Maximum Sharpe,Standard Sentiment,0.1,1.1505132458533296,-0.1320530001713211
2023-01-24,-0.008106726875008,0.0,0.0,-0.008106726875008,0,Maximum Sharpe,Standard Sentiment,0.1,1.1411863492031178,-0.1390892094409148
2023-01-25,-0.0012234529454458,0.0,0.0,-0.0012234529454458,0,Maximum Sharpe,Standard Sentiment,0.1,1.1397901614028825,-0.1401424932833905
2023-01-26,0.0048103031204046,0.0,0.0,0.0048103031204046,0,Maximum Sharpe,Standard Sentiment,0.1,1.1452728975728854,-0.1360063180357282
2023-01-27,-0.0143157490305326,0.0,0.0,-0.0143157490305326,0,Maximum Sharpe,Standard Sentiment,0.1,1.1288774581997612,-0.1483750347506945
2023-01-30,-0.0043401860632036,0.0,0.0,-0.0043401860632036,0,Maximum Sharpe,Standard Sentiment,0.1,1.1239779199886175,-0.1520712455559458
2023-01-31,0.0144533114348838,0.0,0.0,0.0144533114348838,0,Maximum Sharpe,Standard Sentiment,0.1,1.1402231229121462,-0.1398158671933728
2023-02-01,-0.0002209626567073,0.5515040184310711,0.000551504018431,-0.0007724666751384,0,Maximum Sharpe,Standard Sentiment,0.1,1.1393423385474744,-0.1404803307704487
2023-02-02,-0.0258793995303399,0.0,0.0,-0.0258793995303399,0,Maximum Sharpe,Standard Sentiment,0.1,1.1098568429663724,-0.1627241836946259
2023-02-03,-0.0025984738794861,0.0,0.0,-0.0025984738794861,0,Maximum Sharpe,Standard Sentiment,0.1,1.1069729089499554,-0.1648998230332209
2023-02-06,-0.0009710860257408,0.0,0.0,-0.0009710860257408,0,Maximum Sharpe,Standard Sentiment,0.1,1.1058979430272005,-0.165710777145167
2023-02-07,0.015539814509962,0.0,0.0,0.015539814509962,0,Maximum Sharpe,Standard Sentiment,0.1,1.1230833919287917,-0.1527460773743426
2023-02-08,0.0018097497637727,0.0,0.0,0.0018097497637727,0,Maximum Sharpe,Standard Sentiment,0.1,1.1251158918320316,-0.1512127597880154
2023-02-09,-0.0025332540788461,0.0,0.0,-0.0025332540788461,0,Maximum Sharpe,Standard Sentiment,0.1,1.1222656874098735,-0.1533629535263549
2023-02-10,0.0203918470216543,0.0,0.0,0.0203918470216543,0,Maximum Sharpe,Standard Sentiment,0.1,1.1451507576251876,-0.1360984603917989
2023-02-13,0.007637433216884,0.0,0.0,0.007637433216884,0,Maximum Sharpe,Standard Sentiment,0.1,1.1538967700598142,-0.129500470077078
2023-02-14,-0.0013738977637893,0.0,0.0,-0.0013738977637893,0,Maximum Sharpe,Standard Sentiment,0.1,1.1523114338677851,-0.1306964474346189
2023-02-15,-0.0101677221270986,0.0,0.0,-0.0101677221270986,0,Maximum Sharpe,Standard Sentiment,0.1,1.140595051404339,-0.1395352844012032
2023-02-16,-0.0077634309097057,0.0,0.0,-0.0077634309097057,0,Maximum Sharpe,Standard Sentiment,0.1,1.1317401205268092,-0.1462154427709942
2023-02-17,0.0057725119874688,0.0,0.0,0.0057725119874688,0,Maximum Sharpe,Standard Sentiment,0.1,1.1382731039392495,-0.1412869611796738
2023-02-21,-0.0081289830971918,0.0,0.0,-0.0081289830971918,0,Maximum Sharpe,Standard Sentiment,0.1,1.1290201011173395,-0.1482674249575825
2023-02-22,-0.0042195119358444,0.0,0.0,-0.0042195119358444,0,Maximum Sharpe,Standard Sentiment,0.1,1.1242561873248669,-0.1518613207241214
2023-02-23,0.0059796907109825,0.0,0.0,0.0059796907109825,0,Maximum Sharpe,Standard Sentiment,0.1,1.130978891604978,-0.1467897137420304
2023-02-24,-0.0049715790072115,0.0,0.0,-0.0049715790072115,0,Maximum Sharpe,Standard Sentiment,0.1,1.125356140689875,-0.1510315160899276
2023-02-27,-0.0015744502130685,0.0,0.0,-0.0015744502130685,0,Maximum Sharpe,Standard Sentiment,0.1,1.123584323474388,-0.1523681747003082
2023-02-28,-0.0146884032377995,0.0,0.0,-0.0146884032377995,0,Maximum Sharpe,Standard Sentiment,0.1,1.107080663859526,-0.1648185327475022
2023-03-01,0.0028147536851883,0.5676735781753128,0.0005676735781753,0.002247080107013,0,Maximum Sharpe,Standard Sentiment,0.1,1.1095683627961437,-0.1629418130866931
2023-03-02,0.0038624288240523,0.0,0.0,0.0038624288240523,0,Maximum Sharpe,Standard Sentiment,0.1,1.1138539916228638,-0.1597087354181502
2023-03-03,0.0054535353708802,0.0,0.0,0.0054535353708802,0,Maximum Sharpe,Standard Sentiment,0.1,1.1199284337641753,-0.1551261772849114
2023-03-06,0.0252924011939548,0.0,0.0,0.0252924011939548,0,Maximum Sharpe,Standard Sentiment,0.1,1.1482541130194563,-0.1337572896025309
2023-03-07,-0.0048613740265714,0.0,0.0,-0.0048613740265714,0,Maximum Sharpe,Standard Sentiment,0.1,1.14267202029852,-0.137968419415564
2023-03-08,-0.0173607886067398,0.0,0.0,-0.0173607886067398,0,Maximum Sharpe,Standard Sentiment,0.1,1.122834332907281,-0.1529339674584242
2023-03-09,-0.0094871337362195,0.0,0.0,-0.0094871337362195,0,Maximum Sharpe,Standard Sentiment,0.1,1.1121818534273709,-0.1609701961925549
2023-03-10,-0.001715123867846,0.0,0.0,-0.001715123867846,0,Maximum Sharpe,Standard Sentiment,0.1,1.1102743237851722,-0.1624092362348993
2023-03-13,-0.0136966899029119,0.0,0.0,-0.0136966899029119,0,Maximum Sharpe,Standard Sentiment,0.1,1.0950672406651214,-0.1738814571917332
2023-03-14,0.0151729356670138,0.0,0.0,0.0151729356670138,0,Maximum Sharpe,Standard Sentiment,0.1,1.1116826254587877,-0.1613468136883761
2023-03-15,-0.0078174125630559,0.0,0.0,-0.0078174125630559,0,Maximum Sharpe,Standard Sentiment,0.1,1.1029921437363952,-0.1679029116430954
2023-03-16,-0.0001503500987186,0.0,0.0,-0.0001503500987186,0,Maximum Sharpe,Standard Sentiment,0.1,1.1028263087586985,-0.1680280175224734
2023-03-17,-0.0264409741438471,0.0,0.0,-0.0264409741438471,0,Maximum Sharpe,Standard Sentiment,0.1,1.0736665068436553,-0.190026167199567
2023-03-20,0.0199895981768246,0.0,0.0,0.0199895981768246,0,Maximum Sharpe,Standard Sentiment,0.1,1.095128668891375,-0.1738351157481437
2023-03-21,0.005500727244184,0.0,0.0,0.005500727244184,0,Maximum Sharpe,Standard Sentiment,0.1,1.1011526729962329,-0.1692906080611513
2023-03-22,-0.0147324924568037,0.0,0.0,-0.0147324924568037,0,Maximum Sharpe,Standard Sentiment,0.1,1.0849299495475266,-0.1815290279116863
2023-03-23,-0.0004616065136565,0.0,0.0,-0.0004616065136565,0,Maximum Sharpe,Standard Sentiment,0.1,1.0844291388159544,-0.1819068394436411
2023-03-24,0.0062267736965991,0.0,0.0,0.0062267736965991,0,Maximum Sharpe,Standard Sentiment,0.1,1.091181633653359,-0.1768127584701213
2023-03-27,0.0157528518547234,0.0,0.0,0.0157528518547234,0,Maximum Sharpe,Standard Sentiment,0.1,1.1083708562748955,-0.1638452118056027
2023-03-28,-0.0012210768151124,0.0,0.0,-0.0012210768151124,0,Maximum Sharpe,Standard Sentiment,0.1,1.107017450319752,-0.1648662210313122
2023-03-29,-0.0001619375077466,0.0,0.0,-0.0001619375077466,0,Maximum Sharpe,Standard Sentiment,0.1,1.106838182672815,-0.1650014605141133
2023-03-30,0.0073030982964204,0.0,0.0,0.0073030982964204,0,Maximum Sharpe,Standard Sentiment,0.1,1.114921530719106,-0.1589033841028804
2023-03-31,0.0068613761888366,0.0,0.0,0.0068613761888366,0,Maximum Sharpe,Standard Sentiment,0.1,1.1225714267624034,-0.1531323038100528
2023-04-03,0.0211576935769103,0.55724759098515,0.0005572475909851,0.0206004459859251,0,Maximum Sharpe,Standard Sentiment,0.1,1.145696898804765,-0.1356864515774669
2023-04-04,-0.00810723203692,0.0,0.0,-0.00810723203692,0,Maximum Sharpe,Standard Sentiment,0.1,1.1364084682021751,-0.1426936420671821
2023-04-05,0.0200317684370667,0.0,0.0,0.0200317684370667,0,Maximum Sharpe,Standard Sentiment,0.1,1.1591727394871232,-0.1255202796254467
2023-04-06,-0.0029854756142814,0.0,0.0,-0.0029854756142814,0,Maximum Sharpe,Standard Sentiment,0.1,1.1557120575406443,-0.1281310175058087
2023-04-10,-0.0024066512272616,0.0,0.0,-0.0024066512272616,0,Maximum Sharpe,Standard Sentiment,0.1,1.1529306616990032,-0.1302293020625398
2023-04-11,8.755285694744125e-05,0.0,0.0,8.755285694744125e-05,0,Maximum Sharpe,Standard Sentiment,0.1,1.1530316040722972,-0.1301531511530461
2023-04-12,0.0027711516887584,0.0,0.0,0.0027711516887584,0,Maximum Sharpe,Standard Sentiment,0.1,1.156226829549114,-0.1277426735889026
2023-04-13,0.012170112243327,0.0,0.0,0.012170112243327,0,Maximum Sharpe,Standard Sentiment,0.1,1.170298239843473,-0.1171272040214153
2023-04-14,-0.0007213320118364,0.0,0.0,-0.0007213320118364,0,Maximum Sharpe,Standard Sentiment,0.1,1.169454066259678,-0.1177640484315342
2023-04-17,0.0009250747341924,0.0,0.0,0.0009250747341924,0,Maximum Sharpe,Standard Sentiment,0.1,1.1705358986691734,-0.1169479142431419
2023-04-18,0.0046351229165275,0.0,0.0,0.0046351229165275,0,Maximum Sharpe,Standard Sentiment,0.1,1.175961476437713,-0.1128548592839628
2023-04-19,-0.0010542113728601,0.0,0.0,-0.0010542113728601,0,Maximum Sharpe,Standard Sentiment,0.1,1.174721764475207,-0.1137900977806833
2023-04-20,0.0019116259516701,0.0,0.0,0.0019116259516701,0,Maximum Sharpe,Standard Sentiment,0.1,1.1769673930861697,-0.1120959959329739
2023-04-21,0.0124724642022326,0.0,0.0,0.0124724642022326,0,Maximum Sharpe,Standard Sentiment,0.1,1.1916470767636318,-0.1010216450272289
2023-04-24,0.0061008760592933,0.0,0.0,0.0061008760592933,0,Maximum Sharpe,Standard Sentiment,0.1,1.1989171678853858,-0.0955370895035527
2023-04-25,-0.0062938928937509,0.0,0.0,-0.0062938928937509,0,Maximum Sharpe,Standard Sentiment,0.1,1.191371311642236,-0.1012296821885876
2023-04-26,-0.0216415806208213,0.0,0.0,-0.0216415806208213,0,Maximum Sharpe,Standard Sentiment,0.1,1.165588153351997,-0.1206804924811044
2023-04-27,0.0087273161616774,0.0,0.0,0.0087273161616774,0,Maximum Sharpe,Standard Sentiment,0.1,1.1757606096806057,-0.1130063931318564
2023-04-28,-0.0018458560520149,0.0,0.0,-0.0018458560520149,0,Maximum Sharpe,Standard Sentiment,0.1,1.173590324843506,-0.1146436556491925
2023-05-01,0.0064643010599043,0.7484228003564294,0.0007484228003564,0.0057158782595479,0,Maximum Sharpe,Standard Sentiment,0.1,1.1802984242668948,-0.1095830665685649
2023-05-02,0.0027752622768138,0.0,0.0,0.0027752622768138,0,Maximum Sharpe,Standard Sentiment,0.1,1.1835740619591455,-0.1071119260425764
2023-05-03,-0.0139270374147344,0.0,0.0,-0.0139270374147344,0,Maximum Sharpe,Standard Sentiment,0.1,1.1670903817151312,-0.1195472116557516
2023-05-04,-0.0105522681804641,0.0,0.0,-0.0105522681804641,0,Maximum Sharpe,Standard Sentiment,0.1,1.1547749310164328,-0.1288379855985977
2023-05-05,0.0100890447749077,0.0,0.0,0.0100890447749077,0,Maximum Sharpe,Standard Sentiment,0.1,1.1664255070003986,-0.1200487930291032
2023-05-08,0.0035601925315398,0.0,0.0,0.0035601925315398,0,Maximum Sharpe,Standard Sentiment,0.1,1.1705782063790189,-0.1169159973139259
2023-05-09,-0.003772154303387,0.0,0.0,-0.003772154303387,0,Maximum Sharpe,Standard Sentiment,0.1,1.1661626047603753,-0.1202471264349104
2023-05-10,-0.0032243281964024,0.0,0.0,-0.0032243281964024,0,Maximum Sharpe,Standard Sentiment,0.1,1.1624025137922562,-0.1230837384310125
2023-05-11,-0.0032986849586877,0.0,0.0,-0.0032986849586877,0,Maximum Sharpe,Standard Sentiment,0.1,1.158568114104069,-0.1259764089130788
2023-05-12,-0.0032325054944292,0.0,0.0,-0.0032325054944292,0,Maximum Sharpe,Standard Sentiment,0.1,1.1548230363095568,-0.1288016949735281
2023-05-15,0.0065443413946932,0.0,0.0,0.0065443413946932,0,Maximum Sharpe,Standard Sentiment,0.1,1.162380592509623,-0.1231002758429566
2023-05-16,-0.0070571594230036,0.0,0.0,-0.0070571594230036,0,Maximum Sharpe,Standard Sentiment,0.1,1.154177487358077,-0.1292886969943208
2023-05-17,0.0036584489029571,0.0,0.0,0.0036584489029571,0,Maximum Sharpe,Standard Sentiment,0.1,1.15839998672052,-0.1261032441830473
2023-05-18,0.0004585548902905,0.0,0.0,0.0004585548902905,0,Maximum Sharpe,Standard Sentiment,0.1,1.158931176699343,-0.1257025145520584
2023-05-19,0.0052288732164151,0.0,0.0,0.0052288732164151,0,Maximum Sharpe,Standard Sentiment,0.1,1.164991080888855,-0.1211309238472205
2023-05-22,-0.0078774366020993,0.0,0.0,-0.0078774366020993,0,Maximum Sharpe,Standard Sentiment,0.1,1.155813937507142,-0.1280541592761597
2023-05-23,-0.0144840372765068,0.0,0.0,-0.0144840372765068,0,Maximum Sharpe,Standard Sentiment,0.1,1.1390730853515822,-0.1406834553362989
2023-05-24,-0.0003287936276974,0.0,0.0,-0.0003287936276974,0,Maximum Sharpe,Standard Sentiment,0.1,1.1386985653796369,-0.1409659931403594
2023-05-25,-0.0080815230440745,0.0,0.0,-0.0080815230440745,0,Maximum Sharpe,Standard Sentiment,0.1,1.1294961466832667,-0.1479082962624393
2023-05-26,-0.002642536335091,0.0,0.0,-0.002642536335091,0,Maximum Sharpe,Standard Sentiment,0.1,1.1265114120753108,-0.1501599795503955
2023-05-30,-0.0110225145328142,0.0,0.0,-0.0110225145328142,0,Maximum Sharpe,Standard Sentiment,0.1,1.1140944236643295,-0.1595273535263685
2023-05-31,0.0019454429889223,0.0,0.0,0.0019454429889223,0,Maximum Sharpe,Standard Sentiment,0.1,1.1162618308498446,-0.1578922619089053
2023-06-01,0.0218291653612962,0.6527831952505514,0.0006527831952505,0.0211763821660456,0,Maximum Sharpe,Standard Sentiment,0.1,1.139900217977291,-0.1400594666221039
2023-06-02,0.0099592984135543,0.0,0.0,0.0099592984135543,0,Maximum Sharpe,Standard Sentiment,0.1,1.1512528244098026,-0.1314950622322822
2023-06-05,-0.0058713026103901,0.0,0.0,-0.0058713026103901,0,Maximum Sharpe,Standard Sentiment,0.1,1.1444934706966263,-0.1365943175405346
2023-06-06,-0.0082222404742128,0.0,0.0,-0.0082222404742128,0,Maximum Sharpe,Standard Sentiment,0.1,1.1350831701593922,-0.1436934466885181
2023-06-07,-0.0060309717181399,0.0,0.0,-0.0060309717181399,0,Maximum Sharpe,Standard Sentiment,0.1,1.1282375156624245,-0.1488578072935976
2023-06-08,0.01188248736576,0.0,0.0,0.01188248736576,0,Maximum Sharpe,Standard Sentiment,0.1,1.1416437836878597,-0.1387441209422983
2023-06-09,0.0030251100823939,0.0,0.0,0.0030251100823939,0,Maximum Sharpe,Standard Sentiment,0.1,1.1450973818083965,-0.1361387270990398
2023-06-12,9.215648182616796e-05,0.0,0.0,9.215648182616796e-05,0,Maximum Sharpe,Standard Sentiment,0.1,1.145202909954452,-0.1360591166833433
2023-06-13,0.0077199586376158,0.0,0.0,0.0077199586376158,0,Maximum Sharpe,Standard Sentiment,0.1,1.1540438290509778,-0.1293895287987935
2023-06-14,-0.0037622044137014,0.0,0.0,-0.0037622044137014,0,Maximum Sharpe,Standard Sentiment,0.1,1.1497020802637172,-0.1326649433561614
2023-06-15,0.0050154283204086,0.0,0.0,0.0050154283204086,0,Maximum Sharpe,Standard Sentiment,0.1,1.1554683286371046,-0.1283148865497866
2023-06-16,0.0032687543054331,0.0,0.0,0.0032687543054331,0,Maximum Sharpe,Standard Sentiment,0.1,1.159245270711129,-0.1254655620822141
2023-06-20,-0.0032751224911788,0.0,0.0,-0.0032751224911788,0,Maximum Sharpe,Standard Sentiment,0.1,1.1554486004522302,-0.1283297694891492
2023-06-21,0.0048206608831579,0.0,0.0,0.0048206608831579,0,Maximum Sharpe,Standard Sentiment,0.1,1.1610186263229298,-0.1241277429059122
2023-06-22,0.0069932503249716,0.0,0.0,0.0069932503249716,0,Maximum Sharpe,Standard Sentiment,0.1,1.1691379202087608,-0.1180025489593553
2023-06-23,-0.0036575671210608,0.0,0.0,-0.0036575671210608,0,Maximum Sharpe,Standard Sentiment,0.1,1.1648617197918198,-0.121228513837141
2023-06-26,-0.0081092571722794,0.0,0.0,-0.0081092571722794,0,Maximum Sharpe,Standard Sentiment,0.1,1.1554155565358843,-0.1283546978141018
2023-06-27,0.0077312314626343,0.0,0.0,0.0077312314626343,0,Maximum Sharpe,Standard Sentiment,0.1,1.1643483416389917,-0.1216158062295847
2023-06-28,0.0027460337461692,0.0,0.0,0.0027460337461692,0,Maximum Sharpe,Standard Sentiment,0.1,1.1675456814774288,-0.1192037335913894
2023-06-29,0.0057158735328561,0.0,0.0,0.0057158735328561,0,Maximum Sharpe,Standard Sentiment,0.1,1.174219224936586,-0.1141692135243859
2023-06-30,0.0194888487828982,0.0,0.0,0.0194888487828982,0,Maximum Sharpe,Standard Sentiment,0.1,1.197103405849347,-0.096905391279527
2023-07-03,-0.0092861103103068,0.3290583769524082,0.0003290583769524,-0.0096151686872592,0,Maximum Sharpe,Standard Sentiment,0.1,1.185593054666013,-0.1055887982829287
2023-07-05,-0.0004114441680636,0.0,0.0,-0.0004114441680636,0,Maximum Sharpe,Standard Sentiment,0.1,1.185105249317974,-0.105956798555726
2023-07-06,-0.0124172473404674,0.0,0.0,-0.0124172473404674,0,Maximum Sharpe,Standard Sentiment,0.1,1.1703895043127062,-0.117058354121123
2023-07-07,-0.0045686107883149,0.0,0.0,-0.0045686107883149,0,Maximum Sharpe,Standard Sentiment,0.1,1.1650424501967729,-0.1210921708499377
2023-07-10,0.013349746121729,0.0,0.0,0.013349746121729,0,Maximum Sharpe,Standard Sentiment,0.1,1.1805954711279367,-0.1093589744663844
2023-07-11,-0.0002120785974034,0.0,0.0,-0.0002120785974034,0,Maximum Sharpe,Standard Sentiment,0.1,1.180345092096319,-0.1095478603658696
2023-07-12,0.0002179638140842,0.0,0.0,0.0002179638140842,0,Maximum Sharpe,Standard Sentiment,0.1,1.1806023646145278,-0.1093537740212555
2023-07-13,0.0015556952071078,0.0,0.0,0.0015556952071078,0,Maximum Sharpe,Standard Sentiment,0.1,1.1824390220546588,-0.1079681999562717
2023-07-14,-0.0022280687863597,0.0,0.0,-0.0022280687863597,0,Maximum Sharpe,Standard Sentiment,0.1,1.1798044665778449,-0.1099557081663896
2023-07-17,0.0008895206462515,0.0,0.0,0.0008895206462515,0,Maximum Sharpe,Standard Sentiment,0.1,1.1808539270094056,-0.1091639953927253
2023-07-18,0.0031083803944043,0.0,0.0,0.0031083803944043,0,Maximum Sharpe,Standard Sentiment,0.1,1.184524470204777,-0.1063949382213745
2023-07-19,-0.0061106484389602,0.0,0.0,-0.0061106484389602,0,Maximum Sharpe,Standard Sentiment,0.1,1.17728625760001,-0.1118554445971791
2023-07-20,0.0115456202416603,0.0,0.0,0.0115456202416603,0,Maximum Sharpe,Standard Sentiment,0.1,1.1908787576459854,-0.1016012648407997
2023-07-21,-0.0006737326277719,0.0,0.0,-0.0006737326277719,0,Maximum Sharpe,Standard Sentiment,0.1,1.190076423771239,-0.1022065453814256
2023-07-24,-0.0039399498793674,0.0,0.0,-0.0039399498793674,0,Maximum Sharpe,Standard Sentiment,0.1,1.1853875823089632,-0.1057438065946468
2023-07-25,0.0295663049156016,0.0,0.0,0.0295663049156016,0,Maximum Sharpe,Standard Sentiment,0.1,1.220435113010678,-0.079303955307759
2023-07-26,-0.0117118257317296,0.0,0.0,-0.0117118257317296,0,Maximum Sharpe,Standard Sentiment,0.1,1.206141589650213,-0.0900869869350873
2023-07-27,-0.0019092228840714,0.0,0.0,-0.0019092228840714,0,Maximum Sharpe,Standard Sentiment,0.1,1.2038387965258224,-0.0918242136821453
2023-07-28,0.0012910746862588,0.0,0.0,0.0012910746862588,0,Maximum Sharpe,Standard Sentiment,0.1,1.2053930423223531,-0.090651690913757
2023-07-31,0.0002388400016518,0.0,0.0,0.0002388400016518,0,Maximum Sharpe,Standard Sentiment,0.1,1.205680938398573,-0.0904345021621125
2023-08-01,-0.0093925570599735,0.3264845016546958,0.0003264845016546,-0.0097190415616282,0,Maximum Sharpe,Standard Sentiment,0.1,1.1939628752482143,-0.099274607038622
2023-08-02,-0.0118598370085854,0.0,0.0,-0.0118598370085854,0,Maximum Sharpe,Standard Sentiment,0.1,1.1798026701534683,-0.1099570633886382
2023-08-03,0.003072569894659,0.0,0.0,0.003072569894659,0,Maximum Sharpe,Standard Sentiment,0.1,1.1834276963194204,-0.1072223442566521
2023-08-04,0.0031995133451091,0.0,0.0,0.0031995133451091,0,Maximum Sharpe,Standard Sentiment,0.1,1.1872140890267662,-0.1043658902328859
2023-08-07,0.0137293730360462,0.0,0.0,0.0137293730360462,0,Maximum Sharpe,Standard Sentiment,0.1,1.2035137941286649,-0.0920693954360859
2023-08-08,-0.0063065911217068,0.0,0.0,-0.0063065911217068,0,Maximum Sharpe,Standard Sentiment,0.1,1.1959237247197612,-0.0977953425259545
2023-08-09,-0.0126885591271826,0.0,0.0,-0.0126885591271826,0,Maximum Sharpe,Standard Sentiment,0.1,1.180749175827054,-0.1092430196671336
2023-08-10,0.0030773427621022,0.0,0.0,0.0030773427621022,0,Maximum Sharpe,Standard Sentiment,0.1,1.1843827457571434,-0.1065018551209142
2023-08-11,0.0039584876686442,0.0,0.0,0.0039584876686442,0,Maximum Sharpe,Standard Sentiment,0.1,1.1890711102511782,-0.1029649537324538
2023-08-14,0.0184460179493522,0.0,0.0,0.0184460179493522,0,Maximum Sharpe,Standard Sentiment,0.1,1.2110047372939274,-0.0864182291678047
2023-08-15,-0.008205327871946,0.0,0.0,-0.008205327871946,0,Maximum Sharpe,Standard Sentiment,0.1,1.2010680463699508,-0.093914467135316
2023-08-16,-0.0041981125956582,0.0,0.0,-0.0041981125956582,0,Maximum Sharpe,Standard Sentiment,0.1,1.1960258274762423,-0.0977183162235789
2023-08-17,-0.0114920100673528,0.0,0.0,-0.0114920100673528,0,Maximum Sharpe,Standard Sentiment,0.1,1.1822810866260716,-0.1080873464171255
2023-08-18,0.0037973648043457,0.0,0.0,0.0037973648043457,0,Maximum Sharpe,Standard Sentiment,0.1,1.1867706392132689,-0.1047004286978595
2023-08-21,0.0148106000688742,0.0,0.0,0.0148106000688742,0,Maximum Sharpe,Standard Sentiment,0.1,1.2043474245241388,-0.091440504805469
2023-08-22,-0.012622223868736,0.0,0.0,-0.012622223868736,0,Maximum Sharpe,Standard Sentiment,0.1,1.1891458817160594,-0.1029085461518801
2023-08-23,0.0247100829213465,0.0,0.0,0.0247100829213465,0,Maximum Sharpe,Standard Sentiment,0.1,1.2185297750588409,-0.0807413419392619
2023-08-24,-0.0158382662578107,0.0,0.0,-0.0158382662578107,0,Maximum Sharpe,Standard Sentiment,0.1,1.199230376038389,-0.0953008053254257
2023-08-25,0.0017915287340634,0.0,0.0,0.0017915287340634,0,Maximum Sharpe,Standard Sentiment,0.1,1.2013788317158232,-0.0936800107224822
2023-08-28,0.0097339456091702,0.0,0.0,0.0097339456091702,0,Maximum Sharpe,Standard Sentiment,0.1,1.2130729879197537,-0.084857941242351
2023-08-29,0.015900411933156,0.0,0.0,0.015900411933156,0,Maximum Sharpe,Standard Sentiment,0.1,1.232361348132662,-0.0703068055307478
2023-08-30,-0.0014106434339905,0.0,0.0,-0.0014106434339905,0,Maximum Sharpe,Standard Sentiment,0.1,1.230622925688615,-0.0716182711311516
2023-08-31,-0.0027579639306872,0.0,0.0,-0.0027579639306872,0,Maximum Sharpe,Standard Sentiment,0.1,1.227228912047289,-0.0741787144532809
2023-09-01,-0.0011603837500049,0.3465542830200138,0.00034655428302,-0.0015069380330249,0,Maximum Sharpe,Standard Sentiment,0.1,1.2253795541244972,-0.0755738697602552
2023-09-05,-0.0120258598219688,0.0,0.0,-0.0120258598219688,0,Maximum Sharpe,Standard Sentiment,0.1,1.2106433113778894,-0.0866908888182835
2023-09-06,-0.0097211448280649,0.0,0.0,-0.0097211448280649,0,Maximum Sharpe,Standard Sentiment,0.1,1.1988744724128568,-0.0955692989608721
2023-09-07,-0.0013294531074386,0.0,0.0,-0.0013294531074386,0,Maximum Sharpe,Standard Sentiment,0.1,1.1972806250200787,-0.0967716971668316
2023-09-08,0.0002472411700222,0.0,0.0,0.0002472411700222,0,Maximum Sharpe,Standard Sentiment,0.1,1.1975766420826537,-0.0965483819444419
2023-09-11,0.0057010216514593,0.0,0.0,0.0057010216514593,0,Maximum Sharpe,Standard Sentiment,0.1,1.2044040524484487,-0.0913977847088612
2023-09-12,0.0030158915247049,0.0,0.0,0.0030158915247049,0,Maximum Sharpe,Standard Sentiment,0.1,1.2080364044225482,-0.0886575389884366
2023-09-13,-0.0063274684176335,0.0,0.0,-0.0063274684176335,0,Maximum Sharpe,Standard Sentiment,0.1,1.2003925922262129,-0.0944240296281357
2023-09-14,0.0116579145164494,0.0,0.0,0.0116579145164494,0,Maximum Sharpe,Standard Sentiment,0.1,1.214386666452565,-0.0838669023773898
2023-09-15,-0.0110207644032232,0.0,0.0,-0.0110207644032232,0,Maximum Sharpe,Standard Sentiment,0.1,1.201003197107176,-0.0939633894082837
2023-09-18,0.0048270974402536,0.0,0.0,0.0048270974402536,0,Maximum Sharpe,Standard Sentiment,0.1,1.2068005565656683,-0.0895898624045203
2023-09-19,-0.0051012383823574,0.0,0.0,-0.0051012383823574,0,Maximum Sharpe,Standard Sentiment,0.1,1.2006443792466652,-0.0942340815421097
2023-09-20,-0.0107756711312114,0.0,0.0,-0.0107756711312114,0,Maximum Sharpe,Standard Sentiment,0.1,1.1877066302703656,-0.1039943172012717
2023-09-21,-0.0148203624273936,0.0,0.0,-0.0148203624273936,0,Maximum Sharpe,Standard Sentiment,0.1,1.1701043875523405,-0.1172734461573532
2023-09-22,-0.0039465296843446,0.0,0.0,-0.0039465296843446,0,Maximum Sharpe,Standard Sentiment,0.1,1.165486535853083,-0.1207571527052525
2023-09-25,0.0037136111107295,0.0,0.0,0.0037136111107295,0,Maximum Sharpe,Standard Sentiment,0.1,1.1698146996020329,-0.1174919866985091
2023-09-26,-0.0094943427903792,0.0,0.0,-0.0094943427903792,0,Maximum Sharpe,Standard Sentiment,0.1,1.1587080778427867,-0.12587082029205
2023-09-27,0.0016645039314527,0.0,0.0,0.0016645039314527,0,Maximum Sharpe,Standard Sentiment,0.1,1.160636751993762,-0.1244158288358286
2023-09-28,0.0094062884138288,0.0,0.0,0.0094062884138288,0,Maximum Sharpe,Standard Sentiment,0.1,1.1715540360267047,-0.1161798315912753
2023-09-29,-0.010343286682198,0.0,0.0,-0.010343286682198,0,Maximum Sharpe,Standard Sentiment,0.1,1.1594363167683943,-0.1253214369686353
2023-10-02,-0.0049411814657333,0.5287530983485669,0.0005287530983485,-0.0054699345640819,0,Maximum Sharpe,Standard Sentiment,0.1,1.153094275984451,-0.1301058714730222
2023-10-03,-0.0123768813640443,0.0,0.0,-0.0123768813640443,0,Maximum Sharpe,Standard Sentiment,0.1,1.1388225649290329,-0.1408724479010794
2023-10-04,0.0070952072753113,0.0,0.0,0.0070952072753113,0,Maximum Sharpe,Standard Sentiment,0.1,1.146902747077006,-0.1347767598430066
2023-10-05,0.0034192525433632,0.0,0.0,0.0034192525433632,0,Maximum Sharpe,Standard Sentiment,0.1,1.1508242972119391,-0.131818343078523
2023-10-06,0.0192786011202553,0.0,0.0,0.0192786011202553,0,Maximum Sharpe,Standard Sentiment,0.1,1.1730105797973862,-0.1150810152148115
2023-10-09,-0.0031562811891493,0.0,0.0,-0.0031562811891493,0,Maximum Sharpe,Standard Sentiment,0.1,1.1693082285696983,-0.1178740683604101
2023-10-10,0.0068320518076365,0.0,0.0,0.0068320518076365,0,Maximum Sharpe,Standard Sentiment,0.1,1.1772970029663825,-0.1118473382945887
2023-10-11,0.0156375534446598,0.0,0.0,0.0156375534446598,0,Maximum Sharpe,Standard Sentiment,0.1,1.1957070477705072,-0.0979588035801535
2023-10-12,-0.0083886222868162,0.0,0.0,-0.0083886222868162,0,Maximum Sharpe,Standard Sentiment,0.1,1.1856767129810764,-0.1055256864640673
2023-10-13,-0.0140528520109492,0.0,0.0,-0.0140528520109492,0,Maximum Sharpe,Standard Sentiment,0.1,1.1690145736007245,-0.1180956016197832
2023-10-16,0.0027836066533911,0.0,0.0,0.0027836066533911,0,Maximum Sharpe,Standard Sentiment,0.1,1.172268650345711,-0.1156407266687969
2023-10-17,-0.003821918026305,0.0,0.0,-0.003821918026305,0,Maximum Sharpe,Standard Sentiment,0.1,1.1677883356592824,-0.1190206753172714
2023-10-18,-0.022914262524555,0.0,0.0,-0.022914262524555,0,Maximum Sharpe,Standard Sentiment,0.1,1.1410293271628724,-0.1392076668417567
2023-10-19,-0.0075821712682042,0.0,0.0,-0.0075821712682042,0,Maximum Sharpe,Standard Sentiment,0.1,1.1323778473822796,-0.1457343417381197
2023-10-20,-0.0056147377055613,0.0,0.0,-0.0056147377055613,0,Maximum Sharpe,Standard Sentiment,0.1,1.12601984278564,-0.1505308193401288
2023-10-23,0.0094836716016441,0.0,0.0,0.0094836716016441,0,Maximum Sharpe,Standard Sentiment,0.1,1.1366986451915542,-0.1424747325950327
2023-10-24,0.036299589061069,0.0,0.0,0.036299589061069,0,Maximum Sharpe,Standard Sentiment,0.1,1.1779603388982816,-0.111346917778749
2023-10-25,-0.0195781119052922,0.0,0.0,-0.0195781119052922,0,Maximum Sharpe,Standard Sentiment,0.1,1.1548980995633351,-0.1287450672674595
2023-10-26,-0.0159548670093345,0.0,0.0,-0.0159548670093345,0,Maximum Sharpe,Standard Sentiment,0.1,1.1364718539754688,-0.142645823850434
2023-10-27,-0.0179255860416081,0.0,0.0,-0.0179255860416081,0,Maximum Sharpe,Standard Sentiment,0.1,1.1160999299731658,-0.1580143999031349
2023-10-30,0.0209972689586052,0.0,0.0,0.0209972689586052,0,Maximum Sharpe,Standard Sentiment,0.1,1.1395349803874928,-0.1403350017986284
2023-10-31,-0.0112880763481299,0.0,0.0,-0.0112880763481299,0,Maximum Sharpe,Standard Sentiment,0.1,1.126671822527514,-0.1500389659321406
2023-11-01,0.0056115567332502,0.4739834644929794,0.0004739834644929,0.0051375732687572,0,Maximum Sharpe,Standard Sentiment,0.1,1.1324601815655932,-0.1456722288440283
2023-11-02,0.0104606729194866,0.0,0.0,0.0104606729194866,0,Maximum Sharpe,Standard Sentiment,0.1,1.1443064771192937,-0.1367353854639316
2023-11-03,0.0142129815128597,0.0,0.0,0.0142129815128597,0,Maximum Sharpe,Standard Sentiment,0.1,1.1605704839236357,-0.1244658214568243
2023-11-06,0.0182350862261674,0.0,0.0,0.0182350862261674,0,Maximum Sharpe,Standard Sentiment,0.1,1.1817335867695282,-0.1085003802171328
2023-11-07,0.001583669300594,0.0,0.0,0.001583669300594,0,Maximum Sharpe,Standard Sentiment,0.1,1.183605061972376,-0.1070885396377913
2023-11-08,0.011674142585711,0.0,0.0,0.011674142585711,0,Maximum Sharpe,Standard Sentiment,0.1,1.197422636231011,-0.0966645639331075
2023-11-09,-0.003489948482615,0.0,0.0,-0.003489948482615,0,Maximum Sharpe,Standard Sentiment,0.1,1.1932436929186476,-0.0998171580675015
2023-11-10,0.0180399867493367,0.0,0.0,0.0180399867493367,0,Maximum Sharpe,Standard Sentiment,0.1,1.2147697933276298,-0.0835778715270588
2023-11-13,0.0050824917497154,0.0,0.0,0.0050824917497154,0,Maximum Sharpe,Standard Sentiment,0.1,1.220943850780021,-0.0789201636198385
2023-11-14,0.0125546547831709,0.0,0.0,0.0125546547831709,0,Maximum Sharpe,Standard Sentiment,0.1,1.2362723793361996,-0.0673563242463459
2023-11-15,-0.00716053627222,0.0,0.0,-0.00716053627222,0,Maximum Sharpe,Standard Sentiment,0.1,1.227420006121619,-0.0740345531156366
2023-11-16,0.0034305160928001,0.0,0.0,0.0034305160928001,0,Maximum Sharpe,Standard Sentiment,0.1,1.2316306902052438,-0.0708580137487231
2023-11-17,0.0020895958660648,0.0,0.0,0.0020895958660648,0,Maximum Sharpe,Standard Sentiment,0.1,1.2342043006040155,-0.0689164824952649
2023-11-20,0.0076318034246255,0.0,0.0,0.0076318034246255,0,Maximum Sharpe,Standard Sentiment,0.1,1.243623505212053,-0.0618106361177598
2023-11-21,-0.0032159870948558,0.0,0.0,-0.0032159870948558,0,Maximum Sharpe,Standard Sentiment,0.1,1.2396240280684316,-0.064827841004536
2023-11-22,-0.0094599771858391,0.0,0.0,-0.0094599771858391,0,Maximum Sharpe,Standard Sentiment,0.1,1.2278972130438863,-0.073674548293465
2023-11-24,-0.0022725342552663,0.0,0.0,-0.0022725342552663,0,Maximum Sharpe,Standard Sentiment,0.1,1.2251067745652982,-0.0757796546139931
2023-11-27,0.0027953277493463,0.0,0.0,0.0027953277493463,0,Maximum Sharpe,Standard Sentiment,0.1,1.228531349528153,-0.073196155836025
2023-11-28,-0.0065155851245778,0.0,0.0,-0.0065155851245778,0,Maximum Sharpe,Standard Sentiment,0.1,1.2205267489420897,-0.0792348251764614
2023-11-29,0.0006373377370486,0.0,0.0,0.0006373377370486,0,Maximum Sharpe,Standard Sentiment,0.1,1.2213046366982678,-0.0786479867835862
2023-11-30,0.0052394188647838,0.0,0.0,0.0052394188647838,0,Maximum Sharpe,Standard Sentiment,0.1,1.2277035632514328,-0.0738206376644334
2023-12-01,0.0023850669701483,0.6127759200385001,0.0006127759200385,0.0017722910501098,0,Maximum Sharpe,Standard Sentiment,0.1,1.2298794112887714,-0.0721791782697696
2023-12-04,-0.0132157303943337,0.0,0.0,-0.0132157303943337,0,Maximum Sharpe,Standard Sentiment,0.1,1.213625656571637,-0.0844410081040055
2023-12-05,-0.0012468329161192,0.0,0.0,-0.0012468329161192,0,Maximum Sharpe,Standard Sentiment,0.1,1.2121124681551767,-0.0855825571917504
2023-12-06,-0.0067242071837466,0.0,0.0,-0.0067242071837466,0,Maximum Sharpe,Standard Sentiment,0.1,1.203961972789299,-0.0917312895296247
2023-12-07,0.0056070338111732,0.0,0.0,0.0056070338111732,0,Maximum Sharpe,Standard Sentiment,0.1,1.2107126282780956,-0.0866385961603865
2023-12-08,0.0098870082527234,0.0,0.0,0.0098870082527234,0,Maximum Sharpe,Standard Sentiment,0.1,1.2226829540255575,-0.0776081844229052
2023-12-11,-0.0019686811881791,0.0,0.0,-0.0019686811881791,0,Maximum Sharpe,Standard Sentiment,0.1,1.22027588109486,-0.0794240798383624
2023-12-12,0.0142350676251675,0.0,0.0,0.0142350676251675,0,Maximum Sharpe,Standard Sentiment,0.1,1.2376465907836065,-0.0663196193607605
2023-12-13,0.0026970102757855,0.0,0.0,0.0026970102757855,0,Maximum Sharpe,Standard Sentiment,0.1,1.2409845363567409,-0.0638014737798771
2023-12-14,-0.0055772599041948,0.0,0.0,-0.0055772599041948,0,Maximum Sharpe,Standard Sentiment,0.1,1.2340632430603924,-0.0690228962825308
2023-12-15,0.008705870761966,0.0,0.0,0.008705870761966,0,Maximum Sharpe,Standard Sentiment,0.1,1.244806838166569,-0.0609179299352171
2023-12-18,0.0092868127496698,0.0,0.0,0.0092868127496698,0,Maximum Sharpe,Standard Sentiment,0.1,1.2563671261821303,-0.052196850593953
2023-12-19,0.0085116897715206,0.0,0.0,0.0085116897715206,0,Maximum Sharpe,Standard Sentiment,0.1,1.26706093339933,-0.0441294442217384
2023-12-20,-0.0214779590239795,0.0,0.0,-0.0214779590239795,0,Maximum Sharpe,Standard Sentiment,0.1,1.2398470505908938,-0.0646595928509725
2023-12-21,0.020312934881846,0.0,0.0,0.020312934881846,0,Maximum Sharpe,Standard Sentiment,0.1,1.2650319829929957,-0.0456600840681949
2023-12-22,-0.0003476566928535,0.0,0.0,-0.0003476566928535,0,Maximum Sharpe,Standard Sentiment,0.1,1.264592186157434,-0.0459918667272261
2023-12-26,0.0074652699859542,0.0,0.0,0.0074652699859542,0,Maximum Sharpe,Standard Sentiment,0.1,1.2740327082492275,-0.0388699384435484
2023-12-27,0.003210311254589,0.0,0.0,0.003210311254589,0,Maximum Sharpe,Standard Sentiment,0.1,1.2781227497912346,-0.0357844117898099
2023-12-28,0.0016854064320482,0.0,0.0,0.0016854064320482,0,Maximum Sharpe,Standard Sentiment,0.1,1.28027690609468,-0.0341593166355593
2023-12-29,-0.0026888889997656,0.0,0.0,-0.0026888889997656,0,Maximum Sharpe,Standard Sentiment,0.1,1.2768343836052278,-0.0367563550245841
2021-01-04,0.0036923668142523,1.0,0.001,0.0026923668142523,0,Minimum Variance,Base,0.1,1.0026923668142522,0.0
2021-01-05,0.0011597100566299,0.0,0.0,0.0011597100566299,0,Minimum Variance,Base,0.1,1.0038551992357527,0.0
2021-01-06,0.0060482287095173,0.0,0.0,0.0060482287095173,0,Minimum Variance,Base,0.1,1.009926745071969,0.0
2021-01-07,0.0063376640163561,0.0,0.0,0.0063376640163561,0,Minimum Variance,Base,0.1,1.016327321463367,0.0
2021-01-08,-0.0023823006378058,0.0,0.0,-0.0023823006378058,0,Minimum Variance,Base,0.1,1.0139061242372254,-0.0023823006378057
2021-01-11,0.0003437198444146,0.0,0.0,0.0003437198444146,0,Minimum Variance,Base,0.1,1.0142546238924994,-0.0020393996373955
2021-01-12,0.0013895174768003,0.0,0.0,0.0013895174768003,0,Minimum Variance,Base,0.1,1.0156639484183236,-0.0006527159420335
2021-01-13,-0.0017111682977157,0.0,0.0,-0.0017111682977157,0,Minimum Variance,Base,0.1,1.0139259764686577,-0.0023627673329218
2021-01-14,0.0038722677877819,0.0,0.0,0.0038722677877819,0,Minimum Variance,Base,0.1,1.0178521693665326,0.0
2021-01-15,-0.005263345993167,0.0,0.0,-0.005263345993167,0,Minimum Variance,Base,0.1,1.0124948612292608,-0.005263345993167
2021-01-19,0.0097017611794496,0.0,0.0,0.0097017611794496,0,Minimum Variance,Base,0.1,1.0223178445683272,0.0
2021-01-20,0.0151676960649717,0.0,0.0,0.0151676960649717,0,Minimum Variance,Base,0.1,1.0378240509165366,0.0
2021-01-21,-0.0093241309802956,0.0,0.0,-0.0093241309802956,0,Minimum Variance,Base,0.1,1.02814724353129,-0.0093241309802954
2021-01-22,-0.0004780874127204,0.0,0.0,-0.0004780874127204,0,Minimum Variance,Base,0.1,1.0276556992757344,-0.0097977606433596
2021-01-25,0.003319286686841,0.0,0.0,0.003319286686841,0,Minimum Variance,Base,0.1,1.0310667831569966,-0.006510995532983
2021-01-26,-0.0018169054967932,0.0,0.0,-0.0018169054967932,0,Minimum Variance,Base,0.1,1.0291934322511178,-0.0083160711662028
2021-01-27,-0.0216414290131202,0.0,0.0,-0.0216414290131202,0,Minimum Variance,Base,0.1,1.0069202156462855,-0.0297775285155117
2021-01-28,0.00104985500575,0.0,0.0,0.00104985500575,0,Minimum Variance,Base,0.1,1.0079773358750728,-0.0287589355971324
2021-01-29,-0.0104655332270248,0.0,0.0,-0.0104655332270248,0,Minimum Variance,Base,0.1,0.9974283155743842,-0.0389234912280918
2021-02-01,0.0007049834967651,0.1030475728295691,0.0001030475728295,0.0006019359239355,0,Minimum Variance,Base,0.1,0.9980287035090788,-0.0383449847518113
2021-02-02,0.006388646425395,0.0,0.0,0.006388646425395,0,Minimum Variance,Base,0.1,1.004404756018194,-0.0322013108761827
2021-02-03,-0.0022656111568863,0.0,0.0,-0.0022656111568863,0,Minimum Variance,Base,0.1,1.0021291653969295,-0.0343939663838814
2021-02-04,0.0023235728389865,0.0,0.0,0.0023235728389865,0,Minimum Variance,Base,0.1,1.004457685506802,-0.0321503104310094
2021-02-05,0.0146607537472036,0.0,0.0,0.0146607537472036,0,Minimum Variance,Base,0.1,1.0191837922835034,-0.017960904467931
2021-02-08,0.0030882726184812,0.0,0.0,0.0030882726184812,0,Minimum Variance,Base,0.1,1.0223313096824125,-0.0149281000189213
2021-02-09,-0.0009031828112757,0.0,0.0,-0.0009031828112757,0,Minimum Variance,Base,0.1,1.0214079576160784,-0.0158178000268548
2021-02-10,-0.0070949683682274,0.0,0.0,-0.0070949683682274,0,Minimum Variance,Base,0.1,1.0141611004657365,-0.0228005416042368
2021-02-11,-0.0048660751625534,0.0,0.0,-0.0048660751625534,0,Minimum Variance,Base,0.1,1.0092261163239322,-0.0275556676175972
2021-02-12,0.0042691143903301,0.0,0.0,0.0042691143903301,0,Minimum Variance,Base,0.1,1.0135346180602278,-0.0234041915244284
2021-02-16,-0.0090766546494993,0.0,0.0,-0.0090766546494993,0,Minimum Variance,Base,0.1,1.004335114356783,-0.0322684144101098
2021-02-17,0.0067978908933569,0.0,0.0,0.0067978908933569,0,Minimum Variance,Base,0.1,1.0111624748845476,-0.0256898806772143
2021-02-18,-0.011217768661746,0.0,0.0,-0.011217768661746,0,Minimum Variance,Base,0.1,0.999819488161854,-0.0366194662005755
2021-02-19,-0.0072625245260318,0.0,0.0,-0.0072625245260318,0,Minimum Variance,Base,0.1,0.992558274607474,-0.0436160409551955
2021-02-22,0.0016044895533613,0.0,0.0,0.0016044895533613,0,Minimum Variance,Base,0.1,0.994150823990184,-0.0420815328839058
2021-02-23,-0.0071417860358336,0.0,0.0,-0.0071417860358336,0,Minimum Variance,Base,0.1,0.9870508115178984,-0.0489227816158227
2021-02-24,-0.0008769327653736,0.0,0.0,-0.0008769327653736,0,Minimum Variance,Base,0.1,0.9861852343201898,-0.0497568123910241
2021-02-25,-0.0090074709409273,0.0,0.0,-0.0090074709409273,0,Minimum Variance,Base,0.1,0.977302199479679,-0.0583161002902262
2021-02-26,-0.0174494877027482,0.0,0.0,-0.0174494877027482,0,Minimum Variance,Base,0.1,0.9602487767679896,-0.0747480019180879
2021-03-01,0.008967959165548,0.2092703088624028,0.0002092703088624,0.0087586888566856,0,Minimum Variance,Base,0.1,0.9686592970287132,-0.0666440075528619
2021-03-02,0.0049629901150515,0.0,0.0,0.0049629901150515,0,Minimum Variance,Base,0.1,0.9734667435447196,-0.0620117709885225
2021-03-03,-0.0132038828945267,0.0,0.0,-0.0132038828945267,0,Minimum Variance,Base,0.1,0.960613202661239,-0.0743968577208344
2021-03-04,-0.0027942266530429,0.0,0.0,-0.0027942266530429,0,Minimum Variance,Base,0.1,0.957929031647098,-0.0769832026911312
2021-03-05,0.0153456175734813,0.0,0.0,0.0153456175734813,0,Minimum Variance,Base,0.1,0.9726290442292898,-0.0628189399057297
2021-03-08,-0.0052019686031463,0.0,0.0,-0.0052019686031463,0,Minimum Variance,Base,0.1,0.9675694584787008,-0.0676941263558035
2021-03-09,0.0072052944329986,0.0,0.0,0.0072052944329986,0,Minimum Variance,Base,0.1,0.9745410813114168,-0.0609765880345831
2021-03-10,0.009567943420982,0.0,0.0,0.009567943420982,0,Minimum Variance,Base,0.1,0.9838654352388272,-0.0519920651579204
2021-03-11,-0.0003495315023418,0.0,0.0,-0.0003495315023418,0,Minimum Variance,Base,0.1,0.9835215432751458,-0.0523234237956178
2021-03-12,0.0051575441371436,0.0,0.0,0.0051575441371436,0,Minimum Variance,Base,0.1,0.9885940990444192,-0.0474357400261065
2021-03-15,0.0136512710325898,0.0,0.0,0.0136512710325898,0,Minimum Variance,Base,0.1,1.0020896650316933,-0.0344320271372445
2021-03-16,0.0051183472386101,0.0,0.0,0.0051183472386101,0,Minimum Variance,Base,0.1,1.0072187079015482,-0.0294899149696519
2021-03-17,-0.0102937012825849,0.0,0.0,-0.0102937012825849,0,Minimum Variance,Base,0.1,0.9968506993961784,-0.0394800558766905
2021-03-18,-0.0078865962880438,0.0,0.0,-0.0078865962880438,0,Minimum Variance,Base,0.1,0.9889889403705868,-0.0470552889026054
2021-03-19,-0.0023507446459697,0.0,0.0,-0.0023507446459697,0,Minimum Variance,Base,0.1,0.9866640799140872,-0.0492954185801228
2021-03-22,0.0098382726824711,0.0,0.0,0.0098382726824711,0,Minimum Variance,Base,0.1,0.9963711501782816,-0.0399421276676394
2021-03-23,0.0003469026453423,0.0,0.0,0.0003469026453423,0,Minimum Variance,Base,0.1,0.9967167939660212,-0.0396090810520456
2021-03-24,-0.0065649151685758,0.0,0.0,-0.0065649151685758,0,Minimum Variance,Base,0.1,0.9901734327665394,-0.0459139659636095
2021-03-25,0.0026301454165959,0.0,0.0,0.0026301454165959,0,Minimum Variance,Base,0.1,0.9927777328823654,-0.0434045809541505
2021-03-26,0.0172687975179698,0.0,0.0,0.0172687975179698,0,Minimum Variance,Base,0.1,1.00992181053186,-0.0268853283560301
2021-03-29,0.0109077960070008,0.0,0.0,0.0109077960070008,0,Minimum Variance,Base,0.1,1.0209378316241626,-0.0162707920263182
2021-03-30,-0.0090656720443871,0.0,0.0,-0.0090656720443871,0,Minimum Variance,Base,0.1,1.0116823440649505,-0.0251889584062922
2021-03-31,0.0015823269020738,0.0,0.0,0.0015823269020738,0,Minimum Variance,Base,0.1,1.0132831562543174,-0.0236464886707398
2021-04-01,0.0079115520102275,0.6128908437036252,0.0006128908437036,0.0072986611665239,0,Minimum Variance,Base,0.1,1.0206787666775636,-0.0165204152128016
2021-04-05,0.0118629667221785,0.0,0.0,0.0118629667221785,0,Minimum Variance,Base,0.1,1.0327870449206935,-0.0048534296265292
2021-04-06,0.0004153013835632,0.0,0.0,0.0004153013835632,0,Minimum Variance,Base,0.1,1.0332159628093756,-0.0044401438790048
2021-04-07,-0.0007726189085766,0.0,0.0,-0.0007726189085766,0,Minimum Variance,Base,0.1,1.032417680619866,-0.0052093322484636
2021-04-08,-0.0002775737700325,0.0,0.0,-0.0002775737700325,0,Minimum Variance,Base,0.1,1.032131108552008,-0.0054854600445046
2021-04-09,0.0036414536884712,0.0,0.0,0.0036414536884712,0,Minimum Variance,Base,0.1,1.035889566184231,-0.0018639814047454
2021-04-12,0.0014128880991139,0.0,0.0,0.0014128880991139,0,Minimum Variance,Base,0.1,1.0373531622242886,-0.0004537269027752
2021-04-13,0.0019970288275397,0.0,0.0,0.0019970288275397,0,Minimum Variance,Base,0.1,1.03942478639359,0.0
2021-04-14,-0.0026306818524758,0.0,0.0,-0.0026306818524758,0,Minimum Variance,Base,0.1,1.0366903904710107,-0.0026306818524758
2021-04-15,0.0071648893119207,0.0,0.0,0.0071648893119207,0,Minimum Variance,Base,0.1,1.0441181623694673,0.0
2021-04-16,0.0018256497839304,0.0,0.0,0.0018256497839304,0,Minimum Variance,Base,0.1,1.0460243564669949,0.0
2021-04-19,-0.001017571592746,0.0,0.0,-0.001017571592746,0,Minimum Variance,Base,0.1,1.0449599517965336,-0.001017571592746
2021-04-20,0.0056773050900263,0.0,0.0,0.0056773050900263,0,Minimum Variance,Base,0.1,1.0508925082497416,0.0
2021-04-21,0.0048962619671924,0.0,0.0,0.0048962619671924,0,Minimum Variance,Base,0.1,1.056037953269492,0.0
2021-04-22,0.0007665698947362,0.0,0.0,0.0007665698947362,0,Minimum Variance,Base,0.1,1.0568474801721677,0.0
2021-04-23,0.0026454026818618,0.0,0.0,0.0026454026818618,0,Minimum Variance,Base,0.1,1.0596432673305338,0.0
2021-04-26,-0.0068025521758301,0.0,0.0,-0.0068025521758301,0,Minimum Variance,Base,0.1,1.0524349887167508,-0.0068025521758301
2021-04-27,-0.0047926194057284,0.0,0.0,-0.0047926194057284,0,Minimum Variance,Base,0.1,1.0473910683665593,-0.0115625695379921
2021-04-28,-0.0003012275072996,0.0,0.0,-0.0003012275072996,0,Minimum Variance,Base,0.1,1.0470755653658672,-0.011860314081292
2021-04-29,0.0085061847664121,0.0,0.0,0.0085061847664121,0,Minimum Variance,Base,0.1,1.0559821835892649,-0.0034550153378428
2021-04-30,-0.0011734130040956,0.0,0.0,-0.0011734130040956,0,Minimum Variance,Base,0.1,1.054743080362948,-0.0046243741820116
2021-05-03,0.0079601403921655,0.4012428604133701,0.0004012428604133,0.0075588975317521,0,Minimum Variance,Base,0.1,1.0627157752297365,0.0
2021-05-04,-0.0045171507834514,0.0,0.0,-0.0045171507834514,0,Minimum Variance,Base,0.1,1.057915327833071,-0.0045171507834513
2021-05-05,0.0021148393093048,0.0,0.0,0.0021148393093048,0,Minimum Variance,Base,0.1,1.0601526487542887,-0.0024118645221893
2021-05-06,0.0071068044565637,0.0,0.0,0.0071068044565637,0,Minimum Variance,Base,0.1,1.0676869463230936,0.0
2021-05-07,0.0010140015783279,0.0,0.0,0.0010140015783279,0,Minimum Variance,Base,0.1,1.0687695825718253,0.0
2021-05-10,0.0049628659548807,0.0,0.0,0.0049628659548807,0,Minimum Variance,Base,0.1,1.0740737427467832,0.0
2021-05-11,-0.0087348194263776,0.0,0.0,-0.0087348194263776,0,Minimum Variance,Base,0.1,1.0646919025532764,-0.0087348194263777
2021-05-12,-0.0138621617261646,0.0,0.0,-0.0138621617261646,0,Minimum Variance,Base,0.1,1.049932971211545,-0.0224758976730049
2021-05-13,0.0120866582358265,0.0,0.0,0.0120866582358265,0,Minimum Variance,Base,0.1,1.0626231522051048,-0.0106608979308955
2021-05-14,0.0030634871988315,0.0,0.0,0.0030634871988315,0,Minimum Variance,Base,0.1,1.0658784846290672,-0.0076300702564033
2021-05-17,-0.0013594060064978,0.0,0.0,-0.0013594060064978,0,Minimum Variance,Base,0.1,1.0644295230148657,-0.0089791038995645
2021-05-18,-0.0041900818583168,0.0,0.0,-0.0041900818583168,0,Minimum Variance,Base,0.1,1.059969476181024,-0.013131562577528
2021-05-19,0.0005219635101306,0.0,0.0,0.0005219635101306,0,Minimum Variance,Base,0.1,1.0605227415694427,-0.012616453263894
2021-05-20,0.01017325663481,0.0,0.0,0.01017325663481,0,Minimum Variance,Base,0.1,1.071311711586481,-0.0025715470459586
2021-05-21,-0.0015152260891787,0.0,0.0,-0.0015152260891787,0,Minimum Variance,Base,0.1,1.0696884321314424,-0.0040828766599638
2021-05-24,-0.0014754500305977,0.0,0.0,-0.0014754500305977,0,Minimum Variance,Base,0.1,1.068110160301524,-0.0055523026100687
2021-05-25,-0.0054728083285113,0.0,0.0,-0.0054728083285113,0,Minimum Variance,Base,0.1,1.062264598120458,-0.0109947242506133
2021-05-26,0.0008029465244905,0.0,0.0,0.0008029465244905,0,Minimum Variance,Base,0.1,1.0631175397876085,-0.0102006059017476
2021-05-27,-0.0043533812131355,0.0,0.0,-0.0043533812131355,0,Minimum Variance,Base,0.1,1.058489383862542,-0.0145095799887878
2021-05-28,0.0014978462249574,0.0,0.0,0.0014978462249574,0,Minimum Variance,Base,0.1,1.060074838190318,-0.0130334668834424
2021-06-01,-0.0043016263029203,0.2178141288736089,0.0002178141288736,-0.004519440431794,0,Minimum Variance,Base,0.1,1.0552838931058732,-0.0174940033380368
2021-06-02,0.0012040591935333,0.0,0.0,0.0012040591935333,0,Minimum Variance,Base,0.1,1.056554517379155,-0.0163110079600543
2021-06-03,0.0040336385288546,0.0,0.0,0.0040336385288546,0,Minimum Variance,Base,0.1,1.0608162763882911,-0.0123431621413517
2021-06-04,0.006124369881803,0.0,0.0,0.006124369881803,0,Minimum Variance,Base,0.1,1.06731310764153,-0.0062943863500135
2021-06-07,-0.0041579272320147,0.0,0.0,-0.0041579272320147,0,Minimum Variance,Base,0.1,1.062875297406181,-0.0104261419816146
2021-06-08,-0.0054982314179301,0.0,0.0,-0.0054982314179301,0,Minimum Variance,Base,0.1,1.0570313630526404,-0.0158670480581337
2021-06-09,0.0049856710095959,0.0,0.0,0.0049856710095959,0,Minimum Variance,Base,0.1,1.0623013736756457,-0.010960484930049
2021-06-10,0.0083760997147585,0.0,0.0,0.0083760997147585,0,Minimum Variance,Base,0.1,1.071199315908678,-0.0026761913299867
2021-06-11,0.0020091990051259,0.0,0.0,0.0020091990051259,0,Minimum Variance,Base,0.1,1.0733515685084931,-0.0006723693258186
2021-06-14,0.0003424050423326,0.0,0.0,0.0003424050423326,0,Minimum Variance,Base,0.1,1.073719089497746,-0.0003301945061335
2021-06-15,-0.0044746760415273,0.0,0.0,-0.0044746760415273,0,Minimum Variance,Base,0.1,1.06891454441264,-0.004803393034215
2021-06-16,-0.0109944307132304,0.0,0.0,-0.0109944307132304,0,Minimum Variance,Base,0.1,1.0571624375157311,-0.0157450131755423
2021-06-17,-0.0004068545997643,0.0,0.0,-0.0004068545997643,0,Minimum Variance,Base,0.1,1.05673232611533,-0.0161454618442726
2021-06-18,-0.0107281687112538,0.0,0.0,-0.0107281687112538,0,Minimum Variance,Base,0.1,1.045395523438129,-0.0267004193169401
2021-06-21,0.0103826139175461,0.0,0.0,0.0103826139175461,0,Minimum Variance,Base,0.1,1.0562494615491185,-0.0165950255445981
2021-06-22,-0.0008326316490684,0.0,0.0,-0.0008326316490684,0,Minimum Variance,Base,0.1,1.055369994818121,-0.017413839650181
2021-06-23,-0.0074034939305248,0.0,0.0,-0.0074034939305248,0,Minimum Variance,Base,0.1,1.047556569467027,-0.0246884103245486
2021-06-24,0.0051856069060039,0.0,0.0,0.0051856069060039,0,Minimum Variance,Base,0.1,1.0529887860480849,-0.0196308278096219
2021-06-25,0.0113242872453769,0.0,0.0,0.0113242872453769,0,Minimum Variance,Base,0.1,1.0649131335274542,-0.0085288456972257
2021-06-28,0.002260857631515,0.0,0.0,0.002260857631515,0,Minimum Variance,Base,0.1,1.0673207505122904,-0.0062872705715932
2021-06-29,-0.003042341859995,0.0,0.0,-0.003042341859995,0,Minimum Variance,Base,0.1,1.0640735959149654,-0.0093104844051432
2021-06-30,0.0075786541951782,0.0,0.0,0.0075786541951782,0,Minimum Variance,Base,0.1,1.072137841736625,-0.001802391151661
2021-07-01,0.0036170626097624,0.4191809746457781,0.0004191809746457,0.0031978816351166,0,Minimum Variance,Base,0.1,1.075566411651028,0.0
2021-07-02,0.005058325171309,0.0,0.0,0.005058325171309,0,Minimum Variance,Base,0.1,1.081006976304497,0.0
2021-07-06,-0.0021255309451706,0.0,0.0,-0.0021255309451706,0,Minimum Variance,Base,0.1,1.0787092625244163,-0.0021255309451706
2021-07-07,0.0023164203575109,0.0,0.0,0.0023164203575109,0,Minimum Variance,Base,0.1,1.0812080066199636,0.0
2021-07-08,-0.0048953202959491,0.0,0.0,-0.0048953202959491,0,Minimum Variance,Base,0.1,1.0759151471210142,-0.0048953202959491
2021-07-09,0.0068186928163664,0.0,0.0,0.0068186928163664,0,Minimum Variance,Base,0.1,1.0832514820057082,0.0
2021-07-12,0.0021186282902721,0.0,0.0,0.0021186282902721,0,Minimum Variance,Base,0.1,1.0855464892409648,0.0
2021-07-13,-0.0026103283623699,0.0,0.0,-0.0026103283623699,0,Minimum Variance,Base,0.1,1.082712856451428,-0.0026103283623699
2021-07-14,0.0040981572509472,0.0,0.0,0.0040981572509472,0,Minimum Variance,Base,0.1,1.0871499839947882,0.0
2021-07-15,0.0015011951918633,0.0,0.0,0.0015011951918633,0,Minimum Variance,Base,0.1,1.0887820083235955,0.0
2021-07-16,-0.0013136028104111,0.0,0.0,-0.0013136028104111,0,Minimum Variance,Base,0.1,1.0873517812175366,-0.001313602810411
2021-07-19,-0.0136155363088888,0.0,0.0,-0.0136155363088888,0,Minimum Variance,Base,0.1,1.0725469035598345,-0.0149112537125393
2021-07-20,0.0053897391263237,0.0,0.0,0.0053897391263237,0,Minimum Variance,Base,0.1,1.078327651570768,-0.0096018823537726
2021-07-21,-0.0017451084308386,0.0,0.0,-0.0017451084308386,0,Minimum Variance,Base,0.1,1.0764458528948055,-0.0113302344587636
2021-07-22,-8.288098439603996e-05,0.0,0.0,-8.288098439603996e-05,0,Minimum Variance,Base,0.1,1.076356636002869,-0.0114121763821742
2021-07-23,0.0102058208437455,0.0,0.0,0.0102058208437455,0,Minimum Variance,Base,0.1,1.0873417389938904,-0.0013228261660226
2021-07-26,0.0010536971880977,0.0,0.0,0.0010536971880977,0,Minimum Variance,Base,0.1,1.0884874679267695,-0.0002705228361363
2021-07-27,0.0011681758463874,0.0,0.0,0.0011681758463874,0,Minimum Variance,Base,0.1,1.0897590126958971,0.0
2021-07-28,-0.0009811790686915,0.0,0.0,-0.0009811790686915,0,Minimum Variance,Base,0.1,1.088689763962722,-0.0009811790686915
2021-07-29,-0.0006231880385572,0.0,0.0,-0.0006231880385572,0,Minimum Variance,Base,0.1,1.0880113055241207,-0.0016037556481894
2021-07-30,-0.0026892898445061,0.0,0.0,-0.0026892898445061,0,Minimum Variance,Base,0.1,1.085085327769467,-0.0042887325289177
2021-08-02,-0.0015157116319046,0.1429397394915476,0.0001429397394915,-0.0016586513713961,0,Minimum Variance,Base,0.1,1.0832855495024802,-0.0059402703882233
2021-08-03,0.0005759838259628,0.0,0.0,0.0005759838259628,0,Minimum Variance,Base,0.1,1.083909504457893,-0.0053677080619258
2021-08-04,-0.0081633697258909,0.0,0.0,-0.0081633697258909,0,Minimum Variance,Base,0.1,1.075061150423596,-0.0134872592023266
2021-08-05,0.0044227803352875,0.0,0.0,0.0044227803352875,0,Minimum Variance,Base,0.1,1.079815909738921,-0.0091241300518161
2021-08-06,-0.0011625033355407,0.0,0.0,-0.0011625033355407,0,Minimum Variance,Base,0.1,1.0785606201420797,-0.0102760265557376
2021-08-09,0.0010892639642543,0.0,0.0,0.0010892639642543,0,Minimum Variance,Base,0.1,1.0797354573588642,-0.0091979558969061
2021-08-10,0.0044660877057312,0.0,0.0,0.0044660877057312,0,Minimum Variance,Base,0.1,1.0845576506104166,-0.004772947068924
2021-08-11,0.0041392308225686,0.0,0.0,0.0041392308225686,0,Minimum Variance,Base,0.1,1.089046885066676,-0.0006534725759775
2021-08-12,0.0027463124595402,0.0,0.0,0.0027463124595402,0,Minimum Variance,Base,0.1,1.0920377480961578,0.0
2021-08-13,0.003937276947503,0.0,0.0,0.003937276947503,0,Minimum Variance,Base,0.1,1.09633740314754,0.0
2021-08-16,0.0067589736119997,0.0,0.0,0.0067589736119997,0,Minimum Variance,Base,0.1,1.1037475187252626,0.0
2021-08-17,0.0028486986888662,0.0,0.0,0.0028486986888662,0,Minimum Variance,Base,0.1,1.1068917628346946,0.0
2021-08-18,-0.0108825495751515,0.0,0.0,-0.0108825495751515,0,Minimum Variance,Base,0.1,1.094845958351319,-0.0108825495751516
2021-08-19,0.0015039263975334,0.0,0.0,0.0015039263975334,0,Minimum Variance,Base,0.1,1.0964925260893164,-0.0093949897311967
2021-08-20,0.0038228305141246,0.0,0.0,0.0038228305141246,0,Minimum Variance,Base,0.1,1.10068423117656,-0.0056080746704965
2021-08-23,-0.0014280412965493,0.0,0.0,-0.0014280412965493,0,Minimum Variance,Base,0.1,1.0991124086399793,-0.0070281074048222
2021-08-24,-0.0052047698666706,0.0,0.0,-0.0052047698666706,0,Minimum Variance,Base,0.1,1.0933917814954062,-0.0121962975898525
2021-08-25,-0.0036005929557846,0.0,0.0,-0.0036005929557846,0,Minimum Variance,Base,0.1,1.089454922749041,-0.0157529766424484
2021-08-26,-0.0062071911922053,0.0,0.0,-0.0062071911922053,0,Minimum Variance,Base,0.1,1.0826924677482486,-0.0218623860967877
2021-08-27,0.001769629171016,0.0,0.0,0.001769629171016,0,Minimum Variance,Base,0.1,1.0846084319224152,-0.0201314452419565
2021-08-30,0.0037915465359321,0.0,0.0,0.0037915465359321,0,Minimum Variance,Base,0.1,1.0887207752653134,-0.0164162280174948
2021-08-31,0.0037357386698979,0.0,0.0,0.0037357386698979,0,Minimum Variance,Base,0.1,1.0927879515661931,-0.0127418160854156
2021-09-01,0.0010714142462295,0.1177709932774375,0.0001177709932774,0.0009536432529521,0,Minimum Variance,Base,0.1,1.093830081423112,-0.0118003239794036
2021-09-02,0.0063079991890267,0.0,0.0,0.0063079991890267,0,Minimum Variance,Base,0.1,1.100729960689662,-0.0055667612244693
2021-09-03,-0.0011408873497774,0.0,0.0,-0.0011408873497774,0,Minimum Variance,Base,0.1,1.09947415180199,-0.0067012975267866
2021-09-07,-0.0137301106651193,0.0,0.0,-0.0137301106651193,0,Minimum Variance,Base,0.1,1.0843782500243104,-0.0203393986352632
2021-09-08,0.0043013719665916,0.0,0.0,0.0043013719665916,0,Minimum Variance,Base,0.1,1.089042564230147,-0.0161255139877787
2021-09-09,-0.011090115787032,0.0,0.0,-0.011090115787032,0,Minimum Variance,Base,0.1,1.076964956095828,-0.0270367959575609
2021-09-10,-0.0074540183476887,0.0,0.0,-0.0074540183476887,0,Minimum Variance,Base,0.1,1.068937239553272,-0.034289281532119
2021-09-13,-0.0002930898022036,0.0,0.0,-0.0002930898022036,0,Minimum Variance,Base,0.1,1.0686239449491632,-0.0345723214955808
2021-09-14,-0.0057017826976764,0.0,0.0,-0.0057017826976764,0,Minimum Variance,Base,0.1,1.0625308834295295,-0.0400769803287351
2021-09-15,0.0029928557722412,0.0,0.0,0.0029928557722412,0,Minimum Variance,Base,0.1,1.065710885117186,-0.0372040691784048
2021-09-16,-0.0046580526052019,0.0,0.0,-0.0046580526052019,0,Minimum Variance,Base,0.1,1.060746747752374,-0.0416888232722462
2021-09-17,-0.0078915659080568,0.0,0.0,-0.0078915659080568,0,Minimum Variance,Base,0.1,1.052375794880729,-0.0492513990838208
2021-09-20,-0.0090828858982232,0.0,0.0,-0.0090828858982232,0,Minimum Variance,Base,0.1,1.0428171856137751,-0.0578869401438379
2021-09-21,-0.0042320866656484,0.0,0.0,-0.0042320866656484,0,Minimum Variance,Base,0.1,1.0384038929078303,-0.0618740442619883
2021-09-22,0.0004399721383425,0.0,0.0,0.0004399721383425,0,Minimum Variance,Base,0.1,1.0388607616890562,-0.0614612949792077
2021-09-23,0.0032514680912193,0.0,0.0,0.0032514680912193,0,Minimum Variance,Base,0.1,1.0422385843069075,-0.0584096663274584
2021-09-24,-0.0025147328556275,0.0,0.0,-0.0025147328556275,0,Minimum Variance,Base,0.1,1.0396176326955484,-0.0607775144760861
2021-09-27,-0.003379913108343,0.0,0.0,-0.003379913108343,0,Minimum Variance,Base,0.1,1.0361038154311362,-0.0639520048665589
2021-09-28,-0.0054065352011707,0.0,0.0,-0.0054065352011707,0,Minimum Variance,Base,0.1,1.0305020836809404,-0.0690127813022332
2021-09-29,0.0086169154310334,0.0,0.0,0.0086169154310334,0,Minimum Variance,Base,0.1,1.0393818329875228,-0.0609905431713415
2021-09-30,-0.0094588231126137,0.0,0.0,-0.0094588231126137,0,Minimum Variance,Base,0.1,1.0295505040828297,-0.0698724675245552
2021-10-01,0.0142741455167872,0.3562658292659103,0.0003562658292659,0.0139178796875213,0,Minimum Variance,Base,0.1,1.0438796641308816,-0.0569270644335108
2021-10-04,0.0022804999870122,0.0,0.0,0.0022804999870122,0,Minimum Variance,Base,0.1,1.0462602316913745,-0.0547763866161997
2021-10-05,0.0010984898571543,0.0,0.0,0.0010984898571543,0,Minimum Variance,Base,0.1,1.0474095379438315,-0.0537380680641548
2021-10-06,0.0025189274085765,0.0,0.0,0.0025189274085765,0,Minimum Variance,Base,0.1,1.050047886536963,-0.0513545029481088
2021-10-07,0.0086469593477364,0.0,0.0,0.0086469593477364,0,Minimum Variance,Base,0.1,1.0591276079250247,-0.0431516038996877
2021-10-08,-0.0051379690593812,0.0,0.0,-0.0051379690593812,0,Minimum Variance,Base,0.1,1.0536858430455696,-0.0480678613533697
2021-10-11,-0.0086709294960781,0.0,0.0,-0.0086709294960781,0,Minimum Variance,Base,0.1,1.0445494073895056,-0.0563219978126255
2021-10-12,-0.0008378553801492,0.0,0.0,-0.0008378553801492,0,Minimum Variance,Base,0.1,1.0436742260486926,-0.0571126635038867
2021-10-13,0.0006366787402691,0.0,0.0,0.0006366787402691,0,Minimum Variance,Base,0.1,1.0443387112401847,-0.0565123471822706
2021-10-14,0.0088398839626975,0.0,0.0,0.0088398839626975,0,Minimum Variance,Base,0.1,1.053570544265301,-0.0481720258111242
2021-10-15,-0.0006613298530294,0.0,0.0,-0.0006613298530294,0,Minimum Variance,Base,0.1,1.0528737866121058,-0.0488014980654037
2021-10-18,-0.0017339936288742,0.0,0.0,-0.0017339936288742,0,Minimum Variance,Base,0.1,1.0510481101741118,-0.050450870207553
2021-10-19,0.0137600432066649,0.0,0.0,0.0137600432066649,0,Minimum Variance,Base,0.1,1.065510577582391,-0.037385033154758
2021-10-20,0.0104481538696344,0.0,0.0,0.0104481538696344,0,Minimum Variance,Base,0.1,1.076643196046695,-0.0273274838639459
2021-10-21,0.0055486894469173,0.0,0.0,0.0055486894469173,0,Minimum Variance,Base,0.1,1.0826171547866947,-0.021930426138355
2021-10-22,0.0024589286058944,0.0,0.0,0.0024589286058944,0,Minimum Variance,Base,0.1,1.0852792330778318,-0.0195254228846316
2021-10-25,0.0044302820801334,0.0,0.0,0.0044302820801334,0,Minimum Variance,Base,0.1,1.0900873262160775,-0.0151816439356109
2021-10-26,2.416504827607328e-06,0.0,0.0,2.416504827607328e-06,0,Minimum Variance,Base,0.1,1.0900899604173635,-0.0151792641172993
2021-10-27,-0.0109170073734422,0.0,0.0,-0.0109170073734422,0,Minimum Variance,Base,0.1,1.078189440281772,-0.0259305593524495
2021-10-28,0.0181980427563695,0.0,0.0,0.0181980427563695,0,Minimum Variance,Base,0.1,1.0978103778154855,-0.0082044020238726
2021-10-29,-0.0011428097203549,0.0,0.0,-0.0011428097203549,0,Minimum Variance,Base,0.1,1.0965557894446116,-0.0093378356738449
2021-11-01,0.0053509948964524,0.4222299026185849,0.0004222299026185,0.0049287649938338,0,Minimum Variance,Base,0.1,1.101960455233412,-0.0044550946775985
2021-11-02,0.0046891660282522,0.0,0.0,0.0046891660282522,0,Minimum Variance,Base,0.1,1.10712773076457,0.0
2021-11-03,4.425353797064043e-05,0.0,0.0,4.425353797064043e-05,0,Minimum Variance,Base,0.1,1.1071767250836415,0.0
2021-11-04,0.0005735518327775,0.0,0.0,0.0005735518327775,0,Minimum Variance,Base,0.1,1.107811748323522,0.0
2021-11-05,-0.0122057076981648,0.0,0.0,-0.0122057076981648,0,Minimum Variance,Base,0.1,1.094290121938892,-0.0122057076981648
2021-11-08,0.0016002253991607,0.0,0.0,0.0016002253991607,0,Minimum Variance,Base,0.1,1.0960412327860694,-0.0106250141824774
2021-11-09,0.0006047186968377,0.0,0.0,0.0006047186968377,0,Minimum Variance,Base,0.1,1.09670402941204,-0.0100267206303701
2021-11-10,0.0008574438298237,0.0,0.0,0.0008574438298237,0,Minimum Variance,Base,0.1,1.097644391515202,-0.0091778741502843
2021-11-11,0.0023797835522976,0.0,0.0,0.0023797835522976,0,Minimum Variance,Base,0.1,1.1002565475844015,-0.0068199319519346
2021-11-12,0.0023264395606006,0.0,0.0,0.0023264395606006,0,Minimum Variance,Base,0.1,1.102816227943512,-0.0045093585508276
2021-11-15,-0.002468891653416,0.0,0.0,-0.002468891653416,0,Minimum Variance,Base,0.1,1.1000934941630902,-0.0069671170865555
2021-11-16,-0.0050627318054299,0.0,0.0,-0.0050627318054299,0,Minimum Variance,Base,0.1,1.094524015841244,-0.0119945762467191
2021-11-17,-0.0029272685496248,0.0,0.0,-0.0029272685496248,0,Minimum Variance,Base,0.1,1.091320050112863,-0.0148867334505309
2021-11-18,-0.0020142157196161,0.0,0.0,-0.0020142157196161,0,Minimum Variance,Base,0.1,1.0891218961127935,-0.0168709640776171
2021-11-19,-0.0080743466517022,0.0,0.0,-0.0080743466517022,0,Minimum Variance,Base,0.1,1.0803279483776196,-0.0248090887170082
2021-11-22,0.0038111892241995,0.0,0.0,0.0038111892241995,0,Minimum Variance,Base,0.1,1.084445282613078,-0.0210924516243892
2021-11-23,0.0066815181516151,0.0,0.0,0.0066815181516151,0,Minimum Variance,Base,0.1,1.0916910234532906,-0.0145518630711645
2021-11-24,-0.0008935829483402,0.0,0.0,-0.0008935829483402,0,Minimum Variance,Base,0.1,1.0907155069698766,-0.0154324427227978
2021-11-26,-0.0146712522862072,0.0,0.0,-0.0146712522862072,0,Minimum Variance,Base,0.1,1.074713344594643,-0.0298772817484265
2021-11-29,-0.0007489914156264,0.0,0.0,-0.0007489914156264,0,Minimum Variance,Base,0.1,1.0739083935252824,-0.0306038953365012
2021-11-30,-0.0216093839830547,0.0,0.0,-0.0216093839830547,0,Minimum Variance,Base,0.1,1.050701894686969,-0.0515519479938523
2021-12-01,-0.0115576361296958,0.3839287139663322,0.0003839287139663,-0.0119415648436621,0,Minimum Variance,Base,0.1,1.038154869880206,-0.0628779019077289
2021-12-02,0.0141205866824273,0.0,0.0,0.0141205866824273,0,Minimum Variance,Base,0.1,1.0528142257101336,-0.0496451880895986
2021-12-03,0.0089223994431537,0.0,0.0,0.0089223994431537,0,Minimum Variance,Base,0.1,1.062207854771354,-0.0411657428450107
2021-12-06,0.0102872447998048,0.0,0.0,0.0102872447998048,0,Minimum Variance,Base,0.1,1.0731350470016623,-0.0313019801192183
2021-12-07,0.0030599512006215,0.0,0.0,0.0030599512006215,0,Minimum Variance,Base,0.1,1.0764187878771645,-0.0283378114502445
2021-12-08,0.00090331140763,0.0,0.0,0.00090331140763,0,Minimum Variance,Base,0.1,1.077391129247641,-0.0274600979109647
2021-12-09,-0.0029116992386657,0.0,0.0,-0.0029116992386657,0,Minimum Variance,Base,0.1,1.0742540903168654,-0.0302918416034494
2021-12-10,0.0076708276335654,0.0,0.0,0.0076708276335654,0,Minimum Variance,Base,0.1,1.0824945082783388,-0.0228533774655271
2021-12-13,0.0049549497516535,0.0,0.0,0.0049549497516535,0,Minimum Variance,Base,0.1,1.0878582141732989,-0.0180116650508709
2021-12-14,-0.0002360698268272,0.0,0.0,-0.0002360698268272,0,Minimum Variance,Base,0.1,1.0876014036730663,-0.0182434828670488
2021-12-15,0.0130982968940436,0.0,0.0,0.0130982968940436,0,Minimum Variance,Base,0.1,1.1018471297607548,-0.005384144527979
2021-12-16,0.0104144924013074,0.0,0.0,0.0104144924013074,0,Minimum Variance,Base,0.1,1.1133223083210506,0.0
2021-12-17,-0.0123931383949728,0.0,0.0,-0.0123931383949728,0,Minimum Variance,Base,0.1,1.0995247508758172,-0.0123931383949728
2021-12-20,0.0019902133657434,0.0,0.0,0.0019902133657434,0,Minimum Variance,Base,0.1,1.101713039730976,-0.0104275900189065
2021-12-21,0.003710439873334,0.0,0.0,0.003710439873334,0,Minimum Variance,Base,0.1,1.105800879722566,-0.0067558410913612
2021-12-22,0.0063740330278328,0.0,0.0,0.0063740330278328,0,Minimum Variance,Base,0.1,1.1128492910521242,-0.0004248700177756
2021-12-23,0.0017158837585417,0.0,0.0,0.0017158837585417,0,Minimum Variance,Base,0.1,1.1147588110763451,0.0
2021-12-27,0.0106354538940535,0.0,0.0,0.0106354538940535,0,Minimum Variance,Base,0.1,1.1266147770145378,0.0
2021-12-28,0.0044653815161673,0.0,0.0,0.0044653815161673,0,Minimum Variance,Base,0.1,1.1316455418156597,0.0
2021-12-29,0.0010043262125567,0.0,0.0,0.0010043262125567,0,Minimum Variance,Base,0.1,1.132782083096628,0.0
2021-12-30,0.0006269534109596,0.0,0.0,0.0006269534109596,0,Minimum Variance,Base,0.1,1.1334922846874993,0.0
2021-12-31,-0.0011338211817062,0.0,0.0,-0.0011338211817062,0,Minimum Variance,Base,0.1,1.13220710712582,-0.0011338211817062
2022-01-03,0.0021794310621138,0.2413919298706379,0.0002413919298706,0.0019380391322432,0,Minimum Variance,Base,0.1,1.1344013688052337,0.0
2022-01-04,-0.0004918778978112,0.0,0.0,-0.0004918778978112,0,Minimum Variance,Base,0.1,1.1338433818446716,-0.0004918778978112
2022-01-05,-0.0017729058685227,0.0,0.0,-0.0017729058685227,0,Minimum Variance,Base,0.1,1.1318331842590137,-0.0022639117131223
2022-01-06,-0.0039581872747785,0.0,0.0,-0.0039581872747785,0,Minimum Variance,Base,0.1,1.1273531765519074,-0.0062131380013668
2022-01-07,0.0043084194360659,0.0,0.0,0.0043084194360659,0,Minimum Variance,Base,0.1,1.1322102868890744,-0.0019314873698247
2022-01-10,-0.0011576725102106,0.0,0.0,-0.0011576725102106,0,Minimum Variance,Base,0.1,1.1308995581641652,-0.0030869238502035
2022-01-11,0.0038212514408424,0.0,0.0,0.0038212514408424,0,Minimum Variance,Base,0.1,1.1352210097302482,0.0
2022-01-12,0.0012332401651089,0.0,0.0,0.0012332401651089,0,Minimum Variance,Base,0.1,1.136621009875723,0.0
2022-01-13,-0.002125854883531,0.0,0.0,-0.002125854883531,0,Minimum Variance,Base,0.1,1.1342047185511548,-0.002125854883531
2022-01-14,-0.0024447660596583,0.0,0.0,-0.0024447660596583,0,Minimum Variance,Base,0.1,1.1314318533505368,-0.0045654237253222
2022-01-18,-0.0091252784577216,0.0,0.0,-0.0091252784577216,0,Minimum Variance,Base,0.1,1.1211072226327772,-0.0136490414202725
2022-01-19,-0.0004466812442287,0.0,0.0,-0.0004466812442287,0,Minimum Variance,Base,0.1,1.1206064450636577,-0.0140896258936972
2022-01-20,-0.0110498727370316,0.0,0.0,-0.0110498727370316,0,Minimum Variance,Base,0.1,1.1082238864574068,-0.0249838100576912
2022-01-21,-0.0045130176516108,0.0,0.0,-0.0045130176516108,0,Minimum Variance,Base,0.1,1.1032224524958878,-0.0293840753335071
2022-01-24,-0.0050503854155065,0.0,0.0,-0.0050503854155065,0,Minimum Variance,Base,0.1,1.0976507539117433,-0.0342860598435011
2022-01-25,-0.0049988417700214,0.0,0.0,-0.0049988417700214,0,Minimum Variance,Base,0.1,1.092163771474194,-0.0391135110254473
2022-01-26,-0.0160231160181881,0.0,0.0,-0.0160231160181881,0,Minimum Variance,Base,0.1,1.0746639046530009,-0.0545099067185961
2022-01-27,0.0002195672648161,0.0,0.0,0.0002195672648161,0,Minimum Variance,Base,0.1,1.0748998656671422,-0.0543023080449034
2022-01-28,0.0160993905541225,0.0,0.0,0.0160993905541225,0,Minimum Variance,Base,0.1,1.0922050984110914,-0.0390771515559861
2022-01-31,0.0108940396315088,0.0,0.0,0.0108940396315088,0,Minimum Variance,Base,0.1,1.1041036240389177,-0.0286088199622147
2022-02-01,-0.0026747572211085,0.591032924921132,0.0005910329249211,-0.0032657901460296,0,Minimum Variance,Base,0.1,1.1004978533033358,-0.0317811797059222
2022-02-02,0.0114480321819574,0.0,0.0,0.0114480321819574,0,Minimum Variance,Base,0.1,1.1130963881441276,-0.0206969794920186
2022-02-03,-0.0058971582981468,0.0,0.0,-0.0058971582981468,0,Minimum Variance,Base,0.1,1.1065322825421462,-0.0264720844258076
2022-02-04,-0.0037312978107453,0.0,0.0,-0.0037312978107453,0,Minimum Variance,Base,0.1,1.1024034810587775,-0.030104607005889
2022-02-07,-0.0010225014470783,0.0,0.0,-0.0010225014470783,0,Minimum Variance,Base,0.1,1.101276271904131,-0.03109632644874
2022-02-08,-0.0012444655509988,0.0,0.0,-0.0012444655509988,0,Minimum Variance,Base,0.1,1.0999057715216138,-0.0323020936927107
2022-02-09,0.0064677344374247,0.0,0.0,0.0064677344374247,0,Minimum Variance,Base,0.1,1.1070196699580066,-0.0260432806190631
2022-02-10,-0.0173717424667474,0.0,0.0,-0.0173717424667474,0,Minimum Variance,Base,0.1,1.0877888093458723,-0.042962605921907
2022-02-11,-0.0027147203744188,0.0,0.0,-0.0027147203744188,0,Minimum Variance,Base,0.1,1.0848357669020765,-0.0455606948346914
2022-02-14,-0.0078821823308651,0.0,0.0,-0.0078821823308651,0,Minimum Variance,Base,0.1,1.0762848935883105,-0.0530837594617487
2022-02-15,0.0021675329518715,0.0,0.0,0.0021675329518715,0,Minimum Variance,Base,0.1,1.0786177765607643,-0.0510312873077196
2022-02-16,-0.0017696319911562,0.0,0.0,-0.0017696319911562,0,Minimum Variance,Base,0.1,1.0767090200371328,-0.0527106127003063
2022-02-17,-0.006755719228727,0.0,0.0,-0.006755719228727,0,Minimum Variance,Base,0.1,1.069435076206724,-0.0591102338292559
2022-02-18,-0.0054564412825487,0.0,0.0,-0.0054564412825487,0,Minimum Variance,Base,0.1,1.063599766507904,-0.0642441435917176
2022-02-22,-0.0040054152397111,0.0,0.0,-0.0040054152397111,0,Minimum Variance,Base,0.1,1.05933960779418,-0.0679922343596244
2022-02-23,-0.002680156412589,0.0,0.0,-0.002680156412589,0,Minimum Variance,Base,0.1,1.056500411951241,-0.0704901609492882
2022-02-24,-0.0010625608034739,0.0,0.0,-0.0010625608034739,0,Minimum Variance,Base,0.1,1.0553778160246472,-0.0714778216707069
2022-02-25,0.026173920112429,0.0,0.0,0.026173920112429,0,Minimum Variance,Base,0.1,1.0830011906697063,-0.0471747563524973
2022-02-28,-0.0049988491445961,0.0,0.0,-0.0049988491445961,0,Minimum Variance,Base,0.1,1.0775874310941305,-0.0519377860066542
2022-03-01,-0.0017763917649752,0.5492358324153994,0.0005492358324153,-0.0023256275973906,0,Minimum Variance,Base,0.1,1.0750813640257766,-0.0541426256555604
2022-03-02,0.0120746006552013,0.0,0.0,0.0120746006552013,0,Minimum Variance,Base,0.1,1.0880625421682368,-0.0427217755835742
2022-03-03,0.0084679922389428,0.0,0.0,0.0084679922389428,0,Minimum Variance,Base,0.1,1.0972762473308018,-0.034615551008707
2022-03-04,0.0067668134575643,0.0,0.0,0.0067668134575643,0,Minimum Variance,Base,0.1,1.1047013110079054,-0.0280829745275495
2022-03-07,-0.008799168329092,0.0,0.0,-0.008799168329092,0,Minimum Variance,Base,0.1,1.0949808582189782,-0.0366350360365921
2022-03-08,-0.0136640144111615,0.0,0.0,-0.0136640144111615,0,Minimum Variance,Base,0.1,1.080019023992328,-0.0497984687873962
2022-03-09,0.0042964578701983,0.0,0.0,0.0042964578701983,0,Minimum Variance,Base,0.1,1.0846592802279236,-0.0457159679403434
2022-03-10,0.0017099155829415,0.0,0.0,0.0017099155829415,0,Minimum Variance,Base,0.1,1.0865139560333674,-0.0440842228033724
2022-03-11,-0.0053894965157756,0.0,0.0,-0.0053894965157756,0,Minimum Variance,Base,0.1,1.080658192852984,-0.0492361275539486
2022-03-14,-0.0046786770214566,0.0,0.0,-0.0046786770214566,0,Minimum Variance,Base,0.1,1.0756021421980335,-0.0536844446367932
2022-03-15,0.0073307943263002,0.0,0.0,0.0073307943263002,0,Minimum Variance,Base,0.1,1.0834871602794154,-0.046747199932647
2022-03-16,0.0058359975259777,0.0,0.0,0.0058359975259777,0,Minimum Variance,Base,0.1,1.0898103886662345,-0.0411840189498228
2022-03-17,0.0113319078541961,0.0,0.0,0.0113319078541961,0,Minimum Variance,Base,0.1,1.102160019569146,-0.0303188046034313
2022-03-18,0.0032366774445723,0.0,0.0,0.0032366774445723,0,Minimum Variance,Base,0.1,1.105727356044795,-0.0271802593498652
2022-03-21,0.0025925340023441,0.0,0.0,0.0025925340023441,0,Minimum Variance,Base,0.1,1.1085939918126633,-0.0246581910940781
2022-03-22,0.0044608785159433,0.0,0.0,0.0044608785159433,0,Minimum Variance,Base,0.1,1.1135392949336445,-0.0203073097730283
2022-03-23,-0.0093961803796219,0.0,0.0,-0.0093961803796219,0,Minimum Variance,Base,0.1,1.1030762788586508,-0.029512679006998
2022-03-24,0.0064687318911089,0.0,0.0,0.0064687318911089,0,Minimum Variance,Base,0.1,1.1102117835620295,-0.0232348567237737
2022-03-25,0.0086037388680186,0.0,0.0,0.0086037388680186,0,Minimum Variance,Base,0.1,1.1197637558359943,-0.0148310244956422
2022-03-28,0.0055374714899618,0.0,0.0,0.0055374714899618,0,Minimum Variance,Base,0.1,1.125964415709429,-0.0093756793809918
2022-03-29,0.0127236835936128,0.0,0.0,0.0127236835936128,0,Minimum Variance,Base,0.1,1.140290830672583,0.0
2022-03-30,0.0005380527862461,0.0,0.0,0.0005380527862461,0,Minimum Variance,Base,0.1,1.1409043673311574,0.0
2022-03-31,-0.0089256396294379,0.0,0.0,-0.0089256396294379,0,Minimum Variance,Base,0.1,1.1307210660967075,-0.008925639629438
2022-04-01,0.0090876696161201,0.2838316173669982,0.0002838316173669,0.0088038379987531,0,Minimum Variance,Base,0.1,1.1406757511844003,-0.0002003815160177
2022-04-04,0.0029044942383338,0.0,0.0,0.0029044942383338,0,Minimum Variance,Base,0.1,1.1439888373315226,0.0
2022-04-05,-0.0044376838128344,0.0,0.0,-0.0044376838128344,0,Minimum Variance,Base,0.1,1.1389121765860333,-0.0044376838128343
2022-04-06,0.0111064659149108,0.0,0.0,0.0111064659149108,0,Minimum Variance,Base,0.1,1.1515614658553628,0.0
2022-04-07,0.003469127775828,0.0,0.0,0.003469127775828,0,Minimum Variance,Base,0.1,1.1555563797221349,0.0
2022-04-08,0.0071571501051475,0.0,0.0,0.0071571501051475,0,Minimum Variance,Base,0.1,1.1638268701867671,0.0
2022-04-11,-0.0142485031883422,0.0,0.0,-0.0142485031883422,0,Minimum Variance,Base,0.1,1.1472440793162326,-0.0142485031883422
2022-04-12,0.0027715073553065,0.0,0.0,0.0027715073553065,0,Minimum Variance,Base,0.1,1.1504236747203893,-0.0115164856644244
2022-04-13,0.006186777467098,0.0,0.0,0.006186777467098,0,Minimum Variance,Base,0.1,1.1575410899887657,-0.0054009581313352
2022-04-14,0.0018098404165107,0.0,0.0,0.0018098404165107,0,Minimum Variance,Base,0.1,1.159636054637199,-0.0036008925871383
2022-04-18,-0.0045415323536523,0.0,0.0,-0.0045415323536523,0,Minimum Variance,Base,0.1,1.1543695299766024,-0.0081260713706043
2022-04-19,0.0086749130859492,0.0,0.0,0.0086749130859492,0,Minimum Variance,Base,0.1,1.1643835853182174,0.0
2022-04-20,0.0026005121863348,0.0,0.0,0.0026005121863348,0,Minimum Variance,Base,0.1,1.1674115790214057,0.0
2022-04-21,-0.0104981856219006,0.0,0.0,-0.0104981856219006,0,Minimum Variance,Base,0.1,1.155155875567683,-0.0104981856219005
2022-04-22,-0.0156494674490409,0.0,0.0,-0.0156494674490409,0,Minimum Variance,Base,0.1,1.137078301294418,-0.0259833620567775
2022-04-25,-0.0014742127397529,0.0,0.0,-0.0014742127397529,0,Minimum Variance,Base,0.1,1.1354020059765533,-0.0274192697931647
2022-04-26,-0.0160562431550486,0.0,0.0,-0.0160562431550486,0,Minimum Variance,Base,0.1,1.1171717152898637,-0.0430352624852805
2022-04-27,-0.0029669573938591,0.0,0.0,-0.0029669573938591,0,Minimum Variance,Base,0.1,1.113857114408974,-0.0458745360889124
2022-04-28,0.0154891573410142,0.0,0.0,0.0154891573410142,0,Minimum Variance,Base,0.1,1.131109822509463,-0.0310959366553253
2022-04-29,-0.0313525755764612,0.0,0.0,-0.0313525755764612,0,Minimum Variance,Base,0.1,1.095646616313957,-0.0614735745276796
2022-05-02,0.0005836951674032,0.4529698749814732,0.0004529698749814,0.0001307252924217,0,Minimum Variance,Base,0.1,1.0957898450382657,-0.0613508853862642
2022-05-03,0.0026833115830591,0.0,0.0,0.0026833115830591,0,Minimum Variance,Base,0.1,1.0987301906220557,-0.0588321973445929
2022-05-04,0.0245504548086401,0.0,0.0,0.0245504548086401,0,Minimum Variance,Base,0.1,1.1257045165138109,-0.0357260997381542
2022-05-05,-0.0149115478259638,0.0,0.0,-0.0149115478259638,0,Minimum Variance,Base,0.1,1.1089185197779117,-0.0501049161192374
2022-05-06,-0.0058283630204095,0.0,0.0,-0.0058283630204095,0,Minimum Variance,Base,0.1,1.102455340084591,-0.0556412494993969
2022-05-09,-0.0141190899761189,0.0,0.0,-0.0141190899761189,0,Minimum Variance,Base,0.1,1.0868896739432836,-0.0689747356674501
2022-05-10,-0.0079971544433032,0.0,0.0,-0.0079971544433032,0,Minimum Variance,Base,0.1,1.0781976493579275,-0.0764202884969347
2022-05-11,0.0069424797334649,0.0,0.0,0.0069424797334649,0,Minimum Variance,Base,0.1,1.0856830146872647,-0.0700083550675852
2022-05-12,0.0071551141271387,0.0,0.0,0.0071551141271387,0,Minimum Variance,Base,0.1,1.093451200563248,-0.0633541587108085
2022-05-13,0.0098951232900297,0.0,0.0,0.0098951232900297,0,Minimum Variance,Base,0.1,1.1042710350044522,-0.0540859326321584
2022-05-16,0.0061211997127181,0.0,0.0,0.0061211997127181,0,Minimum Variance,Base,0.1,1.1110304985466846,-0.0482958037147303
2022-05-17,-0.0029506384254806,0.0,0.0,-0.0029506384254806,0,Minimum Variance,Base,0.1,1.107752249265792,-0.0511039386859807
2022-05-18,-0.0245833753302528,0.0,0.0,-0.0245833753302528,0,Minimum Variance,Base,0.1,1.080519959949159,-0.0744310067106618
2022-05-19,-0.0053219324599613,0.0,0.0,-0.0053219324599613,0,Minimum Variance,Base,0.1,1.0747695057006694,-0.0793568223799822
2022-05-20,0.0029943140697712,0.0,0.0,0.0029943140697712,0,Minimum Variance,Base,0.1,1.07798770315335,-0.0766001275599956
2022-05-23,0.0171474985318295,0.0,0.0,0.0171474985318295,0,Minimum Variance,Base,0.1,1.0964724957105023,-0.0607661296030389
2022-05-24,0.009868120231777,0.0,0.0,0.009868120231777,0,Minimum Variance,Base,0.1,1.1072926181290106,-0.0514976568442043
2022-05-25,0.0053839848519557,0.0,0.0,0.0053839848519557,0,Minimum Variance,Base,0.1,1.1132542648116994,-0.0463909345966091
2022-05-26,0.0057309016542956,0.0,0.0,0.0057309016542956,0,Minimum Variance,Base,0.1,1.1196342155195604,-0.0409258948261376
2022-05-27,0.0109249809092327,0.0,0.0,0.0109249809092327,0,Minimum Variance,Base,0.1,1.131866197949435,-0.0304480285365736
2022-05-31,-0.0092575953499721,0.0,0.0,-0.0092575953499721,0,Minimum Variance,Base,0.1,1.121387838698508,-0.0394237483591499
2022-06-01,-0.0055360488935519,0.4849674409068299,0.0004849674409068,-0.0060210163344587,0,Minimum Variance,Base,0.1,1.114635944204441,-0.0452073936607725
2022-06-02,0.0030089329409539,0.0,0.0,0.0030089329409539,0,Minimum Variance,Base,0.1,1.117989809014129,-0.0423344867357792
2022-06-03,-0.0053021511827142,0.0,0.0,-0.0053021511827142,0,Minimum Variance,Base,0.1,1.112062058026002,-0.0474121740695777
2022-06-06,-0.0046124612653366,0.0,0.0,-0.0046124612653366,0,Minimum Variance,Base,0.1,1.1069327148587067,-0.051805948518513
2022-06-07,0.0076748729248417,0.0,0.0,0.0076748729248417,0,Minimum Variance,Base,0.1,1.1154282827815971,-0.0445286796653018
2022-06-08,-0.0095478794251435,0.0,0.0,-0.0095478794251435,0,Minimum Variance,Base,0.1,1.1047783080302036,-0.0536514046260403
2022-06-09,-0.0227330769744464,0.0,0.0,-0.0227330769744464,0,Minimum Variance,Base,0.1,1.0796632977140543,-0.0751648200893357
2022-06-10,-0.0095295675392976,0.0,0.0,-0.0095295675392976,0,Minimum Variance,Base,0.1,1.0693745733987874,-0.083978099399013
2022-06-13,-0.032366432215529,0.0,0.0,-0.032366432215529,0,Minimum Variance,Base,0.1,1.0347627337558654,-0.1136264601527548
2022-06-14,-0.0137071860407388,0.0,0.0,-0.0137071860407388,0,Minimum Variance,Base,0.1,1.0205790484562502,-0.1257761471650291
2022-06-15,0.0029144942619514,0.0,0.0,0.0029144942619514,0,Minimum Variance,Base,0.1,1.0235535202368438,-0.1232282267622806
2022-06-16,-0.0078448645154474,0.0,0.0,-0.0078448645154474,0,Minimum Variance,Base,0.1,1.0155238815462764,-0.1301063825342993
2022-06-17,-0.0041283110260501,0.0,0.0,-0.0041283110260501,0,Minimum Variance,Base,0.1,1.0113314831088716,-0.1336975739467736
2022-06-21,0.0223418650223915,0.0,0.0,0.0223418650223915,0,Minimum Variance,Base,0.1,1.0339265145973848,-0.1143427620753222
2022-06-22,0.0033414346234376,0.0,0.0,0.0033414346234376,0,Minimum Variance,Base,0.1,1.037381312451351,-0.1113833963160224
2022-06-23,0.013037939396513,0.0,0.0,0.013037939396513,0,Minimum Variance,Base,0.1,1.0509066271341667,-0.0997976668904555
2022-06-24,0.0142286738647259,0.0,0.0,0.0142286738647259,0,Minimum Variance,Base,0.1,1.065859634793938,-0.0869889814803743
2022-06-27,-0.0029258646452127,0.0,0.0,-0.0029258646452127,0,Minimum Variance,Base,0.1,1.062741073771735,-0.0896603281401505
2022-06-28,-0.0088434159767367,0.0,0.0,-0.0088434159767367,0,Minimum Variance,Base,0.1,1.0533428123808075,-0.0977108405385333
2022-06-29,0.0005293186158351,0.0,0.0,0.0005293186158351,0,Minimum Variance,Base,0.1,1.0539003663402569,-0.0972332420895643
2022-06-30,-0.0075642674555743,0.0,0.0,-0.0075642674555743,0,Minimum Variance,Base,0.1,1.0459283820977314,-0.1040620112964004
2022-07-01,0.0148913214508374,0.2702932544100189,0.00027029325441,0.0146210281964274,0,Minimum Variance,Base,0.1,1.061220930463826,-0.0909624767013147
2022-07-05,-0.0036372417085819,0.0,0.0,-0.0036372417085819,0,Minimum Variance,Base,0.1,1.057361013433523,-0.0942688658957227
2022-07-06,0.0014988993111462,0.0,0.0,0.0014988993111462,0,Minimum Variance,Base,0.1,1.0589458911281913,-0.0929112661227301
2022-07-07,0.0023991720315712,0.0,0.0,0.0023991720315712,0,Minimum Variance,Base,0.1,1.061486484493133,-0.0907350042022584
2022-07-08,-0.0028630508828657,0.0,0.0,-0.0028630508828657,0,Minimum Variance,Base,0.1,1.0584473946765551,-0.0933382761512361
2022-07-11,1.417743936800702e-06,0.0,0.0,1.417743936800702e-06,0,Minimum Variance,Base,0.1,1.0584488952839313,-0.0933369907370744
2022-07-12,-0.0057793275819913,0.0,0.0,-0.0057793275819913,0,Minimum Variance,Base,0.1,1.0523317723892889,-0.0985768932740789
2022-07-13,-0.001286444083656,0.0,0.0,-0.001286444083656,0,Minimum Variance,Base,0.1,1.0509780064066552,-0.0997365236965973
2022-07-14,-0.0048813911640216,0.0,0.0,-0.0048813911640216,0,Minimum Variance,Base,0.1,1.045847771652601,-0.1041310618751161
2022-07-15,0.0104615874405306,0.0,0.0,0.0104615874405306,0,Minimum Variance,Base,0.1,1.0567889995652286,-0.0947588506436671
2022-07-18,-0.0120578219431189,0.0,0.0,-0.0120578219431189,0,Minimum Variance,Base,0.1,1.0440464259770244,-0.1056740872381901
2022-07-19,0.0137404610833232,0.0,0.0,0.0137404610833232,0,Minimum Variance,Base,0.1,1.0583921052623446,-0.0933856368380787
2022-07-20,-0.0066273790204333,0.0,0.0,-0.0066273790204333,0,Minimum Variance,Base,0.1,1.0513777396285366,-0.0993941138481215
2022-07-21,0.0040564551135531,0.0,0.0,0.0040564551135531,0,Minimum Variance,Base,0.1,1.0556426062367288,-0.0957408464959447
2022-07-22,-0.0001723371315485,0.0,0.0,-0.0001723371315485,0,Minimum Variance,Base,0.1,1.0554606798180295,-0.0958966839246362
2022-07-25,-0.0034510665288985,0.0,0.0,-0.0034510665288985,0,Minimum Variance,Base,0.1,1.051818214793341,-0.09901680461741
2022-07-26,-0.004891686798237,0.0,0.0,-0.004891686798237,0,Minimum Variance,Base,0.1,1.0466730495178913,-0.1034241322196963
2022-07-27,0.0048630041883739,0.0,0.0,0.0048630041883739,0,Minimum Variance,Base,0.1,1.0517630249415548,-0.0990640800194858
2022-07-28,0.0078646210226191,0.0,0.0,0.0078646210226191,0,Minimum Variance,Base,0.1,1.0600347425383236,-0.0919785604431744
2022-07-29,0.0028139695976643,0.0,0.0,0.0028139695976643,0,Minimum Variance,Base,0.1,1.0630176480762945,-0.0894234157182339
2022-08-01,-0.0049030983387708,0.1031771049611331,0.0001031771049611,-0.0050062754437319,0,Minimum Variance,Base,0.1,1.0576958889284764,-0.0939820129117612
2022-08-02,-0.005154394797136,0.0,0.0,-0.005154394797136,0,Minimum Variance,Base,0.1,1.0522441067416313,-0.0986519873105205
2022-08-03,0.0136470349573642,0.0,0.0,0.0136470349573642,0,Minimum Variance,Base,0.1,1.0666041188500148,-0.0863512594725963
2022-08-04,-0.007936779429654,0.0,0.0,-0.007936779429654,0,Minimum Variance,Base,0.1,1.058138717219942,-0.0936026880023435
2022-08-05,-0.0043771982426426,0.0,0.0,-0.0043771982426426,0,Minimum Variance,Base,0.1,1.0535070342864548,-0.0975701687235555
2022-08-08,0.0041707316708387,0.0,0.0,0.0041707316708387,0,Minimum Variance,Base,0.1,1.0579009294398047,-0.0938063760455411
2022-08-09,0.0020548290003159,0.0,0.0,0.0020548290003159,0,Minimum Variance,Base,0.1,1.060074734949079,-0.091944303107138
2022-08-10,0.0114096410776494,0.0,0.0,0.0114096410776494,0,Minimum Variance,Base,0.1,1.0721698071903325,-0.0815837135270756
2022-08-11,-0.0013429340114639,0.0,0.0,-0.0013429340114639,0,Minimum Variance,Base,0.1,1.0707299538901915,-0.0828170859948626
2022-08-12,0.0143661729595115,0.0,0.0,0.0143661729595115,0,Minimum Variance,Base,0.1,1.0861122456007075,-0.0696406776167561
2022-08-15,0.0118623334331229,0.0,0.0,0.0118623334331229,0,Minimum Variance,Base,0.1,1.0989960712038211,-0.0586044451220318
2022-08-16,0.0129576498573646,0.0,0.0,0.0129576498573646,0,Minimum Variance,Base,0.1,1.1132364774890997,-0.0464061711446436
2022-08-17,-0.0062422794238242,0.0,0.0,-0.0062422794238242,0,Minimum Variance,Base,0.1,1.1062873443318189,-0.0523587702811931
2022-08-18,-0.0025246871627271,0.0,0.0,-0.0025246871627271,0,Minimum Variance,Base,0.1,1.1034943148752967,-0.0547512679287353
2022-08-19,-0.0045692205368244,0.0,0.0,-0.0045692205368244,0,Minimum Variance,Base,0.1,1.0984522059894994,-0.0590703178477226
2022-08-22,-0.0140172288511627,0.0,0.0,-0.0140172288511627,0,Minimum Variance,Base,0.1,1.08305495003608,-0.072259544535303
2022-08-23,-0.0050476777942426,0.0,0.0,-0.0050476777942426,0,Minimum Variance,Base,0.1,1.0775880376148383,-0.0769424794311727
2022-08-24,0.0002442669399736,0.0,0.0,0.0002442669399736,0,Minimum Variance,Base,0.1,1.0778512567473386,-0.0767170069952037
2022-08-25,0.0057658065319665,0.0,0.0,0.0057658065319665,0,Minimum Variance,Base,0.1,1.0840659385639808,-0.0713935358832831
2022-08-26,-0.0180444578383817,0.0,0.0,-0.0180444578383817,0,Minimum Variance,Base,0.1,1.0645045564415374,-0.0881497360734858
2022-08-29,-0.0040853294662373,0.0,0.0,-0.0040853294662373,0,Minimum Variance,Base,0.1,1.0601557046101628,-0.0918749448255011
2022-08-30,-0.0083671118346726,0.0,0.0,-0.0083671118346726,0,Minimum Variance,Base,0.1,1.0512852632675234,-0.0994733287220145
2022-08-31,-0.0021555656130698,0.0,0.0,-0.0021555656130698,0,Minimum Variance,Base,0.1,1.0490191489044969,-0.1014144730482735
2022-09-01,0.0117917809838667,0.3191188658362365,0.0003191188658362,0.0114726621180305,0,Minimum Variance,Base,0.1,1.0610541911552225,-0.0911053049134038
2022-09-02,-0.0093939586107089,0.0,0.0,-0.0093939586107089,0,Minimum Variance,Base,0.1,1.051086691999791,-0.0996434240605401
2022-09-06,-0.0024831453913939,0.0,0.0,-0.0024831453913939,0,Minimum Variance,Base,0.1,1.0484766909245962,-0.1018791403426955
2022-09-07,0.0165994116631401,0.0,0.0,0.0165994116631401,0,Minimum Variance,Base,0.1,1.0658807871364604,-0.0869708624699906
2022-09-08,0.0027011994175324,0.0,0.0,0.0027011994175324,0,Minimum Variance,Base,0.1,1.0687599436978323,-0.0845045886955044
2022-09-09,0.0090804889706931,0.0,0.0,0.0090804889706931,0,Minimum Variance,Base,0.1,1.078464806578899,-0.0761914427104336
2022-09-12,0.0084541321726704,0.0,0.0,0.0084541321726704,0,Minimum Variance,Base,0.1,1.087582290597291,-0.0683814430648636
2022-09-13,-0.0301237461920228,0.0,0.0,-0.0301237461920228,0,Minimum Variance,Base,0.1,1.0548202377123994,-0.0964452840217561
2022-09-14,0.0062865752855626,0.0,0.0,0.0062865752855626,0,Minimum Variance,Base,0.1,1.0614514445495131,-0.0907650192751338
2022-09-15,-0.0105269695792878,0.0,0.0,-0.0105269695792878,0,Minimum Variance,Base,0.1,1.0502775774828494,-0.1003365082576489
2022-09-16,0.0006890507082688,0.0,0.0,0.0006890507082688,0,Minimum Variance,Base,0.1,1.051001271991493,-0.0997165944914602
2022-09-19,0.0037502065810106,0.0,0.0,0.0037502065810106,0,Minimum Variance,Base,0.1,1.054942743878366,-0.0963403457393473
2022-09-20,-0.0134517268659105,0.0,0.0,-0.0134517268659105,0,Minimum Variance,Base,0.1,1.04075194222854,-0.1084961285882047
2022-09-21,-0.0130057965049438,0.0,0.0,-0.0130057965049438,0,Minimum Variance,Base,0.1,1.0272161342557906,-0.1200908465231561
2022-09-22,0.0032676788610896,0.0,0.0,0.0032676788610896,0,Minimum Variance,Base,0.1,1.0305727467034684,-0.1172155859826606
2022-09-23,-0.0166027047532551,0.0,0.0,-0.0166027047532551,0,Minimum Variance,Base,0.1,1.0134624516631996,-0.1318721949693658
2022-09-26,-0.0105579059981061,0.0,0.0,-0.0105579059981061,0,Minimum Variance,Base,0.1,1.0027624103659294,-0.1410378067292215
2022-09-27,-0.0057535505167686,0.0,0.0,-0.0057535505167686,0,Minimum Variance,Base,0.1,0.9969929661815724,-0.1459798891001993
2022-09-28,0.0221686705882193,0.0,0.0,0.0221686705882193,0,Minimum Variance,Base,0.1,1.0190949748276232,-0.1270473985859471
2022-09-29,-0.0161877753751069,0.0,0.0,-0.0161877753751069,0,Minimum Variance,Base,0.1,1.0025980942892134,-0.141178559210753
2022-09-30,-0.0167964353428678,0.0,0.0,-0.0167964353428678,0,Minimum Variance,Base,0.1,0.985758020223602,-0.1556036980120383
2022-10-03,0.0258342710627337,0.3863406589166785,0.0003863406589166,0.025447930403817,0,Minimum Variance,Base,0.1,1.0108435217172569,-0.1341155596858081
2022-10-04,0.0210940056323315,0.0,0.0,0.0210940056323315,0,Minimum Variance,Base,0.1,1.0321662606577664,-0.1158505884248723
2022-10-05,-0.003883456136707,0.0,0.0,-0.003883456136707,0,Minimum Variance,Base,0.1,1.028157888258713,-0.1192841438830197
2022-10-06,-0.0076838762044435,0.0,0.0,-0.0076838762044435,0,Minimum Variance,Base,0.1,1.020257650326711,-0.1260514554927132
2022-10-07,-0.0140208367378076,0.0,0.0,-0.0140208367378076,0,Minimum Variance,Base,0.1,1.0059527843809808,-0.1383049453524946
2022-10-10,0.0013817900675346,0.0,0.0,0.0013817900675346,0,Minimum Variance,Base,0.1,1.0073427999468472,-0.137114263684739
2022-10-11,0.0156297708463054,0.0,0.0,0.0156297708463054,0,Minimum Variance,Base,0.1,1.023087337073692,-0.1236275573595858
2022-10-12,-0.0044685476515207,0.0,0.0,-0.0044685476515207,0,Minimum Variance,Base,0.1,1.018515622556311,-0.127543669380004
2022-10-13,0.0191903346933087,0.0,0.0,0.0191903346933087,0,Minimum Variance,Base,0.1,1.0380612782435303,-0.1108009403901103
2022-10-14,-0.0116143649017387,0.0,0.0,-0.0116143649017387,0,Minimum Variance,Base,0.1,1.0260048557676444,-0.1211284227387027
2022-10-17,0.0119196058562535,0.0,0.0,0.0119196058562535,0,Minimum Variance,Base,0.1,1.0382344292549972,-0.1106526199394839
2022-10-18,0.0105823175635242,0.0,0.0,0.0105823175635242,0,Minimum Variance,Base,0.1,1.049221355690758,-0.1012412635393953
2022-10-19,-0.0076475649114479,0.0,0.0,-0.0076475649114479,0,Minimum Variance,Base,0.1,1.0411973672666357,-0.1081145793162087
2022-10-20,-0.0025681570524463,0.0,0.0,-0.0025681570524463,0,Minimum Variance,Base,0.1,1.0385234089049011,-0.1104050811493118
2022-10-21,0.0202119996797996,0.0,0.0,0.0202119996797996,0,Minimum Variance,Base,0.1,1.0595140437131514,-0.0924245889343503
2022-10-24,0.0175697906368772,0.0,0.0,0.0175697906368772,0,Minimum Variance,Base,0.1,1.0781294836380226,-0.0764786789747491
2022-10-25,0.0086155231953771,0.0,0.0,0.0086155231953771,0,Minimum Variance,Base,0.1,1.0874181332119262,-0.0685220596120306
2022-10-26,0.0122469444808601,0.0,0.0,0.0122469444808601,0,Minimum Variance,Base,0.1,1.1007356827168533,-0.057114300990953
2022-10-27,0.0014203460972621,0.0,0.0,0.0014203460972621,0,Minimum Variance,Base,0.1,1.1022991083479174,-0.0557750769682012
2022-10-28,0.0227382522933833,0.0,0.0,0.0227382522933833,0,Minimum Variance,Base,0.1,1.127363463576304,-0.0343050524466037
2022-10-31,-0.0074729872579328,0.0,0.0,-0.0074729872579328,0,Minimum Variance,Base,0.1,1.118938690777939,-0.0415216784847204
2022-11-01,-0.0012075774809088,0.2863744471186464,0.0002863744471186,-0.0014939519280275,0,Minimum Variance,Base,0.1,1.117267050163507,-0.0429535990211206
2022-11-02,-0.0112696053371644,0.0,0.0,-0.0112696053371644,0,Minimum Variance,Base,0.1,1.1046758914519463,-0.0537391342495061
2022-11-03,-0.0049304615847117,0.0,0.0,-0.0049304615847117,0,Minimum Variance,Base,0.1,1.0992293294055853,-0.0584046370972051
2022-11-04,0.0143619449751784,0.0,0.0,0.0143619449751784,0,Minimum Variance,Base,0.1,1.1150164005496106,-0.0448814963063119
2022-11-07,0.0137945687373781,0.0,0.0,0.0137945687373781,0,Minimum Variance,Base,0.1,1.1303975709302962,-0.0317060484547675
2022-11-08,0.0109872065331324,0.0,0.0,0.0109872065331324,0,Minimum Variance,Base,0.1,1.1428174825066586,-0.0210672028243572
2022-11-09,-0.0118519470572173,0.0,0.0,-0.0118519470572173,0,Minimum Variance,Base,0.1,1.129272870207927,-0.0326694625090565
2022-11-10,0.0218914069576159,0.0,0.0,0.0218914069576159,0,Minimum Variance,Base,0.1,1.153994242175844,-0.011493236050313
2022-11-11,-0.0047848768502579,0.0,0.0,-0.0047848768502579,0,Minimum Variance,Base,0.1,1.1484725218411258,-0.0162231191814593
2022-11-14,-0.0023656235570321,0.0,0.0,-0.0023656235570321,0,Minimum Variance,Base,0.1,1.1457556681888543,-0.0185503649455872
2022-11-15,0.0068371325112639,0.0,0.0,0.0068371325112639,0,Minimum Variance,Base,0.1,1.1535893515177933,-0.0118400637375886
2022-11-16,-0.0007180246481866,0.0,0.0,-0.0007180246481866,0,Minimum Variance,Base,0.1,1.152761045929518,-0.0125495869281755
2022-11-17,0.0045830893369652,0.0,0.0,0.0045830893369652,0,Minimum Variance,Base,0.1,1.1580442527871864,-0.008024013469244
2022-11-18,0.0084385017670742,0.0,0.0,0.0084385017670742,0,Minimum Variance,Base,0.1,1.1678164112606813,0.0
2022-11-21,0.0038560123670368,0.0,0.0,0.0038560123670368,0,Minimum Variance,Base,0.1,1.172319525784931,0.0
2022-11-22,0.0091091933620124,0.0,0.0,0.0091091933620124,0,Minimum Variance,Base,0.1,1.1829984110273688,0.0
2022-11-23,-0.0011645100628803,0.0,0.0,-0.0011645100628803,0,Minimum Variance,Base,0.1,1.181620797473356,-0.0011645100628804
2022-11-25,0.0007562547896912,0.0,0.0,0.0007562547896912,0,Minimum Variance,Base,0.1,1.182514403861044,-0.0004091359395017
2022-11-28,-0.009871248389469,0.0,0.0,-0.009871248389469,0,Minimum Variance,Base,0.1,1.1708415104564067,-0.0102763456464869
2022-11-29,0.0030203083426954,0.0,0.0,0.0030203083426954,0,Minimum Variance,Base,0.1,1.1743778128384124,-0.00728707503628
2022-11-30,0.0172296598553089,0.0,0.0,0.0172296598553089,0,Minimum Variance,Base,0.1,1.19461194309524,0.0
2022-12-01,0.0009763713317712,0.3209283941818198,0.0003209283941818,0.0006554429375894,0,Minimum Variance,Base,0.1,1.1953949430565016,0.0
2022-12-02,0.0028693731439691,0.0,0.0,0.0028693731439691,0,Minimum Variance,Base,0.1,1.1988249772025443,0.0
2022-12-05,-0.0080780701339404,0.0,0.0,-0.0080780701339404,0,Minimum Variance,Base,0.1,1.1891407849583826,-0.0080780701339404
2022-12-06,-0.0109282670594062,0.0,0.0,-0.0109282670594062,0,Minimum Variance,Base,0.1,1.1761455368891254,-0.0189180578855984
2022-12-07,0.0032025397631576,0.0,0.0,0.0032025397631576,0,Minimum Variance,Base,0.1,1.1799121897382732,-0.0157761039550611
2022-12-08,0.0043262865681176,0.0,0.0,0.0043262865681176,0,Minimum Variance,Base,0.1,1.1850168279962965,-0.0115180693335814
2022-12-09,-0.0164921912044919,0.0,0.0,-0.0164921912044919,0,Minimum Variance,Base,0.1,1.1654733038884408,-0.0278203023363172
2022-12-12,0.0061700388944896,0.0,0.0,0.0061700388944896,0,Minimum Variance,Base,0.1,1.172664319503922,-0.0218219157892991
2022-12-13,0.0037193917363487,0.0,0.0,0.0037193917363487,0,Minimum Variance,Base,0.1,1.1770259174833957,-0.0181836883062085
2022-12-14,0.0002087819077925,0.0,0.0,0.0002087819077925,0,Minimum Variance,Base,0.1,1.177271659199969,-0.0179787028235514
2022-12-15,-0.0156240721178156,0.0,0.0,-0.0156240721178156,0,Minimum Variance,Base,0.1,1.158877881894368,-0.0333218743918671
2022-12-16,-0.0056725944423774,0.0,0.0,-0.0056725944423774,0,Minimum Variance,Base,0.1,1.15230403766214,-0.0388054473547596
2022-12-19,-0.0013204209052489,0.0,0.0,-0.0013204209052489,0,Minimum Variance,Base,0.1,1.1507825113216084,-0.0400746287360836
2022-12-20,0.0011463351617804,0.0,0.0,0.0011463351617804,0,Minimum Variance,Base,0.1,1.1521016937778985,-0.0389742325303187
2022-12-21,0.0115015990209126,0.0,0.0,0.0115015990209126,0,Minimum Variance,Base,0.1,1.165352705491046,-0.0279208995041176
2022-12-22,-0.0047355151816836,0.0,0.0,-0.0047355151816836,0,Minimum Variance,Base,0.1,1.1598341600621769,-0.0325241948423133
2022-12-23,0.0046155743093045,0.0,0.0,0.0046155743093045,0,Minimum Variance,Base,0.1,1.1651874608144135,-0.0280587383711538
2022-12-27,0.0013304849459053,0.0,0.0,0.0013304849459053,0,Minimum Variance,Base,0.1,1.166737725190185,-0.0267655851542524
2022-12-28,-0.0101221934275087,0.0,0.0,-0.0101221934275087,0,Minimum Variance,Base,0.1,1.1549277802566382,-0.0366168521516294
2022-12-29,0.0063470898596666,0.0,0.0,0.0063470898596666,0,Minimum Variance,Base,0.1,1.1622582106593524,-0.0305021727429473
2022-12-30,0.0001443653601835,0.0,0.0,0.0001443653601835,0,Minimum Variance,Base,0.1,1.1624260004845606,-0.0303622108399181
2023-01-03,0.0004168939182302,0.1162495428886746,0.0001162495428886,0.0003006443753415,0,Minimum Variance,Base,0.1,1.162775477323357,-0.0300706946924886
2023-01-04,0.0087396232108818,0.0,0.0,0.0087396232108818,0,Minimum Variance,Base,0.1,1.1729376968740164,-0.0215938780229085
2023-01-05,0.0019111143369966,0.0,0.0,0.0019111143369966,0,Minimum Variance,Base,0.1,1.175179314922916,-0.019724032055793
2023-01-06,0.0150149534613031,0.0,0.0,0.0150149534613031,0,Minimum Variance,Base,0.1,1.1928245776451696,-0.005005234017877
2023-01-09,-0.016830614331321,0.0,0.0,-0.016830614331321,0,Minimum Variance,Base,0.1,1.1727486072139028,-0.021751607185805
2023-01-10,0.0021311741748497,0.0,0.0,0.0021311741748497,0,Minimum Variance,Base,0.1,1.175247938759188,-0.0196667894744512
2023-01-11,0.0027360574636522,0.0,0.0,0.0027360574636522,0,Minimum Variance,Base,0.1,1.178463484653672,-0.0169845414769266
2023-01-12,-0.0025269350470608,0.0,0.0,-0.0025269350470608,0,Minimum Variance,Base,0.1,1.1754855839726193,-0.0194685576908711
2023-01-13,0.0024652776723739,0.0,0.0,0.0024652776723739,0,Minimum Variance,Base,0.1,1.1783834823369843,-0.0170512754190859
2023-01-17,-0.0067545246274096,0.0,0.0,-0.0067545246274096,0,Minimum Variance,Base,0.1,1.1704240620850064,-0.0236906267867487
2023-01-18,-0.0173145873425163,0.0,0.0,-0.0173145873425163,0,Minimum Variance,Base,0.1,1.1501586524342529,-0.0405950207025668
2023-01-19,-0.0014249303456649,0.0,0.0,-0.0014249303456649,0,Minimum Variance,Base,0.1,1.1485197564680705,-0.0419621059713497
2023-01-20,0.0086626390458001,0.0,0.0,0.0086626390458001,0,Minimum Variance,Base,0.1,1.1584689685553236,-0.0336629695031809
2023-01-23,0.0026389057851508,0.0,0.0,0.0026389057851508,0,Minimum Variance,Base,0.1,1.1615260590183618,-0.0311128971229974
2023-01-24,-0.0027256243592659,0.0,0.0,-0.0027256243592659,0,Minimum Variance,Base,0.1,1.158360175297979,-0.0337537194119776
2023-01-25,-0.0017173831041662,0.0,0.0,-0.0017173831041662,0,Minimum Variance,Base,0.1,1.156370827104383,-0.0354131344487229
2023-01-26,-0.0002960730928975,0.0,0.0,-0.0002960730928975,0,Minimum Variance,Base,0.1,1.156028456817066,-0.0356987226653751
2023-01-27,-0.0060161272558015,0.0,0.0,-0.0060161272558015,0,Minimum Variance,Base,0.1,1.1490736425095267,-0.0415000818627522
2023-01-30,-0.0035663269169628,0.0,0.0,-0.0035663269169628,0,Minimum Variance,Base,0.1,1.1449756702486724,-0.0449184059207117
2023-01-31,0.0076769853902534,0.0,0.0,0.0076769853902534,0,Minimum Variance,Base,0.1,1.1537656317413671,-0.0375862584764651
2023-02-01,-0.0186720793277824,0.1713289964056445,0.0001713289964056,-0.0188434083241881,0,Minimum Variance,Base,0.1,1.1320247548320497,-0.0557214135848027
2023-02-02,-0.0117602694123407,0.0,0.0,-0.0117602694123407,0,Minimum Variance,Base,0.1,1.1187118387337858,-0.0668263841613497
2023-02-03,-0.0094498826836664,0.0,0.0,-0.0094498826836664,0,Minimum Variance,Base,0.1,1.1081401431009228,-0.0756447653545177
2023-02-06,-0.0014946109892864,0.0,0.0,-0.0014946109892864,0,Minimum Variance,Base,0.1,1.1064839046653747,-0.0770263168462233
2023-02-07,0.0084793113478537,0.0,0.0,0.0084793113478537,0,Minimum Variance,Base,0.1,1.1158661261944212,-0.0692001356208872
2023-02-08,-0.0072956176457564,0.0,0.0,-0.0072956176457564,0,Minimum Variance,Base,0.1,1.1077251935938552,-0.0759908955361192
2023-02-09,-0.0014575481744089,0.0,0.0,-0.0014575481744089,0,Minimum Variance,Base,0.1,1.1061106307601856,-0.077337683319468
2023-02-10,0.0120188616716774,0.0,0.0,0.0120188616716774,0,Minimum Variance,Base,0.1,1.1194048214248642,-0.0662483325656151
2023-02-13,0.0080214502875734,0.0,0.0,0.0080214502875734,0,Minimum Variance,Base,0.1,1.1283840715515938,-0.0587582899843514
2023-02-14,-0.0069351551439403,0.0,0.0,-0.0069351551439403,0,Minimum Variance,Base,0.1,1.1205585529534323,-0.0652859472712577
2023-02-15,-0.000235414469453,0.0,0.0,-0.000235414469453,0,Minimum Variance,Base,0.1,1.1202947572561976,-0.0655059924840711
2023-02-16,-0.0129715215578476,0.0,0.0,-0.0129715215578476,0,Minimum Variance,Base,0.1,1.1057628296613051,-0.0776278016482435
2023-02-17,0.0136885141639731,0.0,0.0,0.0136885141639731,0,Minimum Variance,Base,0.1,1.1208990798171188,-0.0650018967466505
2023-02-21,-0.0046637153691132,0.0,0.0,-0.0046637153691132,0,Minimum Variance,Base,0.1,1.1156715255513507,-0.069362461770885
2023-02-22,-0.0043993736833227,0.0,0.0,-0.0043993736833227,0,Minimum Variance,Base,0.1,1.1107632696026075,-0.0734566840652825
2023-02-23,0.0025695034993292,0.0,0.0,0.0025695034993292,0,Minimum Variance,Base,0.1,1.113617379710778,-0.0710759277727079
2023-02-24,-0.0069906579031623,0.0,0.0,-0.0069906579031623,0,Minimum Variance,Base,0.1,1.105832461574204,-0.0775697181796614
2023-02-27,0.0002282822798997,0.0,0.0,0.0002282822798997,0,Minimum Variance,Base,0.1,1.106084903529719,-0.0773591436918788
2023-02-28,-0.0103861143577874,0.0,0.0,-0.0103861143577874,0,Minimum Variance,Base,0.1,1.0945969792322374,-0.0869417971366618
2023-03-01,0.0003623126874812,0.2062725838708269,0.0002062725838708,0.0001560401036104,0,Minimum Variance,Base,0.1,1.0947677802582885,-0.0867993234400847
2023-03-02,0.005907647960744,0.0,0.0,0.005907647960744,0,Minimum Variance,Base,0.1,1.1012352829028196,-0.0814044553254554
2023-03-03,0.003811558116764,0.0,0.0,0.003811558116764,0,Minimum Variance,Base,0.1,1.1054327051838346,-0.077903175021128
2023-03-06,0.0096016507530234,0.0,0.0,0.0096016507530234,0,Minimum Variance,Base,0.1,1.1160466839499796,-0.0690495233472092
2023-03-07,-0.0107050443674737,0.0,0.0,-0.0107050443674737,0,Minimum Variance,Base,0.1,1.1040993546821232,-0.0790153895036982
2023-03-08,-0.0067688077323132,0.0,0.0,-0.0067688077323132,0,Minimum Variance,Base,0.1,1.0966259184329088,-0.085249357256567
2023-03-09,-0.0115088530668709,0.0,0.0,-0.0115088530668709,0,Minimum Variance,Base,0.1,1.084005011868342,-0.095777087996727
2023-03-10,-0.0030222393896717,0.0,0.0,-0.0030222393896717,0,Minimum Variance,Base,0.1,1.080728889222872,-0.0985098660984269
2023-03-13,0.0058840548118535,0.0,0.0,0.0058840548118535,0,Minimum Variance,Base,0.1,1.0870879572438128,-0.093205448738205
2023-03-14,0.0070757317995265,0.0,0.0,0.0070757317995265,0,Minimum Variance,Base,0.1,1.094779900071765,-0.0867892136962046
2023-03-15,0.0043227102705215,0.0,0.0,0.0043227102705215,0,Minimum Variance,Base,0.1,1.099512316389766,-0.082841668051098
2023-03-16,0.0015049922635919,0.0,0.0,0.0015049922635919,0,Minimum Variance,Base,0.1,1.1011670739196566,-0.081461351857026
2023-03-17,-0.0134567616022151,0.0,0.0,-0.0134567616022151,0,Minimum Variance,Base,0.1,1.086348931121711,-0.093821907467507
2023-03-20,0.0133954198083656,0.0,0.0,0.0133954198083656,0,Minimum Variance,Base,0.1,1.1009010311124556,-0.0816832714968902
2023-03-21,-0.0012675758346094,0.0,0.0,-0.0012675758346094,0,Minimum Variance,Base,0.1,1.0995055555691209,-0.0828473075904583
2023-03-22,-0.0146967431216486,0.0,0.0,-0.0146967431216486,0,Minimum Variance,Base,0.1,1.083346404858096,-0.0963264651141296
2023-03-23,0.0055702030195632,0.0,0.0,0.0055702030195632,0,Minimum Variance,Base,0.1,1.0893808642736695,-0.0912928200614091
2023-03-24,0.0160951956592165,0.0,0.0,0.0160951956592165,0,Minimum Variance,Base,0.1,1.106914662431561,-0.0766670002033625
2023-03-27,0.0055557938121905,0.0,0.0,0.0055557938121905,0,Minimum Variance,Base,0.1,1.113064452063721,-0.071537152436501
2023-03-28,-0.0011440563999492,0.0,0.0,-0.0011440563999492,0,Minimum Variance,Base,0.1,1.1117910435537814,-0.0725993662993712
2023-03-29,0.0064765597654906,0.0,0.0,0.0064765597654906,0,Minimum Variance,Base,0.1,1.1189916246940943,-0.0665930006686553
2023-03-30,0.0047201700824953,0.0,0.0,0.0047201700824953,0,Minimum Variance,Base,0.1,1.1242734554835383,-0.0621871608756199
2023-03-31,0.0068830723316353,0.0,0.0,0.0068830723316353,0,Minimum Variance,Base,0.1,1.132011910998169,-0.0557321272703905
2023-04-03,0.010844618173389,0.2143638938251336,0.0002143638938251,0.0106302542795639,0,Minimum Variance,Base,0.1,1.1440454854595747,-0.0456943196752518
2023-04-04,0.0055499433075419,0.0,0.0,0.0055499433075419,0,Minimum Variance,Base,0.1,1.1503948730451246,-0.0403979772513843
2023-04-05,0.0153266317481705,0.0,0.0,0.0153266317481705,0,Minimum Variance,Base,0.1,1.1680265516292707,-0.0256905104239166
2023-04-06,0.0002280326046418,0.0,0.0,0.0002280326046418,0,Minimum Variance,Base,0.1,1.1682928997661295,-0.0254683360932814
2023-04-10,-0.0014125994303907,0.0,0.0,-0.0014125994303907,0,Minimum Variance,Base,0.1,1.1666425698813905,-0.0268449589666138
2023-04-11,-0.0005278414764352,0.0,0.0,-0.0005278414764352,0,Minimum Variance,Base,0.1,1.166026767544832,-0.0273586305602732
2023-04-12,0.0009906043178465,0.0,0.0,0.0009906043178465,0,Minimum Variance,Base,0.1,1.1671818386954864,-0.02639512781999
2023-04-13,0.0092605146073973,0.0,0.0,0.0092605146073973,0,Minimum Variance,Base,0.1,1.1779905431622149,-0.0173790456793339
2023-04-14,-0.0042722531977342,0.0,0.0,-0.0042722531977342,0,Minimum Variance,Base,0.1,1.1729578692972893,-0.0215770511935911
2023-04-17,0.0002447887541277,0.0,0.0,0.0002447887541277,0,Minimum Variance,Base,0.1,1.173244996192759,-0.0213375442589428
2023-04-18,-0.0018783143068957,0.0,0.0,-0.0018783143068957,0,Minimum Variance,Base,0.1,1.171041273330916,-0.023175779951183
2023-04-19,-0.0006456582925506,0.0,0.0,-0.0006456582925506,0,Minimum Variance,Base,0.1,1.170285180821871,-0.0238064746092218
2023-04-20,-0.0051221244155394,0.0,0.0,-0.0051221244155394,0,Minimum Variance,Base,0.1,1.1642908345240397,-0.0288066592999173
2023-04-21,0.0055859893358253,0.0,0.0,0.0055859893358253,0,Minimum Variance,Base,0.1,1.17079455070949,-0.0233815836557421
2023-04-24,0.0017767858178092,0.0,0.0,0.0017767858178092,0,Minimum Variance,Base,0.1,1.1728748018627588,-0.0216463419041703
2023-04-25,-0.0002484390602551,0.0,0.0,-0.0002484390602551,0,Minimum Variance,Base,0.1,1.1725834139491873,-0.0218894031675846
2023-04-26,-0.0194630151237887,0.0,0.0,-0.0194630151237887,0,Minimum Variance,Base,0.1,1.1497614052295906,-0.0409263845064719
2023-04-27,0.0051813566041115,0.0,0.0,0.0051813566041115,0,Minimum Variance,Base,0.1,1.1557187290797295,-0.0359570820950051
2023-04-28,0.00360980571204,0.0,0.0,0.00360980571204,0,Minimum Variance,Base,0.1,1.1598906491494736,-0.0324770744632998
2023-05-01,0.0012108651916652,0.1900916195504661,0.0001900916195504,0.0010207735721148,0,Minimum Variance,Base,0.1,1.1610746348706684,-0.0314894526304967
2023-05-02,-0.0073475249520306,0.0,0.0,-0.0073475249520306,0,Minimum Variance,Base,0.1,1.152543610019786,-0.0386056080435992
2023-05-03,-0.0091877604383758,0.0,0.0,-0.0091877604383758,0,Minimum Variance,Base,0.1,1.1419543154361436,-0.0474386694036925
2023-05-04,0.0006172479527371,0.0,0.0,0.0006172479527371,0,Minimum Variance,Base,0.1,1.1426591843994658,-0.0468507028725254
2023-05-05,0.0110546852591529,0.0,0.0,0.0110546852591529,0,Minimum Variance,Base,0.1,1.1552909220414822,-0.0363139373877984
2023-05-08,-0.0002931822186847,0.0,0.0,-0.0002931822186847,0,Minimum Variance,Base,0.1,1.1549522112857318,-0.0365964730057506
2023-05-09,-0.0045970082287222,0.0,0.0,-0.0045970082287222,0,Minimum Variance,Base,0.1,1.14964288646667,-0.0410252469469234
2023-05-10,-0.0005119548591157,0.0,0.0,-0.0005119548591157,0,Minimum Variance,Base,0.1,1.1490543212046955,-0.0415161987315181
2023-05-11,-0.001651206355583,0.0,0.0,-0.001651206355583,0,Minimum Variance,Base,0.1,1.1471569954066123,-0.0430988532758961
2023-05-12,0.0013906402077931,0.0,0.0,0.0013906402077931,0,Minimum Variance,Base,0.1,1.148752278049076,-0.0417681480663781
2023-05-15,-0.0028834775629516,0.0,0.0,-0.0028834775629516,0,Minimum Variance,Base,0.1,1.145439876629932,-0.0445311881115344
2023-05-16,-0.0149769282230803,0.0,0.0,-0.0149769282230803,0,Minimum Variance,Base,0.1,1.1282847058137917,-0.0588411759265797
2023-05-17,-0.0013571960138972,0.0,0.0,-0.0013571960138972,0,Minimum Variance,Base,0.1,1.1267534023085195,-0.0601185129310564
2023-05-18,0.0009265482847302,0.0,0.0,0.0009265482847302,0,Minimum Variance,Base,0.1,1.1277973937407426,-0.059247667351363
2023-05-19,0.0003000497206451,0.0,0.0,0.0003000497206451,0,Minimum Variance,Base,0.1,1.1281357890336787,-0.0589653948767556
2023-05-22,-0.0057854580143201,0.0,0.0,-0.0057854580143201,0,Minimum Variance,Base,0.1,1.1216090067917723,-0.0644097110747186
2023-05-23,-0.0033002278276519,0.0,0.0,-0.0033002278276519,0,Minimum Variance,Base,0.1,1.117907441535813,-0.0674973721815107
2023-05-24,-0.006646646500619,0.0,0.0,-0.006646646500619,0,Minimum Variance,Base,0.1,1.110477105951513,-0.0736953875095185
2023-05-25,-0.0126798966133195,0.0,0.0,-0.0126798966133195,0,Minimum Variance,Base,0.1,1.0963963710565896,-0.0854408342283389
2023-05-26,-0.000866843389061,0.0,0.0,-0.000866843389061,0,Minimum Variance,Base,0.1,1.0954459671105488,-0.0862336137950932
2023-05-30,-0.0035548176099778,0.0,0.0,-0.0035548176099778,0,Minimum Variance,Base,0.1,1.091551856495885,-0.08948188663618
2023-05-31,0.0068526955844622,0.0,0.0,0.0068526955844622,0,Minimum Variance,Base,0.1,1.099031929083106,-0.0832423831811588
2023-06-01,-0.0010534878822562,0.4277399959416776,0.0004277399959416,-0.0014812278781979,0,Minimum Variance,Base,0.1,1.0974040123507185,-0.0846003101207413
2023-06-02,0.0127542744265579,0.0,0.0,0.0127542744265579,0,Minimum Variance,Base,0.1,1.1114006042810456,-0.0729250512660349
2023-06-05,0.0011814550098179,0.0,0.0,0.0011814550098179,0,Minimum Variance,Base,0.1,1.112713674092888,-0.0718297539233765
2023-06-06,-0.0065275169441179,0.0,0.0,-0.0065275169441179,0,Minimum Variance,Base,0.1,1.105450416731295,-0.0778884009316678
2023-06-07,0.0003884242122968,0.0,0.0,0.0003884242122968,0,Minimum Variance,Base,0.1,1.1058798004386472,-0.0775302304601498
2023-06-08,0.0061294444571898,0.0,0.0,0.0061294444571898,0,Minimum Variance,Base,0.1,1.1126582292517642,-0.0718760032443185
2023-06-09,6.504814305653989e-05,0.0,0.0,6.504814305653989e-05,0,Minimum Variance,Base,0.1,1.1127306056034336,-0.0718156305018032
2023-06-12,-0.0026230384543402,0.0,0.0,-0.0026230384543402,0,Minimum Variance,Base,0.1,1.1098118704356146,-0.0742502937957145
2023-06-13,0.0064274305062693,0.0,0.0,0.0064274305062693,0,Minimum Variance,Base,0.1,1.1169451091078724,-0.0683001018928871
2023-06-14,0.0021997211989414,0.0,0.0,0.0021997211989414,0,Minimum Variance,Base,0.1,1.119402076942431,-0.0662506218759693
2023-06-15,0.0096672219115414,0.0,0.0,0.0096672219115414,0,Minimum Variance,Base,0.1,1.130223585228474,-0.0572238594278805
2023-06-16,0.0009126331030033,0.0,0.0,0.0009126331030033,0,Minimum Variance,Base,0.1,1.1312550646861486,-0.0563634507132726
2023-06-20,-0.007572031732439,0.0,0.0,-0.007572031732439,0,Minimum Variance,Base,0.1,1.1226891654388629,-0.063508696608361
2023-06-21,-0.0012318473027982,0.0,0.0,-0.0012318473027982,0,Minimum Variance,Base,0.1,1.121306183818536,-0.0646623108945381
2023-06-22,0.0080574715478769,0.0,0.0,0.0080574715478769,0,Minimum Variance,Base,0.1,1.1303410764911122,-0.0571258540769139
2023-06-23,-0.005228473034113,0.0,0.0,-0.005228473034113,0,Minimum Variance,Base,0.1,1.124431118653328,-0.0620556461234351
2023-06-26,0.0005082507292104,0.0,0.0,0.0005082507292104,0,Minimum Variance,Base,0.1,1.1250026115893306,-0.0615789352216185
2023-06-27,0.0027537621777603,0.0,0.0,0.0027537621777603,0,Minimum Variance,Base,0.1,1.128100601231007,-0.058994746786618
2023-06-28,-0.0040302151117076,0.0,0.0,-0.0040302151117076,0,Minimum Variance,Base,0.1,1.1235541131403994,-0.0627872003783148
2023-06-29,-0.0010842740807178,0.0,0.0,-0.0010842740807178,0,Minimum Variance,Base,0.1,1.1223358725372374,-0.0638033959250615
2023-06-30,0.0065523547990077,0.0,0.0,0.0065523547990077,0,Minimum Variance,Base,0.1,1.1296898153777553,-0.0576691036135365
2023-07-03,0.0035981087579886,0.3074661278210825,0.000307466127821,0.0032906426301675,0,Minimum Variance,Base,0.1,1.1334072208431034,-0.0545682293941631
2023-07-05,0.0020841429376422,0.0,0.0,0.0020841429376422,0,Minimum Variance,Base,0.1,1.1357694034978962,-0.0525978144464325
2023-07-06,-0.0081612764174432,0.0,0.0,-0.0081612764174432,0,Minimum Variance,Base,0.1,1.1265000754494752,-0.0603298255612251
2023-07-07,-0.013911248896266,0.0,0.0,-0.013911248896266,0,Minimum Variance,Base,0.1,1.110829052518235,-0.0734018112382407
2023-07-10,0.0006879398501509,0.0,0.0,0.0006879398501509,0,Minimum Variance,Base,0.1,1.1115932360901677,-0.0727643674191137
2023-07-11,0.0089624368526497,0.0,0.0,0.0089624368526497,0,Minimum Variance,Base,0.1,1.1215558202744584,-0.0644540766145808
2023-07-12,-0.0026055684892732,0.0,0.0,-0.0026055684892732,0,Minimum Variance,Base,0.1,1.11863352977019,-0.0668917055928219
2023-07-13,0.0014910551776538,0.0,0.0,0.0014910551776538,0,Minimum Variance,Base,0.1,1.1203014740866513,-0.0655003896391344
2023-07-14,0.0033972303787358,0.0,0.0,0.0033972303787358,0,Minimum Variance,Base,0.1,1.1241073962877608,-0.0623256791738998
2023-07-17,-0.0053506257156768,0.0,0.0,-0.0053506257156768,0,Minimum Variance,Base,0.1,1.118092718346001,-0.0673428235078417
2023-07-18,0.0007129856139015,0.0,0.0,0.0007129856139015,0,Minimum Variance,Base,0.1,1.1188899023691896,-0.0666778523583009
2023-07-19,0.0081855055848826,0.0,0.0,0.0081855055848826,0,Minimum Variance,Base,0.1,1.1280485819139014,-0.059038138706285
2023-07-20,0.0156328668371011,0.0,0.0,0.0156328668371011,0,Minimum Variance,Base,0.1,1.145683215180742,-0.0443282072298897
2023-07-21,0.0060732489735768,0.0,0.0,0.0060732489735768,0,Minimum Variance,Base,0.1,1.1526412345913828,-0.0385241744953722
2023-07-24,0.0010475422348361,0.0,0.0,0.0010475422348361,0,Minimum Variance,Base,0.1,1.153848674966231,-0.0375169879603822
2023-07-25,-0.0028060766144849,0.0,0.0,-0.0028060766144849,0,Minimum Variance,Base,0.1,1.1506108871827536,-0.0402177890323057
2023-07-26,0.0034094676644994,0.0,0.0,0.0034094676644994,0,Minimum Variance,Base,0.1,1.154533857797024,-0.0369454426190497
2023-07-27,-0.007236419941245,0.0,0.0,-0.007236419941245,0,Minimum Variance,Base,0.1,1.146179165965619,-0.0439145098225882
2023-07-28,0.0026233508048831,0.0,0.0,0.0026233508048831,0,Minimum Variance,Base,0.1,1.1491859960031954,-0.0414063621823941
2023-07-31,-0.0039758053163212,0.0,0.0,-0.0039758053163212,0,Minimum Variance,Base,0.1,1.144617056210844,-0.045217543863821
2023-08-01,-0.0053716258920036,0.1060506531084956,0.0001060506531084,-0.0054776765451121,0,Minimum Variance,Base,0.1,1.1383472142089026,-0.0504475333294827
2023-08-02,-0.0085040131592208,0.0,0.0,-0.0085040131592208,0,Minimum Variance,Base,0.1,1.1286666945195076,-0.0585225400014194
2023-08-03,-0.0069388248187275,0.0,0.0,-0.0069388248187275,0,Minimum Variance,Base,0.1,1.1208350740475046,-0.0650552871671301
2023-08-04,-0.0060069111521045,0.0,0.0,-0.0060069111521045,0,Minimum Variance,Base,0.1,1.1141023173415388,-0.070671416989247
2023-08-07,0.011773650657579,0.0,0.0,0.011773650657579,0,Minimum Variance,Base,0.1,1.1272193688227172,-0.0597298269067755
2023-08-08,-0.0039195028937944,0.0,0.0,-0.0039195028937944,0,Minimum Variance,Base,0.1,1.1228012292446754,-0.063415218571163
2023-08-09,0.0021946168062245,0.0,0.0,0.0021946168062245,0,Minimum Variance,Base,0.1,1.1252653476924257,-0.061359773869385
2023-08-10,-0.0020344949876522,0.0,0.0,-0.0020344949876522,0,Minimum Variance,Base,0.1,1.1229760009827665,-0.0632694327046565
2023-08-11,0.0060974701231218,0.0,0.0,0.0060974701231218,0,Minimum Variance,Base,0.1,1.1298233135977418,-0.0575577460571582
2023-08-14,-0.0005570452503423,0.0,0.0,-0.0005570452503423,0,Minimum Variance,Base,0.1,1.1291939508871762,-0.0580827290384389
2023-08-15,-0.0064747461607791,0.0,0.0,-0.0064747461607791,0,Minimum Variance,Base,0.1,1.1218827066888943,-0.0641814042723689
2023-08-16,-0.0026644163383732,0.0,0.0,-0.0026644163383732,0,Minimum Variance,Base,0.1,1.118893544075454,-0.0666748146285792
2023-08-17,-0.0055056496976899,0.0,0.0,-0.0055056496976899,0,Minimum Variance,Base,0.1,1.1127333081727675,-0.0718133761532657
2023-08-18,0.0037546788970386,0.0,0.0,0.0037546788970386,0,Minimum Variance,Base,0.1,1.116911264442996,-0.0683283334241949
2023-08-21,-0.0031924492297436,0.0,0.0,-0.0031924492297436,0,Minimum Variance,Base,0.1,1.1133455819371327,-0.071302647918529
2023-08-22,-0.0056745947225033,0.0,0.0,-0.0056745947225033,0,Minimum Variance,Base,0.1,1.1070277969735498,-0.0765726290114534
2023-08-23,0.0107501784474433,0.0,0.0,0.0107501784474433,0,Minimum Variance,Base,0.1,1.1189285433372955,-0.0666456199900731
2023-08-24,-0.0092706317119837,0.0,0.0,-0.0092706317119837,0,Minimum Variance,Base,0.1,1.108555368899989,-0.0752984047039121
2023-08-25,0.0025395426186848,0.0,0.0,0.0025395426186848,0,Minimum Variance,Base,0.1,1.1113705925044826,-0.0729500855930916
2023-08-28,0.0030737027175117,0.0,0.0,0.0030737027175117,0,Minimum Variance,Base,0.1,1.1147866153148265,-0.0701006097519101
2023-08-29,0.0051862392542028,0.0,0.0,0.0051862392542028,0,Minimum Variance,Base,0.1,1.120568165419232,-0.0652779290317462
2023-08-30,0.0017184534685111,0.0,0.0,0.0017184534685111,0,Minimum Variance,Base,0.1,1.1224938096697996,-0.0636716526467969
2023-08-31,-0.0052607160433341,0.0,0.0,-0.0052607160433341,0,Minimum Variance,Base,0.1,1.1165886884767264,-0.0685974102055465
2023-09-01,-2.258776097580984e-05,0.2582260771216388,0.0002582260771216,-0.0002808138380974,0,Minimum Variance,Base,0.1,1.1162751349215392,-0.0688589609416004
2023-09-05,-0.0093005080280477,0.0,0.0,-0.0093005080280477,0,Minimum Variance,Base,0.1,1.1058932090676914,-0.0775190456506078
2023-09-06,-0.0024747404808531,0.0,0.0,-0.0024747404808531,0,Minimum Variance,Base,0.1,1.103156410375711,-0.0798019466111523
2023-09-07,0.0056701121394356,0.0,0.0,0.0056701121394356,0,Minimum Variance,Base,0.1,1.1094114309298786,-0.0745843204579471
2023-09-08,0.0036802074656375,0.0,0.0,0.0036802074656375,0,Minimum Variance,Base,0.1,1.1134942951604505,-0.0711785987652785
2023-09-11,0.0037088593168031,0.0,0.0,0.0037088593168031,0,Minimum Variance,Base,0.1,1.1176240888512632,-0.0677337308576629
2023-09-12,-0.0018613292729767,0.0,0.0,-0.0018613292729767,0,Minimum Variance,Base,0.1,1.1155438224185004,-0.0694689853546264
2023-09-13,0.0002787456218801,0.0,0.0,0.0002787456218801,0,Minimum Variance,Base,0.1,1.115854775375015,-0.0692096039082703
2023-09-14,0.0088370009829604,0.0,0.0,0.0088370009829604,0,Minimum Variance,Base,0.1,1.125715585121845,-0.0609842082630777
2023-09-15,-0.008888094191934,0.0,0.0,-0.008888094191934,0,Minimum Variance,Base,0.1,1.115710118967954,-0.0693302690677489
2023-09-18,0.0010375743906846,0.0,0.0,0.0010375743906846,0,Minimum Variance,Base,0.1,1.1168677512148228,-0.0683646299887482
2023-09-19,0.0002138106050946,0.0,0.0,0.0002138106050946,0,Minimum Variance,Base,0.1,1.1171065493845207,-0.0681654364665586
2023-09-20,0.0017213154022156,0.0,0.0,0.0017213154022156,0,Minimum Variance,Base,0.1,1.1190294420938924,-0.0665614552800314
2023-09-21,-0.0140661352793469,0.0,0.0,-0.0140661352793469,0,Minimum Variance,Base,0.1,1.1032890225798275,-0.0796913281250193
2023-09-22,-0.0014253448324929,0.0,0.0,-0.0014253448324929,0,Minimum Variance,Base,0.1,1.1017164552727472,-0.0810030853347747
2023-09-25,-0.0017570316344624,0.0,0.0,-0.0017570316344624,0,Minimum Variance,Base,0.1,1.0997807046086252,-0.0826177919858148
2023-09-26,-0.006361440323727,0.0,0.0,-0.006361440323727,0,Minimum Variance,Base,0.1,1.092784515287071,-0.088453664156146
2023-09-27,-0.0065039605033949,0.0,0.0,-0.0065039605033949,0,Minimum Variance,Base,0.1,1.0856770879609223,-0.0943823255214888
2023-09-28,0.0021166175933342,0.0,0.0,0.0021166175933342,0,Minimum Variance,Base,0.1,1.0879750511859805,-0.0924654792188532
2023-09-29,-0.0044257535204511,0.0,0.0,-0.0044257535204511,0,Minimum Variance,Base,0.1,1.0831599417730309,-0.0964820033191313
2023-10-02,-0.0071345215502781,0.2181260938164989,0.0002181260938164,-0.0073526476440946,0,Minimum Variance,Base,0.1,1.075195848378976,-0.1031252527888239
2023-10-03,-0.0082801866253892,0.0,0.0,-0.0082801866253892,0,Minimum Variance,Base,0.1,1.066293026095554,-0.1105515430753313
2023-10-04,0.0055229689472485,0.0,0.0,0.0055229689472485,0,Minimum Variance,Base,0.1,1.0721821293673477,-0.1056391468675581
2023-10-05,-0.0133025429170275,0.0,0.0,-0.0133025429170275,0,Minimum Variance,Base,0.1,1.0579193805765683,-0.1175364204996618
2023-10-06,0.0053321669626307,0.0,0.0,0.0053321669626307,0,Minimum Variance,Base,0.1,1.0635603833468057,-0.1128309773553253
2023-10-09,0.0040997969120228,0.0,0.0,0.0040997969120228,0,Minimum Variance,Base,0.1,1.067920764922201,-0.1091937645358441
2023-10-10,0.0106115886817775,0.0,0.0,0.0106115886817775,0,Minimum Variance,Base,0.1,1.0792531008242847,-0.0997408951699357
2023-10-11,0.0018294011383721,0.0,0.0,0.0018294011383721,0,Minimum Variance,Base,0.1,1.0812274876755243,-0.0980939601387297
2023-10-12,-0.0050147028602428,0.0,0.0,-0.0050147028602428,0,Minimum Variance,Base,0.1,1.0758054531005048,-0.1026167509364922
2023-10-13,0.0027386076048205,0.0,0.0,0.0027386076048205,0,Minimum Variance,Base,0.1,1.0787516620956732,-0.1001591703461683
2023-10-16,0.0063538483830316,0.0,0.0,0.0063538483830316,0,Minimum Variance,Base,0.1,1.0856058865995726,-0.0944417181456864
2023-10-17,0.0051601895618358,0.0,0.0,0.0051601895618358,0,Minimum Variance,Base,0.1,1.0912078187638712,-0.0897688657520279
2023-10-18,-0.0065164721484852,0.0,0.0,-0.0065164721484852,0,Minimum Variance,Base,0.1,1.0840969934046871,-0.0957003615870389
2023-10-19,-0.0045909950220976,0.0,0.0,-0.0045909950220976,0,Minimum Variance,Base,0.1,1.0791199095044952,-0.0998519967254775
2023-10-20,0.0002200760896251,0.0,0.0,0.0002200760896251,0,Minimum Variance,Base,0.1,1.0793573979944155,-0.099653895672833
2023-10-23,-0.0042928375751124,0.0,0.0,-0.0042928375751124,0,Minimum Variance,Base,0.1,1.0747238919993296,-0.1035189352600947
2023-10-24,0.0156125774815691,0.0,0.0,0.0156125774815691,0,Minimum Variance,Base,0.1,1.0915031020344628,-0.0895225551760833
2023-10-25,-0.0011073197677204,0.0,0.0,-0.0011073197677204,0,Minimum Variance,Base,0.1,1.090294459073052,-0.0905307448488003
2023-10-26,-0.0024361285300237,0.0,0.0,-0.0024361285300237,0,Minimum Variance,Base,0.1,1.0876383616351772,-0.0927463288484535
2023-10-27,-0.0161987676567283,0.0,0.0,-0.0161987676567283,0,Minimum Variance,Base,0.1,1.0700199605205043,-0.1074427202731513
2023-10-30,0.0057983108115897,0.0,0.0,0.0057983108115897,0,Minimum Variance,Base,0.1,1.0762242688262071,-0.102267395748148
2023-10-31,0.005526805486068,0.0,0.0,0.005526805486068,0,Minimum Variance,Base,0.1,1.0821723510193952,-0.0973058022659468
2023-11-01,0.0040261139513852,0.3408097076414044,0.0003408097076414,0.0036853042437438,0,Minimum Variance,Base,0.1,1.0861604853770694,-0.0939790995082344
2023-11-02,0.0146606017078115,0.0,0.0,0.0146606017078115,0,Minimum Variance,Base,0.1,1.1020842516439462,-0.0806962879471717
2023-11-03,0.0016645995058307,0.0,0.0,0.0016645995058307,0,Minimum Variance,Base,0.1,1.1039187805446165,-0.0791660154423803
2023-11-06,0.0009938142344465,0.0,0.0,0.0009938142344465,0,Minimum Variance,Base,0.1,1.1050158707423945,-0.0782508775209649
2023-11-07,0.0014521848220815,0.0,0.0,0.0014521848220815,0,Minimum Variance,Base,0.1,1.106620558018046,-0.0769123274355337
2023-11-08,-0.0009109413121024,0.0,0.0,-0.0009109413121024,0,Minimum Variance,Base,0.1,1.1056124916349257,-0.0777532061311652
2023-11-09,-0.009852423923102,0.0,0.0,-0.009852423923102,0,Minimum Variance,Base,0.1,1.094719528672661,-0.0868395725060827
2023-11-10,0.0048490021290979,0.0,0.0,0.0048490021290979,0,Minimum Variance,Base,0.1,1.1000278259979597,-0.0824116556489569
2023-11-13,0.0032388516247421,0.0,0.0,0.0032388516247421,0,Minimum Variance,Base,0.1,1.1035906529094548,-0.079439723149011
2023-11-14,0.0073118843861102,0.0,0.0,0.0073118843861102,0,Minimum Variance,Base,0.1,1.1116599801731206,-0.0727086928342309
2023-11-15,0.0033732480175355,0.0,0.0,0.0033732480175355,0,Minimum Variance,Base,0.1,1.1154098849974134,-0.0695807092706558
2023-11-16,-0.0146437580404237,0.0,0.0,-0.0146437580404237,0,Minimum Variance,Base,0.1,1.0990760925256144,-0.083205544240239
2023-11-17,1.8389648763260537e-05,0.0,0.0,1.8389648763260537e-05,0,Minimum Variance,Base,0.1,1.09909630414892,-0.0831886847122095
2023-11-20,0.003988947306714,0.0,0.0,0.003988947306714,0,Minimum Variance,Base,0.1,1.1034805413911744,-0.0795315726853272
2023-11-21,0.0032179569729867,0.0,0.0,0.0032179569729867,0,Minimum Variance,Base,0.1,1.1070314942938992,-0.0765695448912359
2023-11-22,-0.0008263280773099,0.0,0.0,-0.0008263280773099,0,Minimum Variance,Base,0.1,1.1061167230876978,-0.0773326014037353
2023-11-24,0.0044634514494298,0.0,0.0,0.0044634514494298,0,Minimum Variance,Base,0.1,1.111053821378602,-0.0732143202661292
2023-11-27,0.0004478180520177,0.0,0.0,0.0004478180520177,0,Minimum Variance,Base,0.1,1.1115513713365788,-0.0727992889083929
2023-11-28,-0.0002083735641758,0.0,0.0,-0.0002083735641758,0,Minimum Variance,Base,0.1,1.1113197534155688,-0.0729924930252694
2023-11-29,-0.0018069532108801,0.0,0.0,-0.0018069532108801,0,Minimum Variance,Base,0.1,1.10931165061882,-0.0746675522165075
2023-11-30,0.0088202609484008,0.0,0.0,0.0088202609484008,0,Minimum Variance,Base,0.1,1.119096068850379,-0.0665058785630346
2023-12-01,0.0034116456548004,0.2861743196014862,0.0002861743196014,0.0031254713351989,0,Minimum Variance,Base,0.1,1.1225937715349048,-0.0635882694449067
2023-12-04,0.0013067919902138,0.0,0.0,0.0013067919902138,0,Minimum Variance,Base,0.1,1.1240607680838106,-0.062364574095875
2023-12-05,0.0030883996888106,0.0,0.0,0.0030883996888106,0,Minimum Variance,Base,0.1,1.127532317010165,-0.0594687811382947
2023-12-06,-0.0030618684176222,0.0,0.0,-0.0030618684176222,0,Minimum Variance,Base,0.1,1.1240799614188632,-0.062348563973115
2023-12-07,0.0002551655539927,0.0,0.0,0.0002551655539927,0,Minimum Variance,Base,0.1,1.124366787904951,-0.062109307624989
2023-12-08,-0.0021862612096594,0.0,0.0,-0.0021862612096594,0,Minimum Variance,Base,0.1,1.121908628411125,-0.0641597816646292
2023-12-11,0.0064366897071761,0.0,0.0,0.0064366897071761,0,Minimum Variance,Base,0.1,1.129130006132011,-0.0581360685637083
2023-12-12,0.0036420449457888,0.0,0.0,0.0036420449457888,0,Minimum Variance,Base,0.1,1.1332423483639826,-0.0547057577926001
2023-12-13,0.0151025107512967,0.0,0.0,0.0151025107512967,0,Minimum Variance,Base,0.1,1.1503571531139745,-0.0404294413365239
2023-12-14,-0.0031190584913772,0.0,0.0,-0.0031190584913772,0,Minimum Variance,Base,0.1,1.1467691218674376,-0.0434223980355988
2023-12-15,-0.0042420957450917,0.0,0.0,-0.0042420957450917,0,Minimum Variance,Base,0.1,1.1419044174549613,-0.047480291810742
2023-12-18,0.0039293680430879,0.0,0.0,0.0039293680430879,0,Minimum Variance,Base,0.1,1.1463913801811696,-0.0437374913089718
2023-12-19,0.0039236151426751,0.0,0.0,0.0039236151426751,0,Minimum Variance,Base,0.1,1.1508893787598806,-0.0399854852494993
2023-12-20,-0.0130497752529941,0.0,0.0,-0.0130497752529941,0,Minimum Variance,Base,0.1,1.135870531026006,-0.0525134589066057
2023-12-21,0.0076030243615084,0.0,0.0,0.0076030243615084,0,Minimum Variance,Base,0.1,1.144506582344916,-0.0453096956524713
2023-12-22,0.0065434527778872,0.0,0.0,0.0065434527778872,0,Minimum Variance,Base,0.1,1.151995607120471,-0.0390627247284666
2023-12-26,0.0032368704199346,0.0,0.0,0.0032368704199346,0,Minimum Variance,Base,0.1,1.155724467625054,-0.0359522952867276
2023-12-27,0.0036920831201403,0.0,0.0,0.0036920831201403,0,Minimum Variance,Base,0.1,1.1599914984235056,-0.0323929510291457
2023-12-28,0.0018829738317563,0.0,0.0,0.0018829738317563,0,Minimum Variance,Base,0.1,1.1621757320600967,-0.0305709722765107
2023-12-29,-0.0001877757044554,0.0,0.0,-0.0001877757044554,0,Minimum Variance,Base,0.1,1.161957503693308,-0.0307530074951111
2021-01-04,0.004020622472143217,1.0,0.001,0.0030206224721432166,0,Minimum Variance,Matched-Shrinkage Placebo,0.1,1.0030206224721432,0.0
2021-01-05,0.0011349922882254078,0.0,0.0,0.0011349922882254078,0,Minimum Variance,Matched-Shrinkage Placebo,0.1,1.00415904314358,0.0
2021-01-06,0.006337667097727611,0.0,0.0,0.006337667097727611,0,Minimum Variance,Matched-Shrinkage Placebo,0.1,1.0105230688721967,0.0
2021-01-07,0.006262240609906835,0.0,0.0,0.006262240609906835,0,Minimum Variance,Matched-Shrinkage Placebo,0.1,1.0168512074713358,0.0
2021-01-08,-0.002262336498191609,0.0,0.0,-0.002262336498191609,0,Minimum Variance,Matched-Shrinkage Placebo,0.1,1.0145507478714433,-0.0022623364981915195
2021-01-11,0.000700549465348096,0.0,0.0,0.000700549465348096,0,Minimum Variance,Matched-Shrinkage Placebo,0.1,1.0152614908554332,-0.0015633719114677147
2021-01-12,0.001495118846218607,0.0,0.0,0.001495118846218607,0,Minimum Variance,Matched-Shrinkage Placebo,0.1,1.0167794274442512,-7.059049205748735e-05
2021-01-13,-0.0015961022205354604,0.0,0.0,-0.0015961022205354604,0,Minimum Variance,Matched-Shrinkage Placebo,0.1,1.0151565435423127,-0.0016665800429518374
2021-01-14,0.003860584712274508,0.0,0.0,0.003860584712274508,0,Minimum Variance,Matched-Shrinkage Placebo,0.1,1.0190756413748776,0.0
2021-01-15,-0.005243565439881589,0.0,0.0,-0.005243565439881589,0,Minimum Variance,Matched-Shrinkage Placebo,0.1,1.0137320515611392,-0.00524356543988147
2021-01-19,0.009989716390480277,0.0,0.0,0.009989716390480277,0,Minimum Variance,Matched-Shrinkage Placebo,0.1,1.0238589472521746,0.0
2021-01-20,0.014792169128242211,0.0,0.0,0.014792169128242211,0,Minimum Variance,Matched-Shrinkage Placebo,0.1,1.0390040419633928,0.0
2021-01-21,-0.009376532599825684,0.0,0.0,-0.009376532599825684,0,Minimum Variance,Matched-Shrinkage Placebo,0.1,1.0292617866925724,-0.009376532599825627
2021-01-22,-0.00037655328819062367,0.0,0.0,-0.00037655328819062367,0,Minimum Variance,Matched-Shrinkage Placebo,0.1,1.0288742147823844,-0.00974955512383402
2021-01-25,0.0033075192194086237,0.0,0.0,0.0033075192194086237,0,Minimum Variance,Matched-Shrinkage Placebo,0.1,1.032277236022131,-0.0064742827453780905
2021-01-26,-0.002062525394841225,0.0,0.0,-0.002062525394841225,0,Minimum Variance,Matched-Shrinkage Placebo,0.1,1.0301481380083188,-0.008523454767643712
2021-01-27,-0.022215645442763644,0.0,0.0,-0.022215645442763644,0,Minimum Variance,Matched-Shrinkage Placebo,0.1,1.0072627322208028,-0.030549746161342095
2021-01-28,0.0011212096326216326,0.0,0.0,0.0011212096326216326,0,Minimum Variance,Matched-Shrinkage Placebo,0.1,1.0083920848987495,-0.029462789198390626
2021-01-29,-0.010581444388807378,0.0,0.0,-0.010581444388807378,0,Minimum Variance,Matched-Shrinkage Placebo,0.1,0.9977218401302799,-0.03973247472175612
2021-02-01,0.0004345172455079006,0.11464435628025288,0.00011464435628025288,0.00031987288922764775,0,Minimum Variance,Matched-Shrinkage Placebo,0.1,0.998040984297928,-0.03942531117401382
2021-02-02,0.006337148353821358,0.0,0.0,0.006337148353821358,0,Minimum Variance,Matched-Shrinkage Placebo,0.1,1.0043657180786179,-0.03333800686599775
2021-02-03,-0.0015842738792540283,0.0,0.0,-0.0015842738792540283,0,Minimum Variance,Matched-Shrinkage Placebo,0.1,1.0027745277062476,-0.034869464211787604
2021-02-04,0.0027963045031201114,0.0,0.0,0.0027963045031201114,0,Minimum Variance,Matched-Shrinkage Placebo,0.1,1.0055785906336867,-0.032170665348464356
2021-02-05,0.014501850031231212,0.0,0.0,0.014501850031231212,0,Minimum Variance,Matched-Shrinkage Placebo,0.1,1.0201613405496734,-0.01813534948152129
2021-02-08,0.00264547643492535,0.0,0.0,0.00264547643492535,0,Minimum Variance,Matched-Shrinkage Placebo,0.1,1.0228601533359194,-0.015537849686288463
2021-02-09,-0.0010072032010306172,0.0,0.0,-0.0010072032010306172,0,Minimum Variance,Matched-Shrinkage Placebo,0.1,1.0218299253152727,-0.016529403115377983
2021-02-10,-0.007091093037590727,0.0,0.0,-0.007091093037590727,0,Minimum Variance,Matched-Shrinkage Placebo,0.1,1.0145840342462678,-0.023503284617621745
2021-02-11,-0.004852626416473734,0.0,0.0,-0.004852626416473734,0,Minimum Variance,Matched-Shrinkage Placebo,0.1,1.0096606369599517,-0.028241858374286277
2021-02-12,0.004214342985595544,0.0,0.0,0.004214342985595544,0,Minimum Variance,Matched-Shrinkage Placebo,0.1,1.0139156931831559,-0.024146536266430485
2021-02-16,-0.008957078144538074,0.0,0.0,-0.008957078144538074,0,Minimum Variance,Matched-Shrinkage Placebo,0.1,1.0048339710873408,-0.03288733199871019
2021-02-17,0.007112710627185392,0.0,0.0,0.007112710627185392,0,Minimum Variance,Matched-Shrinkage Placebo,0.1,1.0119810643520506,-0.026008539447331946
2021-02-18,-0.011563009168477623,0.0,0.0,-0.011563009168477623,0,Minimum Variance,Matched-Shrinkage Placebo,0.1,1.0002795180266222,-0.03727081163572121
2021-02-19,-0.007248655456979406,0.0,0.0,-0.007248655456979406,0,Minimum Variance,Matched-Shrinkage Placebo,0.1,0.9930288364397738,-0.044249303820551256
2021-02-22,0.0018231697287989115,0.0,0.0,0.0018231697287989115,0,Minimum Variance,Matched-Shrinkage Placebo,0.1,0.9948392965541952,-0.04250680808299845
2021-02-23,-0.0071215510189665595,0.0,0.0,-0.0071215510189665595,0,Minimum Variance,Matched-Shrinkage Placebo,0.1,0.9877544977481116,-0.04932564469954859
2021-02-24,-0.0006579324593219906,0.0,0.0,-0.0006579324593219906,0,Minimum Variance,Matched-Shrinkage Placebo,0.1,0.9871046220022018,-0.04995112421614578
2021-02-25,-0.008903035367305018,0.0,0.0,-0.008903035367305018,0,Minimum Variance,Matched-Shrinkage Placebo,0.1,0.9783163946412861,-0.05840944295791772
2021-02-26,-0.017327943274432333,0.0,0.0,-0.017327943274432333,0,Minimum Variance,Matched-Shrinkage Placebo,0.1,0.9613641836504947,-0.0747252707180841
2021-03-01,0.008935733342936543,0.23217254070968066,0.00023217254070968067,0.008703560802226862,0,Minimum Variance,Matched-Shrinkage Placebo,0.1,0.9697314752759799,-0.06667208585301498
2021-03-02,0.004836722873986916,0.0,0.0,0.004836722873986916,0,Minimum Variance,Matched-Shrinkage Placebo,0.1,0.9744217976840723,-0.06215783738172975
2021-03-03,-0.013210551588635551,0.0,0.0,-0.013210551588635551,0,Minimum Variance,Matched-Shrinkage Placebo,0.1,0.9615491482566758,-0.07454724965299597
2021-03-04,-0.0028156409568598478,0.0,0.0,-0.0028156409568598478,0,Minimum Variance,Matched-Shrinkage Placebo,0.1,0.9588417710928107,-0.07715299232051154
2021-03-05,0.015279250051072186,0.0,0.0,0.015279250051072186,0,Minimum Variance,Matched-Shrinkage Placebo,0.1,0.9734921542727506,-0.06305258213129294
2021-03-08,-0.005178733734770891,0.0,0.0,-0.005178733734770891,0,Minimum Variance,Matched-Shrinkage Placebo,0.1,0.9684506976128836,-0.06790478333191607
2021-03-09,0.00719260799604911,0.0,0.0,0.00719260799604911,0,Minimum Variance,Matched-Shrinkage Placebo,0.1,0.9754163838443134,-0.061200587823430075
2021-03-10,0.009355687320062317,0.0,0.0,0.009355687320062317,0,Minimum Variance,Matched-Shrinkage Placebo,0.1,0.9845420745384268,-0.0524174740668476
2021-03-11,-0.0004564677226134324,0.0,0.0,-0.0004564677226134324,0,Minimum Variance,Matched-Shrinkage Placebo,0.1,0.9840926628598451,-0.05285001490444863
2021-03-12,0.0050758499356982085,0.0,0.0,0.0050758499356982085,0,Minimum Variance,Matched-Shrinkage Placebo,0.1,0.9890877695393433,-0.04804242371350487
2021-03-15,0.013643979123114821,0.0,0.0,0.013643979123114821,0,Minimum Variance,Matched-Shrinkage Placebo,0.1,1.0025828624178663,-0.035053934416560906
2021-03-16,0.005282212639997132,0.0,0.0,0.005282212639997132,0,Minimum Variance,Matched-Shrinkage Placebo,0.1,1.0078787182863744,-0.029956884112020576
2021-03-17,-0.010677470195182946,0.0,0.0,-0.010677470195182946,0,Minimum Variance,Matched-Shrinkage Placebo,0.1,0.9971171233115125,-0.04031449056995695
2021-03-18,-0.007950209964666465,0.0,0.0,-0.007950209964666465,0,Minimum Variance,Matched-Shrinkage Placebo,0.1,0.9891898328218217,-0.047944191869973674
2021-03-19,-0.0023900918075777143,0.0,0.0,-0.0023900918075777143,0,Minimum Variance,Matched-Shrinkage Placebo,0.1,0.9868255783062551,-0.05021969265734205
2021-03-22,0.010113725220214979,0.0,0.0,0.010113725220214979,0,Minimum Variance,Matched-Shrinkage Placebo,0.1,0.9968060610455243,-0.04061387560930707
2021-03-23,0.00034670626277436174,0.0,0.0,0.00034670626277436174,0,Minimum Variance,Matched-Shrinkage Placebo,0.1,0.9971516599496603,-0.040281250431561944
2021-03-24,-0.006754725989955011,0.0,0.0,-0.006754725989955011,0,Minimum Variance,Matched-Shrinkage Placebo,0.1,0.9904161737162716,-0.04676388761231898
2021-03-25,0.002584236528458307,0.0,0.0,0.002584236528458307,0,Minimum Variance,Matched-Shrinkage Placebo,0.1,0.992975643370765,-0.04430050003044117
2021-03-26,0.01729171048364739,0.0,0.0,0.01729171048364739,0,Minimum Variance,Matched-Shrinkage Placebo,0.1,1.010145890713246,-0.027774820967600866
2021-03-29,0.010952902026882823,0.0,0.0,0.010952902026882823,0,Minimum Variance,Matched-Shrinkage Placebo,0.1,1.0212099196870863,-0.017126133833590407
2021-03-30,-0.00892029001030599,0.0,0.0,-0.00892029001030599,0,Minimum Variance,Matched-Shrinkage Placebo,0.1,1.0121004310420763,-0.025893653763345403
2021-03-31,0.0016077903237952326,0.0,0.0,0.0016077903237952326,0,Minimum Variance,Matched-Shrinkage Placebo,0.1,1.0137276763218146,-0.024327495005518673
2021-04-01,0.007860848040019264,0.6364585619664391,0.0006364585619664391,0.007224389478052825,0,Minimum Variance,Matched-Shrinkage Placebo,0.1,1.021051239880245,-0.01727885682641106
2021-04-05,0.012004503714977913,0.0,0.0,0.012004503714977913,0,Minimum Variance,Matched-Shrinkage Placebo,0.1,1.03330845328257,-0.00548177721239651
2021-04-06,0.0004504751706547064,0.0,0.0,0.0004504751706547064,0,Minimum Variance,Matched-Shrinkage Placebo,0.1,1.0337739330844014,-0.0050337714462671546
2021-04-07,-0.0007810348634568129,0.0,0.0,-0.0007810348634568129,0,Minimum Variance,Matched-Shrinkage Placebo,0.1,1.0329665196017295,-0.005810874758729767
2021-04-08,-0.00023947578049754057,0.0,0.0,-0.00023947578049754057,0,Minimum Variance,Matched-Shrinkage Placebo,0.1,1.03271914913822,-0.006048958975459207
2021-04-09,0.0035773315828944306,0.0,0.0,0.0035773315828944306,0,Minimum Variance,Matched-Shrinkage Placebo,0.1,1.036413527966692,-0.0024932665245512853
2021-04-12,0.0014934937159551533,0.0,0.0,0.0014934937159551533,0,Minimum Variance,Matched-Shrinkage Placebo,0.1,1.0379614050578412,-0.00100349648648268
2021-04-13,0.002345519101032591,0.0,0.0,0.002345519101032591,0,Minimum Variance,Matched-Shrinkage Placebo,0.1,1.040395963359539,0.0
2021-04-14,-0.0026966140147116186,0.0,0.0,-0.0026966140147116186,0,Minimum Variance,Matched-Shrinkage Placebo,0.1,1.0375904170238943,-0.0026966140147115514
2021-04-15,0.007293663851087471,0.0,0.0,0.007293663851087471,0,Minimum Variance,Matched-Shrinkage Placebo,0.1,1.0451582527407761,0.0
2021-04-16,0.0018381577377842098,0.0,0.0,0.0018381577377842098,0,Minimum Variance,Matched-Shrinkage Placebo,0.1,1.0470794184702605,0.0
2021-04-19,-0.0009229569617157835,0.0,0.0,-0.0009229569617157835,0,Minimum Variance,Matched-Shrinkage Placebo,0.1,1.046113009231514,-0.0009229569617158484
2021-04-20,0.005888632823152638,0.0,0.0,0.005888632823152638,0,Minimum Variance,Matched-Shrinkage Placebo,0.1,1.0522731846344018,0.0
2021-04-21,0.004774709916890231,0.0,0.0,0.004774709916890231,0,Minimum Variance,Matched-Shrinkage Placebo,0.1,1.0572974838443534,0.0
2021-04-22,0.0006416481124023399,0.0,0.0,0.0006416481124023399,0,Minimum Variance,Matched-Shrinkage Placebo,0.1,1.0579758967791097,0.0
2021-04-23,0.00257483449023341,0.0,0.0,0.00257483449023341,0,Minimum Variance,Matched-Shrinkage Placebo,0.1,1.0607000096079722,0.0
2021-04-26,-0.006874055368299957,0.0,0.0,-0.006874055368299957,0,Minimum Variance,Matched-Shrinkage Placebo,0.1,1.0534086990127707,-0.006874055368299992
2021-04-27,-0.004615776569779651,0.0,0.0,-0.004615776569779651,0,Minimum Variance,Matched-Shrinkage Placebo,0.1,1.0485463998214655,-0.011458102834371209
2021-04-28,-0.0005081809871291387,0.0,0.0,-0.0005081809871291387,0,Minimum Variance,Matched-Shrinkage Placebo,0.1,1.0480135484769535,-0.011960461031491398
2021-04-29,0.008785182993392971,0.0,0.0,0.008785182993392971,0,Minimum Variance,Matched-Shrinkage Placebo,0.1,1.0572205392798786,-0.0032803528769455026
2021-04-30,-0.0009089657413630708,0.0,0.0,-0.0009089657413630708,0,Minimum Variance,Matched-Shrinkage Placebo,0.1,1.0562595620286077,-0.0041863368899238695
2021-05-03,0.00790610432294107,0.41835855656877463,0.00041835855656877465,0.007487745766372296,0,Minimum Variance,Matched-Shrinkage Placebo,0.1,1.0641685650923776,0.0
2021-05-04,-0.0045190610250655855,0.0,0.0,-0.0045190610250655855,0,Minimum Variance,Matched-Shrinkage Placebo,0.1,1.0593595224057686,-0.004519061025065607
2021-05-05,0.0018258318334891516,0.0,0.0,0.0018258318334891516,0,Minimum Variance,Matched-Shrinkage Placebo,0.1,1.061293734744887,-0.0027014802370534108
2021-05-06,0.007054438471723315,0.0,0.0,0.007054438471723315,0,Minimum Variance,Matched-Shrinkage Placebo,0.1,1.0687805660970702,0.0
2021-05-07,0.0010207768805737922,0.0,0.0,0.0010207768805737922,0,Minimum Variance,Matched-Shrinkage Placebo,0.1,1.0698715525893487,0.0
2021-05-10,0.005060500810112644,0.0,0.0,0.005060500810112644,0,Minimum Variance,Matched-Shrinkage Placebo,0.1,1.0752856384479434,0.0
2021-05-11,-0.008785217813607592,0.0,0.0,-0.008785217813607592,0,Minimum Variance,Matched-Shrinkage Placebo,0.1,1.0658390199023342,-0.008785217813607527
2021-05-12,-0.013774788549454495,0.0,0.0,-0.013774788549454495,0,Minimum Variance,Matched-Shrinkage Placebo,0.1,1.0511573127754217,-0.022438991845318723
2021-05-13,0.012211121367982322,0.0,0.0,0.012211121367982322,0,Minimum Variance,Matched-Shrinkage Placebo,0.1,1.0639931222985646,-0.010501875730134724
2021-05-14,0.002875876233146878,0.0,0.0,0.002875876233146878,0,Minimum Variance,Matched-Shrinkage Placebo,0.1,1.0670530348312148,-0.00765620159180358
2021-05-17,-0.001367594541768467,0.0,0.0,-0.001367594541768467,0,Minimum Variance,Matched-Shrinkage Placebo,0.1,1.065593738925002,-0.009013325554064422
2021-05-18,-0.0042298271011997094,0.0,0.0,-0.0042298271011997094,0,Minimum Variance,Matched-Shrinkage Placebo,0.1,1.0610864616492284,-0.013205027846563633
2021-05-19,0.00045460780475804356,0.0,0.0,0.00045460780475804356,0,Minimum Variance,Matched-Shrinkage Placebo,0.1,1.0615688398362173,-0.012756423150526608
2021-05-20,0.010062517663900216,0.0,0.0,0.010062517663900216,0,Minimum Variance,Matched-Shrinkage Placebo,0.1,1.0722508950385152,-0.00282226721990686
2021-05-21,-0.0013476019589546626,0.0,0.0,-0.0013476019589546626,0,Minimum Variance,Matched-Shrinkage Placebo,0.1,1.0708059276318704,-0.004166065886027304
2021-05-24,-0.001643903459811867,0.0,0.0,-0.001643903459811867,0,Minimum Variance,Matched-Shrinkage Placebo,0.1,1.0690456260626493,-0.005803120735715317
2021-05-25,-0.005695454991239805,0.0,0.0,-0.005695454991239805,0,Minimum Variance,Matched-Shrinkage Placebo,0.1,1.0629569248158277,-0.011465524313996167
2021-05-26,0.0007501920120811847,0.0,0.0,0.0007501920120811847,0,Minimum Variance,Matched-Shrinkage Placebo,0.1,1.0637543466100108,-0.010723933646669792
2021-05-27,-0.004452505320995306,0.0,0.0,-0.004452505320995306,0,Minimum Variance,Matched-Shrinkage Placebo,0.1,1.0590179747214978,-0.015128690596041272
2021-05-28,0.001645648848592535,0.0,0.0,0.001645648848592535,0,Minimum Variance,Matched-Shrinkage Placebo,0.1,1.060760746432237,-0.013507938259708863
2021-06-01,-0.004390690008449245,0.22140447371193464,0.00022140447371193464,-0.00461209448216118,0,Minimum Variance,Matched-Shrinkage Placebo,0.1,1.0558684176467237,-0.018057732854357078
2021-06-02,0.001471131524594015,0.0,0.0,0.001471131524594015,0,Minimum Variance,Matched-Shrinkage Placebo,0.1,1.057421738961747,-0.016613166629827703
2021-06-03,0.004220137589409713,0.0,0.0,0.004220137589409713,0,Minimum Variance,Matched-Shrinkage Placebo,0.1,1.0618842041901986,-0.012463138889391656
2021-06-04,0.005898857543724859,0.0,0.0,0.005898857543724859,0,Minimum Variance,Matched-Shrinkage Placebo,0.1,1.068148107838648,-0.006637799626523
2021-06-07,-0.004115635427621095,0.0,0.0,-0.004115635427621095,0,Minimum Variance,Matched-Shrinkage Placebo,0.1,1.063751999644081,-0.010726116290839749
2021-06-08,-0.00584319967288012,0.0,0.0,-0.00584319967288012,0,Minimum Variance,Matched-Shrinkage Placebo,0.1,1.057536284307735,-0.01650664112451805
2021-06-09,0.0053288119088805794,0.0,0.0,0.0053288119088805794,0,Minimum Variance,Matched-Shrinkage Placebo,0.1,1.0631716962536273,-0.011265790001437459
2021-06-10,0.008435410782763355,0.0,0.0,0.008435410782763355,0,Minimum Variance,Matched-Shrinkage Placebo,0.1,1.0721399862441339,-0.002925410785128646
2021-06-11,0.001895981414879488,0.0,0.0,0.001895981414879488,0,Minimum Variance,Matched-Shrinkage Placebo,0.1,1.074172743732202,-0.0010349758947286736
2021-06-14,0.0004949021030758856,0.0,0.0,0.0004949021030758856,0,Minimum Variance,Matched-Shrinkage Placebo,0.1,1.0747043540821417,-0.00054058600339979
2021-06-15,-0.004254472185772182,0.0,0.0,-0.004254472185772182,0,Minimum Variance,Matched-Shrinkage Placebo,0.1,1.070132054299771,-0.0047927582810564084
2021-06-16,-0.010891143741898793,0.0,0.0,-0.010891143741898793,0,Minimum Variance,Matched-Shrinkage Placebo,0.1,1.0584770922735787,-0.015631703403596098
2021-06-17,-0.0002580007122342464,0.0,0.0,-0.0002580007122342464,0,Minimum Variance,Matched-Shrinkage Placebo,0.1,1.0582040044298884,-0.01588567112521888
2021-06-18,-0.011020164960616573,0.0,0.0,-0.011020164960616573,0,Minimum Variance,Matched-Shrinkage Placebo,0.1,1.046542421739086,-0.02673077336952545
2021-06-21,0.010444638632859354,0.0,0.0,0.010444638632859354,0,Minimum Variance,Matched-Shrinkage Placebo,0.1,1.0574731791481082,-0.016565328004887636
2021-06-22,-0.0008880808948438166,0.0,0.0,-0.0008880808948438166,0,Minimum Variance,Matched-Shrinkage Placebo,0.1,1.056534057420897,-0.01743869754841354
2021-06-23,-0.007411996367211297,0.0,0.0,-0.007411996367211297,0,Minimum Variance,Matched-Shrinkage Placebo,0.1,1.0487030308254583,-0.024721438352747094
2021-06-24,0.005074320146197184,0.0,0.0,0.005074320146197184,0,Minimum Variance,Matched-Shrinkage Placebo,0.1,1.054024485742154,-0.019772562699226337
2021-06-25,0.011431109825672041,0.0,0.0,0.011431109825672041,0,Minimum Variance,Matched-Shrinkage Placebo,0.1,1.06607315539762,-0.00856747520930412
2021-06-28,0.002155482083349977,0.0,0.0,0.002155482083349977,0,Minimum Variance,Matched-Shrinkage Placebo,0.1,1.06837105698362,-0.006430460165267271
2021-06-29,-0.003318358676751176,0.0,0.0,-0.003318358676751176,0,Minimum Variance,Matched-Shrinkage Placebo,0.1,1.0648258186166886,-0.00972748026873349
2021-06-30,0.007496919191287338,0.0,0.0,0.007496919191287338,0,Minimum Variance,Matched-Shrinkage Placebo,0.1,1.0728087317316541,-0.002303487210955857
2021-07-01,0.003736553440003438,0.4175054870339959,0.00041750548703399596,0.003319047952969442,0,Minimum Variance,Matched-Shrinkage Placebo,0.1,1.0763694353566358,0.0
2021-07-02,0.004962324262350656,0.0,0.0,0.004962324262350656,0,Minimum Variance,Matched-Shrinkage Placebo,0.1,1.0817107295209587,0.0
2021-07-06,-0.002148172563883898,0.0,0.0,-0.002148172563883898,0,Minimum Variance,Matched-Shrinkage Placebo,0.1,1.0793870282097429,-0.002148172563883999
2021-07-07,0.0023541475643695524,0.0,0.0,0.0023541475643695524,0,Minimum Variance,Matched-Shrinkage Placebo,0.1,1.081928064553215,0.0
2021-07-08,-0.004892967601997391,0.0,0.0,-0.004892967601997391,0,Minimum Variance,Matched-Shrinkage Placebo,0.1,1.0766342255856642,-0.004892967601997533
2021-07-09,0.0066746769635824404,0.0,0.0,0.0066746769635824404,0,Minimum Variance,Matched-Shrinkage Placebo,0.1,1.0838204112493852,0.0
2021-07-12,0.002037080393192803,0.0,0.0,0.002037080393192803,0,Minimum Variance,Matched-Shrinkage Placebo,0.1,1.0860282405588835,0.0
2021-07-13,-0.002623158319364109,0.0,0.0,-0.002623158319364109,0,Minimum Variance,Matched-Shrinkage Placebo,0.1,1.0831794165445972,-0.002623158319363994
2021-07-14,0.004146246814500407,0.0,0.0,0.004146246814500407,0,Minimum Variance,Matched-Shrinkage Placebo,0.1,1.0876705457499776,0.0
2021-07-15,0.00163961738114542,0.0,0.0,0.00163961738114542,0,Minimum Variance,Matched-Shrinkage Placebo,0.1,1.0894539092817492,0.0
2021-07-16,-0.0011900775667861236,0.0,0.0,-0.0011900775667861236,0,Minimum Variance,Matched-Shrinkage Placebo,0.1,1.0881573746242656,-0.0011900775667860186
2021-07-19,-0.013701934978111589,0.0,0.0,-0.013701934978111589,0,Minimum Variance,Matched-Shrinkage Placebo,0.1,1.0732475130312114,-0.014875706179458659
2021-07-20,0.005224921466383809,0.0,0.0,0.005224921466383809,0,Minimum Variance,Matched-Shrinkage Placebo,0.1,1.0788551470007912,-0.009728509109619421
2021-07-21,-0.0018422317472383412,0.0,0.0,-0.0018422317472383412,0,Minimum Variance,Matched-Shrinkage Placebo,0.1,1.0768676457983148,-0.011552818688522759
2021-07-22,-4.73300957276189e-05,0.0,0.0,-4.73300957276189e-05,0,Minimum Variance,Matched-Shrinkage Placebo,0.1,1.0768166775495531,-0.011599601988236063
2021-07-23,0.010217904157677326,0.0,0.0,0.010217904157677326,0,Minimum Variance,Matched-Shrinkage Placebo,0.1,1.087819487156143,-0.001500221451941619
2021-07-26,0.0012222260159016494,0.0,0.0,0.0012222260159016494,0,Minimum Variance,Matched-Shrinkage Placebo,0.1,1.08914904843395,-0.0002798290457282082
2021-07-27,0.0014055149750607046,0.0,0.0,0.0014055149750607046,0,Minimum Variance,Matched-Shrinkage Placebo,0.1,1.090679863731597,0.0
2021-07-28,-0.0009745548225615706,0.0,0.0,-0.0009745548225615706,0,Minimum Variance,Matched-Shrinkage Placebo,0.1,1.0896169364105266,-0.0009745548225615908
2021-07-29,-0.0006405656081522454,0.0,0.0,-0.0006405656081522454,0,Minimum Variance,Matched-Shrinkage Placebo,0.1,1.0889189652750018,-0.0016144961644113387
2021-07-30,-0.0028369088240772903,0.0,0.0,-0.0028369088240772903,0,Minimum Variance,Matched-Shrinkage Placebo,0.1,1.085829801453708,-0.004446824810073302
2021-08-02,-0.0014576195358780566,0.1534351407855825,0.00015343514078558252,-0.0016110546766636392,0,Minimum Variance,Matched-Shrinkage Placebo,0.1,1.0840804702740152,-0.006050715408830398
2021-08-03,0.0006200185296718186,0.0,0.0,0.0006200185296718186,0,Minimum Variance,Matched-Shrinkage Placebo,0.1,1.0847526202532405,-0.005434448434829875
2021-08-04,-0.008118529852461606,0.0,0.0,-0.008118529852461606,0,Minimum Variance,Matched-Shrinkage Placebo,0.1,1.0759460237231786,-0.013508858555441594
2021-08-05,0.004445331377620786,0.0,0.0,0.004445331377620786,0,Minimum Variance,Matched-Shrinkage Placebo,0.1,1.0807289603430614,-0.00912357853063328
2021-08-06,-0.0011308324578984215,0.0,0.0,-0.0011308324578984215,0,Minimum Variance,Matched-Shrinkage Placebo,0.1,1.0795068369565146,-0.010244093749797178
2021-08-09,0.0010235353184102057,0.0,0.0,0.0010235353184102057,0,Minimum Variance,Matched-Shrinkage Placebo,0.1,1.080611750330605,-0.009231043623144863
2021-08-10,0.004432056231813026,0.0,0.0,0.004432056231813026,0,Minimum Variance,Matched-Shrinkage Placebo,0.1,1.085401082372828,-0.004839899895748179
2021-08-11,0.004101525287535351,0.0,0.0,0.004101525287535351,0,Minimum Variance,Matched-Shrinkage Placebo,0.1,1.0898528823592983,-0.0007582255800243631
2021-08-12,0.0026961002496053636,0.0,0.0,0.0026961002496053636,0,Minimum Variance,Matched-Shrinkage Placebo,0.1,1.0927912349874602,0.0
2021-08-13,0.00402670510542716,0.0,0.0,0.00402670510542716,0,Minimum Variance,Matched-Shrinkage Placebo,0.1,1.0971915830325503,0.0
2021-08-16,0.00679892428322419,0.0,0.0,0.00679892428322419,0,Minimum Variance,Matched-Shrinkage Placebo,0.1,1.1046513055297795,0.0
2021-08-17,0.0029171580866096504,0.0,0.0,0.0029171580866096504,0,Minimum Variance,Matched-Shrinkage Placebo,0.1,1.1078737480185896,0.0
2021-08-18,-0.010920670357162054,0.0,0.0,-0.010920670357162054,0,Minimum Variance,Matched-Shrinkage Placebo,0.1,1.095775024019125,-0.010920670357161932
2021-08-19,0.0015204711945656494,0.0,0.0,0.0015204711945656494,0,Minimum Variance,Matched-Shrinkage Placebo,0.1,1.0974411183788706,-0.009416803727299805
2021-08-20,0.0038503482947066197,0.0,0.0,0.0038503482947066197,0,Minimum Variance,Matched-Shrinkage Placebo,0.1,1.1016666489175615,-0.005602713406766213
2021-08-23,-0.0014860710851658328,0.0,0.0,-0.0014860710851658328,0,Minimum Variance,Matched-Shrinkage Placebo,0.1,1.1000294939651136,-0.007080458461539818
2021-08-24,-0.005191657707669606,0.0,0.0,-0.005191657707669606,0,Minimum Variance,Matched-Shrinkage Placebo,0.1,1.0943185173641057,-0.012235356852463797
2021-08-25,-0.0035320431653641906,0.0,0.0,-0.0035320431653641906,0,Minimum Variance,Matched-Shrinkage Placebo,0.1,1.0904533371241183,-0.015724184209281455
2021-08-26,-0.0061758714954441895,0.0,0.0,-0.0061758714954441895,0,Minimum Variance,Matched-Shrinkage Placebo,0.1,1.0837188374422615,-0.02180294516367831
2021-08-27,0.0017200501733316573,0.0,0.0,0.0017200501733316573,0,Minimum Variance,Matched-Shrinkage Placebo,0.1,1.0855828882164469,-0.020120397149954616
2021-08-30,0.0037258756623459732,0.0,0.0,0.0037258756623459732,0,Minimum Variance,Matched-Shrinkage Placebo,0.1,1.0896276350791119,-0.016469487585666354
2021-08-31,0.0036468357472609274,0.0,0.0,0.0036468357472609274,0,Minimum Variance,Matched-Shrinkage Placebo,0.1,1.0936013280899217,-0.012882713354471886
2021-09-01,0.0012961623891047998,0.1283394178848134,0.00012833941788481341,0.0011678229712199864,0,Minimum Variance,Matched-Shrinkage Placebo,0.1,1.0948784608422217,-0.011729935111838952
2021-09-02,0.0063130425845208385,0.0,0.0,0.0063130425845208385,0,Minimum Variance,Matched-Shrinkage Placebo,0.1,1.1017904751903933,-0.005490944107192863
2021-09-03,-0.0011256392073425788,0.0,0.0,-0.0011256392073425788,0,Minimum Variance,Matched-Shrinkage Placebo,0.1,1.1005502566332424,-0.006610402492563061
2021-09-07,-0.01362913800334306,0.0,0.0,-0.01362913800334306,0,Minimum Variance,Matched-Shrinkage Placebo,0.1,1.0855507053059732,-0.020149446408077365
2021-09-08,0.004382025954246566,0.0,0.0,0.004382025954246566,0,Minimum Variance,Matched-Shrinkage Placebo,0.1,1.0903076166712746,-0.0158557158509548
2021-09-09,-0.01130579292356276,0.0,0.0,-0.01130579292356276,0,Minimum Variance,Matched-Shrinkage Placebo,0.1,1.077980824534206,-0.02698224733445176
2021-09-10,-0.007507501699707479,0.0,0.0,-0.007507501699707479,0,Minimum Variance,Matched-Shrinkage Placebo,0.1,1.0698878816617634,-0.034287179766433806
2021-09-13,-0.0002947894020471436,0.0,0.0,-0.0002947894020471436,0,Minimum Variance,Matched-Shrinkage Placebo,0.1,1.0695724900528707,-0.03457186167125992
2021-09-14,-0.005606295022284669,0.0,0.0,-0.005606295022284669,0,Minimum Variance,Matched-Shrinkage Placebo,0.1,1.0635761511259145,-0.03998433663754597
2021-09-15,0.0030125750466708902,0.0,0.0,0.0030125750466708902,0,Minimum Variance,Matched-Shrinkage Placebo,0.1,1.0667802540990308,-0.03709221740568702
2021-09-16,-0.004659442151871778,0.0,0.0,-0.004659442151871778,0,Minimum Variance,Matched-Shrinkage Placebo,0.1,1.0618096532162973,-0.041578830516272314
2021-09-17,-0.007954022824962296,0.0,0.0,-0.007954022824962296,0,Minimum Variance,Matched-Shrinkage Placebo,0.1,1.0533639949988496,-0.0492021343742729
2021-09-20,-0.00887951379666376,0.0,0.0,-0.00887951379666376,0,Minimum Variance,Matched-Shrinkage Placebo,0.1,1.0440106348723484,-0.05764475713993511
2021-09-21,-0.004157701601596231,0.0,0.0,-0.004157701601596231,0,Minimum Variance,Matched-Shrinkage Placebo,0.1,1.0396699501836562,-0.06156278904244694
2021-09-22,0.0002548822974697717,0.0,0.0,0.0002548822974697717,0,Minimum Variance,Matched-Shrinkage Placebo,0.1,1.0399349436491692,-0.06132359801008702
2021-09-23,0.0030044531802136927,0.0,0.0,0.0030044531802136927,0,Minimum Variance,Matched-Shrinkage Placebo,0.1,1.0430593794978311,-0.05850338870893701
2021-09-24,-0.002516349686911063,0.0,0.0,-0.002516349686911063,0,Minimum Variance,Matched-Shrinkage Placebo,0.1,1.040434677354802,-0.06087252341198712
2021-09-27,-0.003719240866195422,0.0,0.0,-0.003719240866195422,0,Minimum Variance,Matched-Shrinkage Placebo,0.1,1.0365650501841772,-0.06436536470148024
2021-09-28,-0.005160862949886674,0.0,0.0,-0.005160862949886674,0,Minimum Variance,Matched-Shrinkage Placebo,0.1,1.0312154800215343,-0.06919404682542318
2021-09-29,0.00877017950322077,0.0,0.0,0.00877017950322077,0,Minimum Variance,Matched-Shrinkage Placebo,0.1,1.040259424887823,-0.06103071153341577
2021-09-30,-0.009432696062964794,0.0,0.0,-0.009432696062964794,0,Minimum Variance,Matched-Shrinkage Placebo,0.1,1.0304469739062216,-0.06988772344397931
2021-10-01,0.014183062386192428,0.36265522989778876,0.00036265522989778877,0.01382040715629464,0,Minimum Variance,Matched-Shrinkage Placebo,0.1,1.0446881706385773,-0.05703319308090693
2021-10-04,0.002500609708285483,0.0,0.0,0.002500609708285483,0,Minimum Variance,Matched-Shrinkage Placebo,0.1,1.0473005280202072,-0.05467520112893409
2021-10-05,0.0008684456087857256,0.0,0.0,0.0008684456087857256,0,Minimum Variance,Matched-Shrinkage Placebo,0.1,1.0482100515648454,-0.05385423795847821
2021-10-06,0.002732354508671822,0.0,0.0,0.002732354508671822,0,Minimum Variance,Matched-Shrinkage Placebo,0.1,1.0510741330252737,-0.051269032319703256
2021-10-07,0.00853843149045585,0.0,0.0,0.00853843149045585,0,Minimum Variance,Matched-Shrinkage Placebo,0.1,1.0600486575015002,-0.0431683579492913
2021-10-08,-0.005204722469880522,0.0,0.0,-0.005204722469880522,0,Minimum Variance,Matched-Shrinkage Placebo,0.1,1.0545313984346354,-0.048148401096565374
2021-10-11,-0.008606792266957255,0.0,0.0,-0.008606792266957255,0,Minimum Variance,Matched-Shrinkage Placebo,0.1,1.0454552657493246,-0.05634079007729831
2021-10-12,-0.0007286377862522627,0.0,0.0,-0.0007286377862522627,0,Minimum Variance,Matched-Shrinkage Placebo,0.1,1.0446935075388633,-0.05702837583499287
2021-10-13,0.0006864372655152173,0.0,0.0,0.0006864372655152173,0,Minimum Variance,Matched-Shrinkage Placebo,0.1,1.0454106240934797,-0.05638108497184269
2021-10-14,0.008800262505906683,0.0,0.0,0.008800262505906683,0,Minimum Variance,Matched-Shrinkage Placebo,0.1,1.0546105120119662,-0.04807699081405592
2021-10-15,-0.0009478913793776372,0.0,0.0,-0.0009478913793776372,0,Minimum Variance,Matched-Shrinkage Placebo,0.1,1.053610855799029,-0.04897931042829462
2021-10-18,-0.0017878767603288007,0.0,0.0,-0.0017878767603288007,0,Minimum Variance,Matched-Shrinkage Placebo,0.1,1.0517271294355157,-0.05067961821777167
2021-10-19,0.013891878855750286,0.0,0.0,0.013891878855750286,0,Minimum Variance,Matched-Shrinkage Placebo,0.1,1.0663375953069398,-0.0374917744787584
2021-10-20,0.010573986443633348,0.0,0.0,0.010573986443633348,0,Minimum Variance,Matched-Shrinkage Placebo,0.1,1.077613034584052,-0.027314225550211235
2021-10-21,0.0056245853329925,0.0,0.0,0.0056245853329925,0,Minimum Variance,Matched-Shrinkage Placebo,0.1,1.0836741610530152,-0.02184327140963027
2021-10-22,0.0025517212870848037,0.0,0.0,0.0025517212870848037,0,Minimum Variance,Matched-Shrinkage Placebo,0.1,1.0864393954780378,-0.0193472880631812
2021-10-25,0.004291570004401311,0.0,0.0,0.004291570004401311,0,Minimum Variance,Matched-Shrinkage Placebo,0.1,1.0911019261992712,-0.015138748299898364
2021-10-26,-2.7919212231841423e-06,0.0,0.0,-2.7919212231841423e-06,0,Minimum Variance,Matched-Shrinkage Placebo,0.1,1.0910988799286467,-0.015141497954928917
2021-10-27,-0.010737438764722874,0.0,0.0,-0.010737438764722874,0,Minimum Variance,Matched-Shrinkage Placebo,0.1,1.0793832725191552,-0.025716355812554492
2021-10-28,0.018126721266642883,0.0,0.0,0.018126721266642883,0,Minimum Variance,Matched-Shrinkage Placebo,0.1,1.098948952239987,-0.00805578775971949
2021-10-29,-0.0010896758948241018,0.0,0.0,-0.0010896758948241018,0,Minimum Variance,Matched-Shrinkage Placebo,0.1,1.0977514540570887,-0.009136685456808014
2021-11-01,0.005325623932900086,0.41557170140621646,0.00041557170140621647,0.00491005223149387,0,Minimum Variance,Matched-Shrinkage Placebo,0.1,1.1031414710337073,-0.00427149482812994
2021-11-02,0.004625130164994768,0.0,0.0,0.004625130164994768,0,Minimum Variance,Matched-Shrinkage Placebo,0.1,1.108243643927642,0.0
2021-11-03,-0.00020192819492464585,0.0,0.0,-0.00020192819492464585,0,Minimum Variance,Matched-Shrinkage Placebo,0.1,1.108019858289087,-0.00020192819492459435
2021-11-04,0.0005367664888615764,0.0,0.0,0.0005367664888615764,0,Minimum Variance,Matched-Shrinkage Placebo,0.1,1.1086146062180098,0.0
2021-11-05,-0.011812256341490577,0.0,0.0,-0.011812256341490577,0,Minimum Variance,Matched-Shrinkage Placebo,0.1,1.095519366305442,-0.011812256341490524
2021-11-08,0.0012612931793333014,0.0,0.0,0.0012612931793333014,0,Minimum Variance,Matched-Shrinkage Placebo,0.1,1.0969011374099906,-0.010565861880513339
2021-11-09,0.0007188989295259926,0.0,0.0,0.0007188989295259926,0,Minimum Variance,Matched-Shrinkage Placebo,0.1,1.0976896984634705,-0.009854558737782737
2021-11-10,0.0008102247779216593,0.0,0.0,0.0008102247779216593,0,Minimum Variance,Matched-Shrinkage Placebo,0.1,1.098579073855635,-0.009052318367525958
2021-11-11,0.002530707355165228,0.0,0.0,0.002530707355165228,0,Minimum Variance,Matched-Shrinkage Placebo,0.1,1.101359255998072,-0.006544519781034652
2021-11-12,0.002233046361010055,0.0,0.0,0.002233046361010055,0,Minimum Variance,Matched-Shrinkage Placebo,0.1,1.1038186422768432,-0.004326087636106313
2021-11-15,-0.0025114732245807344,0.0,0.0,-0.0025114732245807344,0,Minimum Variance,Matched-Shrinkage Placebo,0.1,1.1010464313119719,-0.006826696007421695
2021-11-16,-0.005360424678502069,0.0,0.0,-0.005360424678502069,0,Minimum Variance,Matched-Shrinkage Placebo,0.1,1.0951443548493907,-0.012150526696172892
2021-11-17,-0.0024355430213388,0.0,0.0,-0.0024355430213388,0,Minimum Variance,Matched-Shrinkage Placebo,0.1,1.0924770836585787,-0.014556476587011202
2021-11-18,-0.002079785625517292,0.0,0.0,-0.002079785625517292,0,Minimum Variance,Matched-Shrinkage Placebo,0.1,1.0902049655237784,-0.016605987861764704
2021-11-19,-0.008204226881161533,0.0,0.0,-0.008204226881161533,0,Minimum Variance,Matched-Shrinkage Placebo,0.1,1.0812606766396524,-0.024673975450922536
2021-11-22,0.0034979584518057202,0.0,0.0,0.0034979584518057202,0,Minimum Variance,Matched-Shrinkage Placebo,0.1,1.0850428815621094,-0.021262325540084892
2021-11-23,0.0066378844275946395,0.0,0.0,0.0066378844275946395,0,Minimum Variance,Matched-Shrinkage Placebo,0.1,1.092245270808903,-0.014765577972087218
2021-11-24,-0.0007069718321313984,0.0,0.0,-0.0007069718321313984,0,Minimum Variance,Matched-Shrinkage Placebo,0.1,1.0914730841686624,-0.01546211095650718
2021-11-26,-0.014644582188947217,0.0,0.0,-0.014644582188947217,0,Minimum Variance,Matched-Shrinkage Placebo,0.1,1.0754889168805306,-0.029880256990737264
2021-11-29,-0.000482080367010736,0.0,0.0,-0.000482080367010736,0,Minimum Variance,Matched-Shrinkage Placebo,0.1,1.074970444788765,-0.030347932672491473
2021-11-30,-0.021751398859684034,0.0,0.0,-0.021751398859684034,0,Minimum Variance,Matched-Shrinkage Placebo,0.1,1.0515883338817926,-0.05143922154404923
2021-12-01,-0.011373515458707677,0.3956864214617054,0.0003956864214617054,-0.011769201880169382,0,Minimum Variance,Matched-Shrinkage Placebo,0.1,1.0392119784855067,-0.06260302484130809
2021-12-02,0.013971928526294584,0.0,0.0,0.013971928526294584,0,Minimum Variance,Matched-Shrinkage Placebo,0.1,1.0537317739725753,-0.04950578130362615
2021-12-03,0.00887233884183452,0.0,0.0,0.00887233884183452,0,Minimum Variance,Matched-Shrinkage Placebo,0.1,1.0630808393196676,-0.041072674528147
2021-12-06,0.010447656498198848,0.0,0.0,0.010447656498198848,0,Minimum Variance,Matched-Shrinkage Placebo,0.1,1.0741875427586962,-0.031054131224880765
2021-12-07,0.003073059824441811,0.0,0.0,0.003073059824441811,0,Minimum Variance,Matched-Shrinkage Placebo,0.1,1.0774885853402638,-0.02807650260348904
2021-12-08,0.0008609821887212716,0.0,0.0,0.0008609821887212716,0,Minimum Variance,Matched-Shrinkage Placebo,0.1,1.0784162838207922,-0.02723969378343105
2021-12-09,-0.002821766555954593,0.0,0.0,-0.002821766555954593,0,Minimum Variance,Matched-Shrinkage Placebo,0.1,1.07537324481771,-0.029984596282472964
2021-12-10,0.007934067267327186,0.0,0.0,0.007934067267327186,0,Minimum Variance,Matched-Shrinkage Placebo,0.1,1.0839053284795777,-0.02228842881903459
2021-12-13,0.00550030338445885,0.0,0.0,0.00550030338445885,0,Minimum Variance,Matched-Shrinkage Placebo,0.1,1.089867136626247,-0.016910718555043225
2021-12-14,-0.00018564125006968702,0.0,0.0,-0.00018564125006968702,0,Minimum Variance,Matched-Shrinkage Placebo,0.1,1.0896648123285937,-0.01709322047818085
2021-12-15,0.01340238551846852,0.0,0.0,0.01340238551846852,0,Minimum Variance,Matched-Shrinkage Placebo,0.1,1.1042689202293312,-0.003919924890313009
2021-12-16,0.009828023157586147,0.0,0.0,0.009828023157586147,0,Minimum Variance,Matched-Shrinkage Placebo,0.1,1.1151217007495478,0.0
2021-12-17,-0.01248940545755371,0.0,0.0,-0.01248940545755371,0,Minimum Variance,Matched-Shrinkage Placebo,0.1,1.1011944936943698,-0.012489405457553615
2021-12-20,0.002009820607181693,0.0,0.0,0.002009820607181693,0,Minimum Variance,Matched-Shrinkage Placebo,0.1,1.1034076970803117,-0.010504686314832035
2021-12-21,0.0033560092391454483,0.0,0.0,0.0033560092391454483,0,Minimum Variance,Matched-Shrinkage Placebo,0.1,1.1071107435062573,-0.00718393090001368
2021-12-22,0.006322068153101418,0.0,0.0,0.006322068153101418,0,Minimum Variance,Matched-Shrinkage Placebo,0.1,1.1141099730797346,-0.0009072800476693788
2021-12-23,0.0015151721976139091,0.0,0.0,0.0015151721976139091,0,Minimum Variance,Matched-Shrinkage Placebo,0.1,1.1157980415360294,0.0
2021-12-27,0.010687055131611068,0.0,0.0,0.010687055131611068,0,Minimum Variance,Matched-Shrinkage Placebo,0.1,1.1277226367216686,0.0
2021-12-28,0.0046799186081430315,0.0,0.0,0.0046799186081430315,0,Minimum Variance,Matched-Shrinkage Placebo,0.1,1.1330002868740865,0.0
2021-12-29,0.0010957371596292244,0.0,0.0,0.0010957371596292244,0,Minimum Variance,Matched-Shrinkage Placebo,0.1,1.134241757390285,0.0
2021-12-30,0.0005762282320526616,0.0,0.0,0.0005762282320526616,0,Minimum Variance,Matched-Shrinkage Placebo,0.1,1.1348953395128665,0.0
2021-12-31,-0.0008525127869197981,0.0,0.0,-0.0008525127869197981,0,Minimum Variance,Matched-Shrinkage Placebo,0.1,1.1339278267241162,-0.000852512786919668
2022-01-03,0.0016936101756357567,0.246204373612396,0.000246204373612396,0.0014474058020233606,0,Minimum Variance,Matched-Shrinkage Placebo,0.1,1.1355690804395924,0.0
2022-01-04,-0.0007302179058405379,0.0,0.0,-0.0007302179058405379,0,Minimum Variance,Matched-Shrinkage Placebo,0.1,1.1347398675637366,-0.0007302179058404912
2022-01-05,-0.0017209885399323648,0.0,0.0,-0.0017209885399323648,0,Minimum Variance,Matched-Shrinkage Placebo,0.1,1.132786993255855,-0.0024499497491252686
2022-01-06,-0.0038010118627986623,0.0,0.0,-0.0038010118627986623,0,Minimum Variance,Matched-Shrinkage Placebo,0.1,1.1284812564564655,-0.0062416493238642845
2022-01-07,0.004195241099838671,0.0,0.0,0.004195241099838671,0,Minimum Variance,Matched-Shrinkage Placebo,0.1,1.1332155074039492,-0.002072593447799864
2022-01-10,-0.0009159117264988027,0.0,0.0,-0.0009159117264988027,0,Minimum Variance,Matched-Shrinkage Placebo,0.1,1.1321775820320676,-0.0029866068616555275
2022-01-11,0.0035646669224266565,0.0,0.0,0.0035646669224266565,0,Minimum Variance,Matched-Shrinkage Placebo,0.1,1.1362134180090504,0.0
2022-01-12,0.0013996835924177623,0.0,0.0,0.0013996835924177623,0,Minimum Variance,Matched-Shrinkage Placebo,0.1,1.1378037572877224,0.0
2022-01-13,-0.0021895530517329993,0.0,0.0,-0.0021895530517329993,0,Minimum Variance,Matched-Shrinkage Placebo,0.1,1.1353124755986799,-0.002189553051732962
2022-01-14,-0.00227136228398115,0.0,0.0,-0.00227136228398115,0,Minimum Variance,Matched-Shrinkage Placebo,0.1,1.1327337696610718,-0.004455942067493668
2022-01-18,-0.009125713444860463,0.0,0.0,-0.009125713444860463,0,Minimum Variance,Matched-Shrinkage Placebo,0.1,1.1223967658698282,-0.01354099186191926
2022-01-19,-0.0005224002465739055,0.0,0.0,-0.0005224002465739055,0,Minimum Variance,Matched-Shrinkage Placebo,0.1,1.121810425522584,-0.014056318291005732
2022-01-20,-0.010976706886668212,0.0,0.0,-0.010976706886668212,0,Minimum Variance,Matched-Shrinkage Placebo,0.1,1.1094966412992142,-0.024878733091887706
2022-01-21,-0.004248599443169184,0.0,0.0,-0.004248599443169184,0,Minimum Variance,Matched-Shrinkage Placebo,0.1,1.1047828344867923,-0.029021632763496008
2022-01-24,-0.005081805979730974,0.0,0.0,-0.005081805979730974,0,Minimum Variance,Matched-Shrinkage Placebo,0.1,1.099168542472193,-0.03395595643630789
2022-01-25,-0.004922797183493021,0.0,0.0,-0.004922797183493021,0,Minimum Variance,Matched-Shrinkage Placebo,0.1,1.0937575586671269,-0.03871159533309343
2022-01-26,-0.015694723396185356,0.0,0.0,-0.015694723396185356,0,Minimum Variance,Matched-Shrinkage Placebo,0.1,1.0765913363213593,-0.05379875094830089
2022-01-27,0.0002728885008227983,0.0,0.0,0.0002728885008227983,0,Minimum Variance,Matched-Shrinkage Placebo,0.1,1.0768851257171268,-0.05354054350797055
2022-01-28,0.016313441417289833,0.0,0.0,0.016313441417289833,0,Minimum Variance,Matched-Shrinkage Placebo,0.1,1.094452828128664,-0.03810053261064772
2022-01-31,0.010685260580369466,0.0,0.0,0.010685260580369466,0,Minimum Variance,Matched-Shrinkage Placebo,0.1,1.1061473417901413,-0.027822386149473743
2022-02-01,-0.003274953266680747,0.5991560059190482,0.0005991560059190481,-0.0038741092725997953,0,Minimum Variance,Matched-Shrinkage Placebo,0.1,1.1018620061164506,-0.031588708457905956
2022-02-02,0.012050702725873294,0.0,0.0,0.012050702725873294,0,Minimum Variance,Matched-Shrinkage Placebo,0.1,1.1151402175970944,-0.019918671867153126
2022-02-03,-0.005607588474976426,0.0,0.0,-0.005607588474976426,0,Minimum Variance,Matched-Shrinkage Placebo,0.1,1.1088869701649142,-0.025414564627330383
2022-02-04,-0.003703703298082634,0.0,0.0,-0.003703703298082634,0,Minimum Variance,Matched-Shrinkage Placebo,0.1,1.1047799818363135,-0.029024139918583547
2022-02-07,-0.0010946293685147289,0.0,0.0,-0.0010946293685147289,0,Minimum Variance,Matched-Shrinkage Placebo,0.1,1.1035706572224484,-0.030086998611147386
2022-02-08,-0.0011956230151042183,0.0,0.0,-0.0011956230151042183,0,Minimum Variance,Matched-Shrinkage Placebo,0.1,1.1022512027458795,-0.031246648918256792
2022-02-09,0.006550395894681208,0.0,0.0,0.006550395894681208,0,Minimum Variance,Matched-Shrinkage Placebo,0.1,1.1094713844992536,-0.02490093094437218
2022-02-10,-0.018060051251259843,0.0,0.0,-0.018060051251259843,0,Minimum Variance,Matched-Shrinkage Placebo,0.1,1.089434274433391,-0.04251127010657263
2022-02-11,-0.0023223653530243227,0.0,0.0,-0.0023223653530243227,0,Minimum Variance,Matched-Shrinkage Placebo,0.1,1.0869042100200497,-0.04473490875878827
2022-02-14,-0.008043124465905455,0.0,0.0,-0.008043124465905455,0,Minimum Variance,Matched-Shrinkage Placebo,0.1,1.0781621041763416,-0.052418224785576006
2022-02-15,0.0016137490678876324,0.0,0.0,0.0016137490678876324,0,Minimum Variance,Matched-Shrinkage Placebo,0.1,1.079901987266988,-0.050889065579076465
2022-02-16,-0.0018153907690633478,0.0,0.0,-0.0018153907690633478,0,Minimum Variance,Matched-Shrinkage Placebo,0.1,1.0779415431678103,-0.052612072808241206
2022-02-17,-0.006992118137094954,0.0,0.0,-0.006992118137094954,0,Minimum Variance,Matched-Shrinkage Placebo,0.1,1.0704044485530986,-0.05923632111682353
2022-02-18,-0.00534714432239207,0.0,0.0,-0.00534714432239207,0,Minimum Variance,Matched-Shrinkage Placebo,0.1,1.0646808414833546,-0.06426672028107638
2022-02-22,-0.0037244414145109856,0.0,0.0,-0.0037244414145109856,0,Minimum Variance,Matched-Shrinkage Placebo,0.1,1.0607155000640975,-0.06775180406099779
2022-02-23,-0.002805639125207891,0.0,0.0,-0.002805639125207891,0,Minimum Variance,Matched-Shrinkage Placebo,0.1,1.0577395151564033,-0.07036735607392874
2022-02-24,-0.0008072674326962291,0.0,0.0,-0.0008072674326962291,0,Minimum Variance,Matched-Shrinkage Placebo,0.1,1.0568856364935417,-0.07111781823174146
2022-02-25,0.026564090741663337,0.0,0.0,0.026564090741663337,0,Minimum Variance,Matched-Shrinkage Placebo,0.1,1.0849608424449169,-0.04644290766693515
2022-02-28,-0.004723039372697787,0.0,0.0,-0.004723039372697787,0,Minimum Variance,Matched-Shrinkage Placebo,0.1,1.0798365296682142,-0.05094659535813939
2022-03-01,-0.0018009557821723312,0.549333205091796,0.0005493332050917959,-0.002350288987264127,0,Minimum Variance,Matched-Shrinkage Placebo,0.1,1.0772986017644894,-0.053177145123394665
2022-03-02,0.012099309294280502,0.0,0.0,0.012099309294280502,0,Minimum Variance,Matched-Shrinkage Placebo,0.1,1.0903331707495338,-0.041721242555349036
2022-03-03,0.008923736768529807,0.0,0.0,0.008923736768529807,0,Minimum Variance,Matched-Shrinkage Placebo,0.1,1.1000630169552992,-0.033169815173039185
2022-03-04,0.0070412966170094096,0.0,0.0,0.0070412966170094096,0,Minimum Variance,Matched-Shrinkage Placebo,0.1,1.1078088869550837,-0.02636207706339444
2022-03-07,-0.00814600906364625,0.0,0.0,-0.00814600906364625,0,Minimum Variance,Matched-Shrinkage Placebo,0.1,1.0987846657211597,-0.03429334040834575
2022-03-08,-0.013702916301122595,0.0,0.0,-0.013702916301122595,0,Minimum Variance,Matched-Shrinkage Placebo,0.1,1.0837281114138257,-0.047526337936166896
2022-03-09,0.003995449125192571,0.0,0.0,0.003995449125192571,0,Minimum Variance,Matched-Shrinkage Placebo,0.1,1.0880580919485208,-0.043720777876304906
2022-03-10,0.0019463568985453046,0.0,0.0,0.0019463568985453046,0,Minimum Variance,Matched-Shrinkage Placebo,0.1,1.090175841321803,-0.04185951721538872
2022-03-11,-0.005301184746325734,0.0,0.0,-0.005301184746325734,0,Minimum Variance,Matched-Shrinkage Placebo,0.1,1.0843966177809752,-0.04693879692756353
2022-03-14,-0.0047158084367096694,0.0,0.0,-0.0047158084367096694,0,Minimum Variance,Matched-Shrinkage Placebo,0.1,1.0792828110621042,-0.0514332509897133
2022-03-15,0.007020375655223693,0.0,0.0,0.007020375655223693,0,Minimum Variance,Matched-Shrinkage Placebo,0.1,1.086859781833986,-0.0447739560776067
2022-03-16,0.005582453550090015,0.0,0.0,0.005582453550090015,0,Minimum Variance,Matched-Shrinkage Placebo,0.1,1.0929271260815352,-0.039441451057573795
2022-03-17,0.011222361840954903,0.0,0.0,0.011222361840954903,0,Minimum Variance,Matched-Shrinkage Placebo,0.1,1.105192349756217,-0.028661715451919312
2022-03-18,0.003013752880316032,0.0,0.0,0.003013752880316032,0,Minimum Variance,Matched-Shrinkage Placebo,0.1,1.1085231263835982,-0.025734341899101287
2022-03-21,0.002818187032013392,0.0,0.0,0.002818187032013392,0,Minimum Variance,Matched-Shrinkage Placebo,0.1,1.1116471518830595,-0.02298867905570512
2022-03-22,0.004430867428183623,0.0,0.0,0.004430867428183623,0,Minimum Variance,Matched-Shrinkage Placebo,0.1,1.1165727130399712,-0.0186596714167665
2022-03-23,-0.009222743603239271,0.0,0.0,-0.009222743603239271,0,Minimum Variance,Matched-Shrinkage Placebo,0.1,1.1062748491932304,-0.027710321654808134
2022-03-24,0.006530445657828297,0.0,0.0,0.006530445657828297,0,Minimum Variance,Matched-Shrinkage Placebo,0.1,1.113499316978509,-0.021360836746707523
2022-03-25,0.008788562121516226,0.0,0.0,0.008788562121516226,0,Minimum Variance,Matched-Shrinkage Placebo,0.1,1.1232853748980405,-0.012760005665907292
2022-03-28,0.005551871145609193,0.0,0.0,0.005551871145609193,0,Minimum Variance,Matched-Shrinkage Placebo,0.1,1.129521710559222,-0.007278976427572248
2022-03-29,0.012869009445423386,0.0,0.0,0.012869009445423386,0,Minimum Variance,Matched-Shrinkage Placebo,0.1,1.1440575361212193,0.0
2022-03-30,0.0005578319928438431,0.0,0.0,0.0005578319928438431,0,Minimum Variance,Matched-Shrinkage Placebo,0.1,1.1446957280165218,0.0
2022-03-31,-0.008725143720248725,0.0,0.0,-0.008725143720248725,0,Minimum Variance,Matched-Shrinkage Placebo,0.1,1.1347080932736229,-0.008725143720248685
2022-04-01,0.009570767689226578,0.2861984209717876,0.00028619842097178763,0.00928456926825479,0,Minimum Variance,Matched-Shrinkage Placebo,0.1,1.1452433691648711,0.0
2022-04-04,0.002299852884422377,0.0,0.0,0.002299852884422377,0,Minimum Variance,Matched-Shrinkage Placebo,0.1,1.1478772604308107,0.0
2022-04-05,-0.003907998314847028,0.0,0.0,-0.003907998314847028,0,Minimum Variance,Matched-Shrinkage Placebo,0.1,1.143391358031396,-0.0039079983148470054
2022-04-06,0.011573850726520523,0.0,0.0,0.011573850726520523,0,Minimum Variance,Matched-Shrinkage Placebo,0.1,1.156624798931245,0.0
2022-04-07,0.0033841063653250077,0.0,0.0,0.0033841063653250077,0,Minimum Variance,Matched-Shrinkage Placebo,0.1,1.160538940275601,0.0
2022-04-08,0.007121649118397705,0.0,0.0,0.007121649118397705,0,Minimum Variance,Matched-Shrinkage Placebo,0.1,1.1688038913964809,0.0
2022-04-11,-0.014576286279938159,0.0,0.0,-0.014576286279938159,0,Minimum Variance,Matched-Shrinkage Placebo,0.1,1.15176707127038,-0.014576286279938122
2022-04-12,0.003199007334892049,0.0,0.0,0.003199007334892049,0,Minimum Variance,Matched-Shrinkage Placebo,0.1,1.1554515825794611,-0.011423908591771115
2022-04-13,0.006136270209250198,0.0,0.0,0.006136270209250198,0,Minimum Variance,Matched-Shrinkage Placebo,0.1,1.1625417457038745,-0.005357738572485782
2022-04-14,0.0019513031275732984,0.0,0.0,0.0019513031275732984,0,Minimum Variance,Matched-Shrinkage Placebo,0.1,1.1648102170482009,-0.003416890016945784
2022-04-18,-0.004301273537108728,0.0,0.0,-0.004301273537108728,0,Minimum Variance,Matched-Shrinkage Placebo,0.1,1.1598000496858576,-0.007703466575445406
2022-04-19,0.008349954549130484,0.0,0.0,0.008349954549130484,0,Minimum Variance,Matched-Shrinkage Placebo,0.1,1.1694843273868138,0.0
2022-04-20,0.0026947645817675956,0.0,0.0,0.0026947645817675956,0,Minimum Variance,Matched-Shrinkage Placebo,0.1,1.1726358123311882,0.0
2022-04-21,-0.01092997105167849,0.0,0.0,-0.01092997105167849,0,Minimum Variance,Matched-Shrinkage Placebo,0.1,1.1598189368482468,-0.010929971051678478
2022-04-22,-0.016004045413400815,0.0,0.0,-0.016004045413400815,0,Minimum Variance,Matched-Shrinkage Placebo,0.1,1.141257141911605,-0.026759092712001165
2022-04-25,-0.0018441975364819443,0.0,0.0,-0.0018441975364819443,0,Minimum Variance,Matched-Shrinkage Placebo,0.1,1.1391524383019993,-0.028553941195625154
2022-04-26,-0.01575440411997943,0.0,0.0,-0.01575440411997943,0,Minimum Variance,Matched-Shrinkage Placebo,0.1,1.1212057704347298,-0.04385849498679051
2022-04-27,-0.00283870194567858,0.0,0.0,-0.00283870194567858,0,Minimum Variance,Matched-Shrinkage Placebo,0.1,1.1180230014326906,-0.046572695737415515
2022-04-28,0.015835586462391135,0.0,0.0,0.015835586462391135,0,Minimum Variance,Matched-Shrinkage Placebo,0.1,1.13572755133882,-0.03147461522516082
2022-04-29,-0.0313344659868341,0.0,0.0,-0.0313344659868341,0,Minimum Variance,Matched-Shrinkage Placebo,0.1,1.1001401350110835,-0.06182284095177337
2022-05-02,0.00045276417599185274,0.4682922411369787,0.0004682922411369787,-1.5528065145125952e-05,0,Minimum Variance,Matched-Shrinkage Placebo,0.1,1.1001230519633982,-0.06183740902781687
2022-05-03,0.002627178636053466,0.0,0.0,0.002627178636053466,0,Minimum Variance,Matched-Shrinkage Placebo,0.1,1.1030132717425463,-0.05937268831167031
2022-05-04,0.02454847624087981,0.0,0.0,0.02454847624087981,0,Minimum Variance,Matched-Shrinkage Placebo,0.1,1.1300905668372934,-0.03628172109916661
2022-05-05,-0.014595037948446762,0.0,0.0,-0.014595037948446762,0,Minimum Variance,Matched-Shrinkage Placebo,0.1,1.1135968521291213,-0.050347225951336116
2022-05-06,-0.005104707611679721,0.0,0.0,-0.005104707611679721,0,Minimum Variance,Matched-Shrinkage Placebo,0.1,1.1079122658017153,-0.05519492569547502
2022-05-09,-0.014173804365889678,0.0,0.0,-0.014173804365889678,0,Minimum Variance,Matched-Shrinkage Placebo,0.1,1.0922089340916723,-0.0685864079825671
2022-05-10,-0.008073831985003638,0.0,0.0,-0.008073831985003638,0,Minimum Variance,Matched-Shrinkage Placebo,0.1,1.0833906226652963,-0.07610648483306459
2022-05-11,0.006887321069900019,0.0,0.0,0.006887321069900019,0,Minimum Variance,Matched-Shrinkage Placebo,0.1,1.090852281727711,-0.0697433335597113
2022-05-12,0.007185231512468431,0.0,0.0,0.007185231512468431,0,Minimum Variance,Matched-Shrinkage Placebo,0.1,1.0986903079178292,-0.06305922404532072
2022-05-13,0.00960520023495174,0.0,0.0,0.00960520023495174,0,Minimum Variance,Matched-Shrinkage Placebo,0.1,1.1092434483215807,-0.05405972028398487
2022-05-16,0.006268435318042561,0.0,0.0,0.006268435318042561,0,Minimum Variance,Matched-Shrinkage Placebo,0.1,1.1161966691293472,-0.04813015482585381
2022-05-17,-0.0026782107092217945,0.0,0.0,-0.0026782107092217945,0,Minimum Variance,Matched-Shrinkage Placebo,0.1,1.1132072592564872,-0.05067946283898461
2022-05-18,-0.02378886956566795,0.0,0.0,-0.02378886956566795,0,Minimum Variance,Matched-Shrinkage Placebo,0.1,1.08672531696648,-0.07326272527351785
2022-05-19,-0.005001130011418181,0.0,0.0,-0.005001130011418181,0,Minimum Variance,Matched-Shrinkage Placebo,0.1,1.081290462369631,-0.07789745887085242
2022-05-20,0.0031806401362876255,0.0,0.0,0.0031806401362876255,0,Minimum Variance,Matched-Shrinkage Placebo,0.1,1.0847296582132289,-0.07496458251876414
2022-05-23,0.016658917873112935,0.0,0.0,0.016658917873112935,0,Minimum Variance,Matched-Shrinkage Placebo,0.1,1.1028000805039329,-0.05955449346922348
2022-05-24,0.010068348420184203,0.0,0.0,0.010068348420184203,0,Minimum Variance,Matched-Shrinkage Placebo,0.1,1.1139034559522536,-0.05008576043927504
2022-05-25,0.005366884083267514,0.0,0.0,0.005366884083267514,0,Minimum Variance,Matched-Shrinkage Placebo,0.1,1.1198816466803003,-0.0449876808265075
2022-05-26,0.005501017801351978,0.0,0.0,0.005501017801351978,0,Minimum Variance,Matched-Shrinkage Placebo,0.1,1.126042135554096,-0.039734141058223815
2022-05-27,0.010836005721706734,0.0,0.0,0.010836005721706734,0,Minimum Variance,Matched-Shrinkage Placebo,0.1,1.138243934577843,-0.029328694716371007
2022-05-31,-0.009485394300029334,0.0,0.0,-0.009485394300029334,0,Minimum Variance,Matched-Shrinkage Placebo,0.1,1.1274472420487553,-0.03853589478271047
2022-06-01,-0.005419986816242876,0.4592141581327389,0.00045921415813273894,-0.005879200974375615,0,Minimum Variance,Matched-Shrinkage Placebo,0.1,1.120818753124745,-0.044188535486931135
2022-06-02,0.003250100364093063,0.0,0.0,0.003250100364093063,0,Minimum Variance,Matched-Shrinkage Placebo,0.1,1.124461526562358,-0.041082052298113014
2022-06-03,-0.005291921367250387,0.0,0.0,-0.005291921367250387,0,Minimum Variance,Matched-Shrinkage Placebo,0.1,1.1185109645832918,-0.046156570674996455
2022-06-06,-0.00424520938147349,0.0,0.0,-0.00424520938147349,0,Minimum Variance,Matched-Shrinkage Placebo,0.1,1.113762651343162,-0.05020583574962367
2022-06-07,0.007811043563354983,0.0,0.0,0.007811043563354983,0,Minimum Variance,Matched-Shrinkage Placebo,0.1,1.122462299932041,-0.04278695215644379
2022-06-08,-0.009793094697139373,0.0,0.0,-0.009793094697139373,0,Minimum Variance,Matched-Shrinkage Placebo,0.1,1.1114699203348377,-0.05216103017931317
2022-06-09,-0.022876485877217276,0.0,0.0,-0.022876485877217276,0,Minimum Variance,Matched-Shrinkage Placebo,0.1,1.086043394399346,-0.07384425498629232
2022-06-10,-0.009382557325879995,0.0,0.0,-0.009382557325879995,0,Minimum Variance,Matched-Shrinkage Placebo,0.1,1.0758535299930008,-0.08253396435657645
2022-06-13,-0.03288065668426784,0.0,0.0,-0.03288065668426784,0,Minimum Variance,Matched-Shrinkage Placebo,0.1,1.0404787594307432,-0.11270085009404418
2022-06-14,-0.014134120316346121,0.0,0.0,-0.014134120316346121,0,Minimum Variance,Matched-Shrinkage Placebo,0.1,1.0257725074583466,-0.12524204303540654
2022-06-15,0.002369962592140189,0.0,0.0,0.002369962592140189,0,Minimum Variance,Matched-Shrinkage Placebo,0.1,1.0282035499290687,-0.12316889940022346
2022-06-16,-0.008161135706495943,0.0,0.0,-0.008161135706495943,0,Minimum Variance,Matched-Shrinkage Placebo,0.1,1.0198122412241968,-0.1303248370038944
2022-06-17,-0.004855775252784551,0.0,0.0,-0.004855775252784551,0,Minimum Variance,Matched-Shrinkage Placebo,0.1,1.0148602621807736,-0.13454778413833224
2022-06-21,0.02206068786460777,0.0,0.0,0.02206068786460777,0,Minimum Variance,Matched-Shrinkage Placebo,0.1,1.0372487776509376,-0.11545531294247491
2022-06-22,0.0029929071930781476,0.0,0.0,0.0029929071930781476,0,Minimum Variance,Matched-Shrinkage Placebo,0.1,1.0403531669785806,-0.11280795278598132
2022-06-23,0.01296422888975029,0.0,0.0,0.01296422888975029,0,Minimum Variance,Matched-Shrinkage Placebo,0.1,1.0538405435614675,-0.10130619201673274
2022-06-24,0.014282803976109551,0.0,0.0,0.014282803976109551,0,Minimum Variance,Matched-Shrinkage Placebo,0.1,1.0688923414672327,-0.08847032452276427
2022-06-27,-0.0025243957323586867,0.0,0.0,-0.0025243957323586867,0,Minimum Variance,Matched-Shrinkage Placebo,0.1,1.066194034202082,-0.09077138614545732
2022-06-28,-0.00826864973717344,0.0,0.0,-0.00826864973717344,0,Minimum Variance,Matched-Shrinkage Placebo,0.1,1.0573780491814009,-0.0982894790844363
2022-06-29,0.0003351678217975113,0.0,0.0,0.0003351678217975113,0,Minimum Variance,Matched-Shrinkage Placebo,0.1,1.0577324482789616,-0.0979872547332491
2022-06-30,-0.007139158723018288,0.0,0.0,-0.007139158723018288,0,Minimum Variance,Matched-Shrinkage Placebo,0.1,1.0501811284442113,-0.10442686689189395
2022-07-01,0.015007395033469362,0.2852309977468039,0.0002852309977468039,0.014722164035722558,0,Minimum Variance,Matched-Shrinkage Placebo,0.1,1.0656420672843872,-0.09124209232029046
2022-07-05,-0.00451982056144014,0.0,0.0,-0.00451982056144014,0,Minimum Variance,Matched-Shrinkage Placebo,0.1,1.0608255563575395,-0.09534951499679256
2022-07-06,0.0017711754288692125,0.0,0.0,0.0017711754288692125,0,Minimum Variance,Matched-Shrinkage Placebo,0.1,1.0627044645172765,-0.09374722028604032
2022-07-07,0.0021369631216144533,0.0,0.0,0.0021369631216144533,0,Minimum Variance,Matched-Shrinkage Placebo,0.1,1.0649754247671248,-0.09181059151693105
2022-07-08,-0.002927468221447418,0.0,0.0,-0.002927468221447418,0,Minimum Variance,Matched-Shrinkage Placebo,0.1,1.0618577430544967,-0.09446928714932035
2022-07-11,0.0006376881314375479,0.0,0.0,0.0006376881314375479,0,Minimum Variance,Matched-Shrinkage Placebo,0.1,1.0625348771345176,-0.09389184096108327
2022-07-12,-0.005714791518911896,0.0,0.0,-0.005714791518911896,0,Minimum Variance,Matched-Shrinkage Placebo,0.1,1.056462711830121,-0.09907006018357578
2022-07-13,-0.001331460227582134,0.0,0.0,-0.001331460227582134,0,Minimum Variance,Matched-Shrinkage Placebo,0.1,1.0550560737473957,-0.10026961256627931
2022-07-14,-0.005016833780775521,0.0,0.0,-0.005016833780775521,0,Minimum Variance,Matched-Shrinkage Placebo,0.1,1.0497630327960075,-0.10478341036754701
2022-07-15,0.01033176807924565,0.0,0.0,0.01033176807924565,0,Minimum Variance,Matched-Shrinkage Placebo,0.1,1.0606089409890214,-0.09553424018277124
2022-07-18,-0.012557089914687937,0.0,0.0,-0.012557089914687937,0,Minimum Variance,Matched-Shrinkage Placebo,0.1,1.0472907791527002,-0.10689169805355281
2022-07-19,0.013376114000194951,0.0,0.0,0.013376114000194951,0,Minimum Variance,Matched-Shrinkage Placebo,0.1,1.0612994600059997,-0.09494537959219662
2022-07-20,-0.007371195288625276,0.0,0.0,-0.007371195288625276,0,Minimum Variance,Matched-Shrinkage Placebo,0.1,1.053476414426583,-0.10161671394609517
2022-07-21,0.0037908270726184274,0.0,0.0,0.0037908270726184274,0,Minimum Variance,Matched-Shrinkage Placebo,0.1,1.0574699613387561,-0.0982110982637342
2022-07-22,0.00023325768960736555,0.0,0.0,0.00023325768960736555,0,Minimum Variance,Matched-Shrinkage Placebo,0.1,1.0577166243387672,-0.0980007490680016
2022-07-25,-0.00288490900173841,0.0,0.0,-0.00288490900173841,0,Minimum Variance,Matched-Shrinkage Placebo,0.1,1.054665208127924,-0.10060293482657656
2022-07-26,-0.004026236170979876,0.0,0.0,-0.004026236170979876,0,Minimum Variance,Matched-Shrinkage Placebo,0.1,1.0504188769186853,-0.10422411982245094
2022-07-27,0.004363894547733605,0.0,0.0,0.004363894547733605,0,Minimum Variance,Matched-Shrinkage Placebo,0.1,1.0550027941285072,-0.1003150483429529
2022-07-28,0.007877725893346687,0.0,0.0,0.007877725893346687,0,Minimum Variance,Matched-Shrinkage Placebo,0.1,1.0633138169573664,-0.09322757690342987
2022-07-29,0.002888426626056015,0.0,0.0,0.002888426626056015,0,Minimum Variance,Matched-Shrinkage Placebo,0.1,1.0663851208981192,-0.09060843129278451
2022-08-01,-0.004878006325232851,0.12074910644195017,0.00012074910644195016,-0.004998755431674801,0,Minimum Variance,Matched-Shrinkage Placebo,0.1,1.0610545224827725,-0.09515425733637894
2022-08-02,-0.005105716100522721,0.0,0.0,-0.005105716100522721,0,Minimum Variance,Matched-Shrinkage Placebo,0.1,1.0556370793238,-0.09977414281318597
2022-08-03,0.013276408298954257,0.0,0.0,0.013276408298954257,0,Minimum Variance,Matched-Shrinkage Placebo,0.1,1.0696521482044183,-0.08782237677189764
2022-08-04,-0.00811951401000828,0.0,0.0,-0.00811951401000828,0,Minimum Variance,Matched-Shrinkage Placebo,0.1,1.0609670926012371,-0.09522881576331421
2022-08-05,-0.004223509091537193,0.0,0.0,-0.004223509091537193,0,Minimum Variance,Matched-Shrinkage Placebo,0.1,1.056486088439814,-0.09905012508569877
2022-08-08,0.004039874130756625,0.0,0.0,0.004039874130756625,0,Minimum Variance,Matched-Shrinkage Placebo,0.1,1.060754159258006,-0.0954104009929242
2022-08-09,0.0023111922806330013,0.0,0.0,0.0023111922806330013,0,Minimum Variance,Matched-Shrinkage Placebo,0.1,1.0632057660825325,-0.09331972049455817
2022-08-10,0.011086065551590423,0.0,0.0,0.011086065551590423,0,Minimum Variance,Matched-Shrinkage Placebo,0.1,1.0749925349001526,-0.08326820348162634
2022-08-11,-0.0011748213508979033,0.0,0.0,-0.0011748213508979033,0,Minimum Variance,Matched-Shrinkage Placebo,0.1,1.073729610718096,-0.08434519956922315
2022-08-12,0.01430329691312474,0.0,0.0,0.01430329691312474,0,Minimum Variance,Matched-Shrinkage Placebo,0.1,1.0890874841446108,-0.0712483170887338
2022-08-15,0.011487204678333458,0.0,0.0,0.011487204678333458,0,Minimum Variance,Matched-Shrinkage Placebo,0.1,1.101598054987591,-0.060579556411785584
2022-08-16,0.01273182216554037,0.0,0.0,0.01273182216554037,0,Minimum Variance,Matched-Shrinkage Placebo,0.1,1.115623405521598,-0.04861902238534743
2022-08-17,-0.005961010788222665,0.0,0.0,-0.005961010788222665,0,Minimum Variance,Matched-Shrinkage Placebo,0.1,1.1089731623656902,-0.0542902146566181
2022-08-18,-0.0021671614135662758,0.0,0.0,-0.0021671614135662758,0,Minimum Variance,Matched-Shrinkage Placebo,0.1,1.1065698385195306,-0.05633972041184643
2022-08-19,-0.00428931617517909,0.0,0.0,-0.00428931617517909,0,Minimum Variance,Matched-Shrinkage Placebo,0.1,1.1018234106122033,-0.06038737771295799
2022-08-22,-0.013901850333561738,0.0,0.0,-0.013901850333561738,0,Minimum Variance,Matched-Shrinkage Placebo,0.1,1.086506026463858,-0.07344973175951797
2022-08-23,-0.004861653786925443,0.0,0.0,-0.004861653786925443,0,Minimum Variance,Matched-Shrinkage Placebo,0.1,1.0812238103257825,-0.07795429837988621
2022-08-24,0.0002859362634272287,0.0,0.0,0.0002859362634272287,0,Minimum Variance,Matched-Shrinkage Placebo,0.1,1.0815329714220356,-0.07769065207725578
2022-08-25,0.00557432523113021,0.0,0.0,0.00557432523113021,0,Minimum Variance,Matched-Shrinkage Placebo,0.1,1.0875617879529327,-0.07254939980822284
2022-08-26,-0.01816527525664923,0.0,0.0,-0.01816527525664923,0,Minimum Variance,Matched-Shrinkage Placebo,0.1,1.067805928716154,-0.08939679524765098
2022-08-29,-0.0037498767540370187,0.0,0.0,-0.0037498767540370187,0,Minimum Variance,Matched-Shrinkage Placebo,0.1,1.0638017880862385,-0.09281144503730343
2022-08-30,-0.00861285886870043,0.0,0.0,-0.00861285886870043,0,Minimum Variance,Matched-Shrinkage Placebo,0.1,1.0546394134211805,-0.10062493202849743
2022-08-31,-0.0023770046923040147,0.0,0.0,-0.0023770046923040147,0,Minimum Variance,Matched-Shrinkage Placebo,0.1,1.0521325305867895,-0.10276275078520702
2022-09-01,0.011642688703468386,0.3251026152316151,0.00032510261523161513,0.011317586088236771,0,Minimum Variance,Matched-Shrinkage Placebo,0.1,1.06404013107794,-0.09260819097564588
2022-09-02,-0.009173539610989654,0.0,0.0,-0.009173539610989654,0,Minimum Variance,Matched-Shrinkage Placebo,0.1,1.0542791167878138,-0.10093218567841833
2022-09-06,-0.0024741606475375847,0.0,0.0,-0.0024741606475375847,0,Minimum Variance,Matched-Shrinkage Placebo,0.1,1.0516706608855368,-0.10315662388408031
2022-09-07,0.016760141608221306,0.0,0.0,0.016760141608221306,0,Minimum Variance,Matched-Shrinkage Placebo,0.1,1.06929681008719,-0.0881254018999823
2022-09-08,0.0023285202342419016,0.0,0.0,0.0023285202342419016,0,Minimum Variance,Matched-Shrinkage Placebo,0.1,1.0717866893458883,-0.08600208344721527
2022-09-09,0.009052756279021417,0.0,0.0,0.009052756279021417,0,Minimum Variance,Matched-Shrinkage Placebo,0.1,1.081489313027636,-0.07772788306912948
2022-09-12,0.0085002908395096,0.0,0.0,0.0085002908395096,0,Minimum Variance,Matched-Shrinkage Placebo,0.1,1.0906822867281922,-0.06988830184204686
2022-09-13,-0.029910237597351612,0.0,0.0,-0.029910237597351612,0,Minimum Variance,Matched-Shrinkage Placebo,0.1,1.0580597203889293,-0.09770816372602742
2022-09-14,0.006564240636803352,0.0,0.0,0.006564240636803352,0,Minimum Variance,Matched-Shrinkage Placebo,0.1,1.0650050790016712,-0.09178530298810184
2022-09-15,-0.01099864806363156,0.0,0.0,-0.01099864806363156,0,Minimum Variance,Matched-Shrinkage Placebo,0.1,1.0532914629517516,-0.10177443680675358
2022-09-16,0.0006016875978030299,0.0,0.0,0.0006016875978030299,0,Minimum Variance,Matched-Shrinkage Placebo,0.1,1.0539252153618814,-0.10123398562535058
2022-09-19,0.0038086689708585054,0.0,0.0,0.0038086689708585054,0,Minimum Variance,Matched-Shrinkage Placebo,0.1,1.0579392676272357,-0.09781088339433963
2022-09-20,-0.013306423715090481,0.0,0.0,-0.013306423715090481,0,Minimum Variance,Matched-Shrinkage Placebo,0.1,1.043861879467355,-0.1098157940510377
2022-09-21,-0.012883786843369388,0.0,0.0,-0.012883786843369388,0,Minimum Variance,Matched-Shrinkage Placebo,0.1,1.0304129855183788,-0.12128473761181813
2022-09-22,0.0032211362935010766,0.0,0.0,0.0032211362935010766,0,Minimum Variance,Matched-Shrinkage Placebo,0.1,1.0337320861833268,-0.11845427598848635
2022-09-23,-0.01681404572477928,0.0,0.0,-0.01681404572477928,0,Minimum Variance,Matched-Shrinkage Placebo,0.1,1.016350867619069,-0.1332766261004995
2022-09-26,-0.01112175012958011,0.0,0.0,-0.01112175012958011,0,Minimum Variance,Matched-Shrinkage Placebo,0.1,1.0050472672254276,-0.1429161068964765
2022-09-27,-0.006232297709294827,0.0,0.0,-0.006232297709294827,0,Minimum Variance,Matched-Shrinkage Placebo,0.1,0.9987835134441656,-0.148257708880139
2022-09-28,0.021981420713297273,0.0,0.0,0.021981420713297273,0,Minimum Variance,Matched-Shrinkage Placebo,0.1,1.0207381940546871,-0.12953520323972545
2022-09-29,-0.01690012970351043,0.0,0.0,-0.01690012970351043,0,Minimum Variance,Matched-Shrinkage Placebo,0.1,1.003487586181836,-0.14424617120731398
2022-09-30,-0.01678070559155112,0.0,0.0,-0.01678070559155112,0,Minimum Variance,Matched-Shrinkage Placebo,0.1,0.9866483564333424,-0.15860632426712662
2022-10-03,0.025925404767194935,0.40163478438287104,0.00040163478438287104,0.025523769982812063,0,Minimum Variance,Matched-Shrinkage Placebo,0.1,1.0118313421368665,-0.13713078562272796
2022-10-04,0.021088727209614234,0.0,0.0,0.021088727209614234,0,Minimum Variance,Matched-Shrinkage Placebo,0.1,1.033169577293329,-0.11893397214315138
2022-10-05,-0.004194825359652661,0.0,0.0,-0.004194825359652661,0,Minimum Variance,Matched-Shrinkage Placebo,0.1,1.0288356113496773,-0.12262989026033377
2022-10-06,-0.007865491353538166,0.0,0.0,-0.007865491353538166,0,Minimum Variance,Matched-Shrinkage Placebo,0.1,1.0207433137443942,-0.12953083727234393
2022-10-07,-0.013982645223612682,0.0,0.0,-0.013982645223612682,0,Minimum Variance,Matched-Shrinkage Placebo,0.1,1.0064706221239315,-0.14170229875286
2022-10-10,0.001079489483609294,0.0,0.0,0.001079489483609294,0,Minimum Variance,Matched-Shrinkage Placebo,0.1,1.0075570965760758,-0.14077577541055775
2022-10-11,0.015355198928680468,0.0,0.0,0.015355198928680468,0,Minimum Variance,Matched-Shrinkage Placebo,0.1,1.023028336226005,-0.12758221651764579
2022-10-12,-0.0047583890231795165,0.0,0.0,-0.0047583890231795165,0,Minimum Variance,Matched-Shrinkage Placebo,0.1,1.0181603694205057,-0.13173351972219483
2022-10-13,0.019222172465515965,0.0,0.0,0.019222172465515965,0,Minimum Variance,Matched-Shrinkage Placebo,0.1,1.0377316236390601,-0.11504355169226832
2022-10-14,-0.012057399355325838,0.0,0.0,-0.012057399355325838,0,Minimum Variance,Matched-Shrinkage Placebo,0.1,1.0252192790291934,-0.12571382500158523
2022-10-17,0.012217414799787402,0.0,0.0,0.012217414799787402,0,Minimum Variance,Matched-Shrinkage Placebo,0.1,1.037744808221832,-0.11503230814791021
2022-10-18,0.010826078446273224,0.0,0.0,0.010826078446273224,0,Minimum Variance,Matched-Shrinkage Placebo,0.1,1.0489795149228542,-0.10545157849350217
2022-10-19,-0.007405769522946911,0.0,0.0,-0.007405769522946911,0,Minimum Variance,Matched-Shrinkage Placebo,0.1,1.041211014401043,-0.11207639793029522
2022-10-20,-0.0027445614039777366,0.0,0.0,-0.0027445614039777366,0,Minimum Variance,Matched-Shrinkage Placebo,0.1,1.0383533468375212,-0.11451335877821667
2022-10-21,0.01999054640377745,0.0,0.0,0.01999054640377745,0,Minimum Variance,Matched-Shrinkage Placebo,0.1,1.0591105976009945,-0.09681199698694753
2022-10-24,0.017386721749185787,0.0,0.0,0.017386721749185787,0,Minimum Variance,Matched-Shrinkage Placebo,0.1,1.077525058863097,-0.0811085184913567
2022-10-25,0.008910943833897792,0.0,0.0,0.008910943833897792,0,Minimum Variance,Matched-Shrinkage Placebo,0.1,1.0871268241422436,-0.0729203281101859
2022-10-26,0.012029339756050117,0.0,0.0,0.012029339756050117,0,Minimum Variance,Matched-Shrinkage Placebo,0.1,1.1002042420677662,-0.061768171756095946
2022-10-27,0.0015223426506413501,0.0,0.0,0.0015223426506413501,0,Minimum Variance,Matched-Shrinkage Placebo,0.1,1.1018791299098827,-0.060339861427770924
2022-10-28,0.022628217881364463,0.0,0.0,0.022628217881364463,0,Minimum Variance,Matched-Shrinkage Placebo,0.1,1.1268126909404117,-0.039077027077725535
2022-10-31,-0.007262227714441613,0.0,0.0,-0.007262227714441613,0,Minimum Variance,Matched-Shrinkage Placebo,0.1,1.1186295205872796,-0.046055468523125365
2022-11-01,-0.001157651548634946,0.2903342774759027,0.00029033427747590266,-0.0014479858261108487,0,Minimum Variance,Matched-Shrinkage Placebo,0.1,1.1170097608968002,-0.04743676668359975
2022-11-02,-0.011155166573632372,0.0,0.0,-0.011155166573632372,0,Minimum Variance,Matched-Shrinkage Placebo,0.1,1.104549330949623,-0.05806276822316203
2022-11-03,-0.00473352531522424,0.0,0.0,-0.00473352531522424,0,Minimum Variance,Matched-Shrinkage Placebo,0.1,1.099320918729659,-0.06252145195512993
2022-11-04,0.014404044834514584,0.0,0.0,0.014404044834514584,0,Minimum Variance,Matched-Shrinkage Placebo,0.1,1.115155586530561,-0.04901796891769594
2022-11-07,0.013512411610745137,0.0,0.0,0.013512411610745137,0,Minimum Variance,Matched-Shrinkage Placebo,0.1,1.1302240278257838,-0.036167908279289396
2022-11-08,0.009982738669042554,0.0,0.0,0.009982738669042554,0,Minimum Variance,Matched-Shrinkage Placebo,0.1,1.1415067589330412,-0.026546224386804873
2022-11-09,-0.01215364132638852,0.0,0.0,-0.01215364132638852,0,Minimum Variance,Matched-Shrinkage Placebo,0.1,1.1276332952133208,-0.03837723242342639
2022-11-10,0.02248656534546084,0.0,0.0,0.02248656534546084,0,Minimum Variance,Matched-Shrinkage Placebo,0.1,1.1529898949918524,-0.016753639222632843
2022-11-11,-0.004094714181339306,0.0,0.0,-0.004094714181339306,0,Minimum Variance,Matched-Shrinkage Placebo,0.1,1.1482687309178883,-0.020779752039858268
2022-11-14,-0.0028556046489606195,0.0,0.0,-0.0028556046489606195,0,Minimum Variance,Matched-Shrinkage Placebo,0.1,1.1449897293916231,-0.023576017932289584
2022-11-15,0.007186603913122223,0.0,0.0,0.007186603913122223,0,Minimum Variance,Matched-Shrinkage Placebo,0.1,1.153218317061354,-0.016558845521895238
2022-11-16,-0.0009244293065484564,0.0,0.0,-0.0009244293065484564,0,Minimum Variance,Matched-Shrinkage Placebo,0.1,1.152152248252214,-0.01746796734636058
2022-11-17,0.00425215168436806,0.0,0.0,0.00425215168436806,0,Minimum Variance,Matched-Shrinkage Placebo,0.1,1.1570513743752682,-0.013290092108766749
2022-11-18,0.008352188389190374,0.0,0.0,0.008352188389190374,0,Minimum Variance,Matched-Shrinkage Placebo,0.1,1.166715285430022,-0.005048905072578491
2022-11-21,0.0035917749965820004,0.0,0.0,0.0035917749965820004,0,Minimum Variance,Matched-Shrinkage Placebo,0.1,1.1709058642203596,-0.0014752646069963182
2022-11-22,0.009204127253964208,0.0,0.0,0.009204127253964208,0,Minimum Variance,Matched-Shrinkage Placebo,0.1,1.1816830307970567,0.0
2022-11-23,-0.001012835654875248,0.0,0.0,-0.001012835654875248,0,Minimum Variance,Matched-Shrinkage Placebo,0.1,1.1804861800907045,-0.0010128356548751993
2022-11-25,0.0006631948559277528,0.0,0.0,0.0006631948559277528,0,Minimum Variance,Matched-Shrinkage Placebo,0.1,1.1812690724528343,-0.000350312506343764
2022-11-28,-0.010342583138700892,0.0,0.0,-0.010342583138700892,0,Minimum Variance,Matched-Shrinkage Placebo,0.1,1.169051698861815,-0.010689272508823122
2022-11-29,0.0030936213356161173,0.0,0.0,0.0030936213356161173,0,Minimum Variance,Matched-Shrinkage Placebo,0.1,1.172668302139852,-0.007628719734702583
2022-11-30,0.01728720825434307,0.0,0.0,0.01728720825434307,0,Minimum Variance,Matched-Shrinkage Placebo,0.1,1.1929404632922107,0.0
2022-12-01,0.0009756542152089887,0.3266105979310809,0.0003266105979310809,0.0006490436172779078,0,Minimum Variance,Matched-Shrinkage Placebo,0.1,1.193714733685703,0.0
2022-12-02,0.0028511566138728827,0.0,0.0,0.0028511566138728827,0,Minimum Variance,Matched-Shrinkage Placebo,0.1,1.1971182013437285,0.0
2022-12-05,-0.00818443379169762,0.0,0.0,-0.00818443379169762,0,Minimum Variance,Matched-Shrinkage Placebo,0.1,1.1873204666839945,-0.008184433791697754
2022-12-06,-0.01097877587300152,0.0,0.0,-0.01097877587300152,0,Minimum Variance,Matched-Shrinkage Placebo,0.1,1.1742851413908433,-0.019073354600452785
2022-12-07,0.0031286480679011733,0.0,0.0,0.0031286480679011733,0,Minimum Variance,Matched-Shrinkage Placebo,0.1,1.1779590663296207,-0.016004380346570812
2022-12-08,0.004350863289283835,0.0,0.0,0.004350863289283835,0,Minimum Variance,Matched-Shrinkage Placebo,0.1,1.1830842051875934,-0.011723149928204557
2022-12-09,-0.016318265765709224,0.0,0.0,-0.016318265765709224,0,Minimum Variance,Matched-Shrinkage Placebo,0.1,1.1637783227041294,-0.027850114217774058
2022-12-12,0.006224223146346831,0.0,0.0,0.006224223146346831,0,Minimum Variance,Matched-Shrinkage Placebo,0.1,1.1710219386775211,-0.0217992363969699
2022-12-13,0.0037843766992184153,0.0,0.0,0.0037843766992184153,0,Minimum Variance,Matched-Shrinkage Placebo,0.1,1.175453526816526,-0.018097356220032834
2022-12-14,0.00012600575246209976,0.0,0.0,0.00012600575246209976,0,Minimum Variance,Matched-Shrinkage Placebo,0.1,1.1756016407226568,-0.01797363083855874
2022-12-15,-0.015575851397744278,0.0,0.0,-0.015575851397744278,0,Minimum Variance,Matched-Shrinkage Placebo,0.1,1.1572906442638162,-0.033269527633283835
2022-12-16,-0.005738476014616399,0.0,0.0,-0.005738476014616399,0,Minimum Variance,Matched-Shrinkage Placebo,0.1,1.1506495596597683,-0.03881708726155908
2022-12-19,-0.0013353473001062905,0.0,0.0,-0.0013353473001062905,0,Minimum Variance,Matched-Shrinkage Placebo,0.1,1.149113042876908,-0.04010060026899276
2022-12-20,0.0011398273628508793,0.0,0.0,0.0011398273628508793,0,Minimum Variance,Matched-Shrinkage Placebo,0.1,1.1504228333661881,-0.039006480667595156
2022-12-21,0.011564879177888785,0.0,0.0,0.011564879177888785,0,Minimum Variance,Matched-Shrinkage Placebo,0.1,1.1637273344375527,-0.02789270672578159
2022-12-22,-0.004795514259130788,0.0,0.0,-0.004795514259130788,0,Minimum Variance,Matched-Shrinkage Placebo,0.1,1.1581466634115172,-0.032554461112083155
2022-12-23,0.00472753266267968,0.0,0.0,0.00472753266267968,0,Minimum Variance,Matched-Shrinkage Placebo,0.1,1.1636218395909685,-0.027980830727626804
2022-12-27,0.0013279069260100419,0.0,0.0,0.0013279069260100419,0,Minimum Variance,Matched-Shrinkage Placebo,0.1,1.165167021091018,-0.02669007974053539
2022-12-28,-0.01012721626673239,0.0,0.0,-0.01012721626673239,0,Minimum Variance,Matched-Shrinkage Placebo,0.1,1.153367122681565,-0.03654699979755904
2022-12-29,0.00645838751369626,0.0,0.0,0.00645838751369626,0,Minimum Variance,Matched-Shrinkage Placebo,0.1,1.1608160145053994,-0.030324646971018443
2022-12-30,0.0001631196891163851,0.0,0.0,0.0001631196891163851,0,Minimum Variance,Matched-Shrinkage Placebo,0.1,1.1610053664528068,-0.030166473828888485
2023-01-03,0.00033034548330661924,0.12555205356380586,0.00012555205356380586,0.00020479342974281337,0,Minimum Variance,Matched-Shrinkage Placebo,0.1,1.1612431327237527,-0.02996785829478421
2023-01-04,0.008530654449271601,0.0,0.0,0.008530654449271601,0,Minimum Variance,Matched-Shrinkage Placebo,0.1,1.1711492966206087,-0.021692849289210114
2023-01-05,0.0016402931592052407,0.0,0.0,0.0016402931592052407,0,Minimum Variance,Matched-Shrinkage Placebo,0.1,1.1730703248002636,-0.020088138762297536
2023-01-06,0.015021473058372429,0.0,0.0,0.015021473058372429,0,Minimum Variance,Matched-Shrinkage Placebo,0.1,1.190691569079827,-0.005368419139135772
2023-01-09,-0.01647767053317949,0.0,0.0,-0.01647767053317949,0,Minimum Variance,Matched-Shrinkage Placebo,0.1,1.171071745697895,-0.02175763063045666
2023-01-10,0.002003912736655068,0.0,0.0,0.002003912736655068,0,Minimum Variance,Matched-Shrinkage Placebo,0.1,1.1734184712846358,-0.019797318286941423
2023-01-11,0.0029334413863399507,0.0,0.0,0.0029334413863399507,0,Minimum Variance,Matched-Shrinkage Placebo,0.1,1.176860625591798,-0.016921951173403005
2023-01-12,-0.0024514991384559015,0.0,0.0,-0.0024514991384559015,0,Minimum Variance,Matched-Shrinkage Placebo,0.1,1.173975552782077,-0.01933196616313626
2023-01-13,0.0023913480305530806,0.0,0.0,0.0023913480305530806,0,Minimum Variance,Matched-Shrinkage Placebo,0.1,1.17678293690814,-0.01698684759179403
2023-01-17,-0.0064155607005400555,0.0,0.0,-0.0064155607005400555,0,Minimum Variance,Matched-Shrinkage Placebo,0.1,1.169233214545046,-0.023293428140498174
2023-01-18,-0.017398964752209943,0.0,0.0,-0.017398964752209943,0,Minimum Variance,Matched-Shrinkage Placebo,0.1,1.1488897670580636,-0.04028711135753349
2023-01-19,-0.0015158673171525258,0.0,0.0,-0.0015158673171525258,0,Minimum Variance,Matched-Shrinkage Placebo,0.1,1.1471482026091693,-0.041741908759276636
2023-01-20,0.008687452994577387,0.0,0.0,0.008687452994577387,0,Minimum Variance,Matched-Shrinkage Placebo,0.1,1.1571139986971504,-0.033417086634949356
2023-01-23,0.002688074577456016,0.0,0.0,0.002688074577456016,0,Minimum Variance,Matched-Shrinkage Placebo,0.1,1.1602244074202666,-0.030818839678529497
2023-01-24,-0.002578273469214306,0.0,0.0,-0.002578273469214306,0,Minimum Variance,Matched-Shrinkage Placebo,0.1,1.1572330316122799,-0.03331765375104878
2023-01-25,-0.0017267332825048208,0.0,0.0,-0.0017267332825048208,0,Minimum Variance,Matched-Shrinkage Placebo,0.1,1.155234798820981,-0.03498685633192666
2023-01-26,6.67046732510228e-05,0.0,0.0,6.67046732510228e-05,0,Minimum Variance,Matched-Shrinkage Placebo,0.1,1.1553118583807644,-0.03492248544549548
2023-01-27,-0.006021761535783749,0.0,0.0,-0.006021761535783749,0,Minimum Variance,Matched-Shrinkage Placebo,0.1,1.1483548458701323,-0.04073395210168962
2023-01-30,-0.0037003932321270513,0.0,0.0,-0.0037003932321270513,0,Minimum Variance,Matched-Shrinkage Placebo,0.1,1.1441054813703941,-0.04428361369314171
2023-01-31,0.0076962630681798915,0.0,0.0,0.0076962630681798915,0,Minimum Variance,Matched-Shrinkage Placebo,0.1,1.1529108181327672,-0.036928168965553954
2023-02-01,-0.018952085951596486,0.18155197874432344,0.00018155197874432345,-0.01913363793034081,0,Minimum Variance,Matched-Shrinkage Placebo,0.1,1.1308514399726417,-0.05535523668147757
2023-02-02,-0.011675687310698702,0.0,0.0,-0.011675687310698702,0,Minimum Variance,Matched-Shrinkage Placebo,0.1,1.1176479721646677,-0.06638461355767367
2023-02-03,-0.009525446295285058,0.0,0.0,-0.009525446295285058,0,Minimum Variance,Matched-Shrinkage Placebo,0.1,1.107001876428779,-0.07527771678168171
2023-02-06,-0.0014934833980964543,0.0,0.0,-0.0014934833980964543,0,Minimum Variance,Matched-Shrinkage Placebo,0.1,1.1053485875046711,-0.07665877415951805
2023-02-07,0.008631197405459952,0.0,0.0,0.008631197405459952,0,Minimum Variance,Matched-Shrinkage Placebo,0.1,1.1148890693652704,-0.06868923376668934
2023-02-08,-0.007585105321180434,0.0,0.0,-0.007585105321180434,0,Minimum Variance,Matched-Shrinkage Placebo,0.1,1.106432518352702,-0.07575332401531831
2023-02-09,-0.0017301768544424044,0.0,0.0,-0.0017301768544424044,0,Minimum Variance,Matched-Shrinkage Placebo,0.1,1.1045181944184457,-0.0773524342219023
2023-02-10,0.012089841462637838,0.0,0.0,0.012089841462637838,0,Minimum Variance,Matched-Shrinkage Placebo,0.1,1.1178716442815637,-0.06619777142575645
2023-02-13,0.007841499888225524,0.0,0.0,0.007841499888225524,0,Minimum Variance,Matched-Shrinkage Placebo,0.1,1.126637434655248,-0.0588753613547669
2023-02-14,-0.006872962686870887,0.0,0.0,-0.006872962686870887,0,Minimum Variance,Matched-Shrinkage Placebo,0.1,1.1188940976052304,-0.06534367587987044
2023-02-15,-0.00014958248287862415,0.0,0.0,-0.00014958248287862415,0,Minimum Variance,Matched-Shrinkage Placebo,0.1,1.1187267306480324,-0.06548348409347049
2023-02-16,-0.01288144552025741,0.0,0.0,-0.01288144552025741,0,Minimum Variance,Matched-Shrinkage Placebo,0.1,1.1043159132151341,-0.07752140768090121
2023-02-17,0.013172356213906125,0.0,0.0,0.013172356213906125,0,Minimum Variance,Matched-Shrinkage Placebo,0.1,1.1188623557966888,-0.06537019106317143
2023-02-21,-0.00474640876335508,0.0,0.0,-0.00474640876335508,0,Minimum Variance,Matched-Shrinkage Placebo,0.1,1.1135517777061472,-0.06980632617880211
2023-02-22,-0.0043677855452223715,0.0,0.0,-0.0043677855452223715,0,Minimum Variance,Matched-Shrinkage Placebo,0.1,1.1086880223476256,-0.07386921266157565
2023-02-23,0.002481030584198562,0.0,0.0,0.002481030584198562,0,Minimum Variance,Matched-Shrinkage Placebo,0.1,1.1114387112394046,-0.07157145385322117
2023-02-24,-0.006910778028874666,0.0,0.0,-0.006910778028874666,0,Minimum Variance,Matched-Shrinkage Placebo,0.1,1.1037578050133305,-0.07798761745131244
2023-02-27,0.00023323405887253247,0.0,0.0,0.00023323405887253247,0,Minimum Variance,Matched-Shrinkage Placebo,0.1,1.104015238926206,-0.07777257276100003
2023-02-28,-0.010300302282202826,0.0,0.0,-0.010300302282202826,0,Minimum Variance,Matched-Shrinkage Placebo,0.1,1.0926435482411077,-0.08727179403449992
2023-03-01,8.348423591899276e-05,0.21173107817318962,0.00021173107817318962,-0.00012824684225419688,0,Minimum Variance,Matched-Shrinkage Placebo,0.1,1.0925034201563364,-0.08738884854475126
2023-03-02,0.0060614706287026076,0.0,0.0,0.0060614706287026076,0,Minimum Variance,Matched-Shrinkage Placebo,0.1,1.099125597549371,-0.08185708285477888
2023-03-03,0.003927354607431734,0.0,0.0,0.003927354607431734,0,Minimum Variance,Matched-Shrinkage Placebo,0.1,1.1034422535290527,-0.07825121003884783
2023-03-06,0.00945523042065287,0.0,0.0,0.00945523042065287,0,Minimum Variance,Matched-Shrinkage Placebo,0.1,1.1138755542920542,-0.06953586283980728
2023-03-07,-0.010774004228780774,0.0,0.0,-0.010774004228780774,0,Minimum Variance,Matched-Shrinkage Placebo,0.1,1.1018746543597762,-0.07956068738830002
2023-03-08,-0.006478018567652812,0.0,0.0,-0.006478018567652812,0,Minimum Variance,Matched-Shrinkage Placebo,0.1,1.0947366898896074,-0.0855233103457963
2023-03-09,-0.011507449432012366,0.0,0.0,-0.011507449432012366,0,Minimum Variance,Matched-Shrinkage Placebo,0.1,1.0821390627893341,-0.09604660460874603
2023-03-10,-0.0033671552465510428,0.0,0.0,-0.0033671552465510428,0,Minimum Variance,Matched-Shrinkage Placebo,0.1,1.0784953325665652,-0.09909035602667537
2023-03-13,0.006105734510780937,0.0,0.0,0.006105734510780937,0,Minimum Variance,Matched-Shrinkage Placebo,0.1,1.085080338738333,-0.0935896409223721
2023-03-14,0.007092572717356924,0.0,0.0,0.007092572717356924,0,Minimum Variance,Matched-Shrinkage Placebo,0.1,1.092776349945009,-0.08716085953884833
2023-03-15,0.004423563635961842,0.0,0.0,0.004423563635961842,0,Minimum Variance,Matched-Shrinkage Placebo,0.1,1.0976103156688648,-0.08312285751162174
2023-03-16,0.0014328432247528743,0.0,0.0,0.0014328432247528743,0,Minimum Variance,Matched-Shrinkage Placebo,0.1,1.0991830191730898,-0.08180911631007648
2023-03-17,-0.013422200154564102,0.0,0.0,-0.013422200154564102,0,Minimum Variance,Matched-Shrinkage Placebo,0.1,1.0844295646832505,-0.09413325813105877
2023-03-20,0.013317566003198916,0.0,0.0,0.013317566003198916,0,Minimum Variance,Matched-Shrinkage Placebo,0.1,1.09887152698674,-0.08206931800611639
2023-03-21,-0.0015714579047958798,0.0,0.0,-0.0015714579047958798,0,Minimum Variance,Matched-Shrinkage Placebo,0.1,1.0971446966393015,-0.0835118074323904
2023-03-22,-0.014849387458343745,0.0,0.0,-0.014849387458343745,0,Minimum Variance,Matched-Shrinkage Placebo,0.1,1.0808527699410375,-0.09712109570482397
2023-03-23,0.005362643752584768,0.0,0.0,0.005362643752584768,0,Minimum Variance,Matched-Shrinkage Placebo,0.1,1.0866489982952257,-0.09227927778936496
2023-03-24,0.016329616158732276,0.0,0.0,0.016329616158732276,0,Minimum Variance,Matched-Shrinkage Placebo,0.1,1.1043935593366576,-0.07745654681633807
2023-03-27,0.005448419263698201,0.0,0.0,0.005448419263698201,0,Minimum Variance,Matched-Shrinkage Placebo,0.1,1.1104107584800516,-0.07243014329441355
2023-03-28,-0.0010800756249867746,0.0,0.0,-0.0010800756249867746,0,Minimum Variance,Matched-Shrinkage Placebo,0.1,1.109211430886094,-0.07343198888711389
2023-03-29,0.006633535304634253,0.0,0.0,0.006633535304634253,0,Minimum Variance,Matched-Shrinkage Placebo,0.1,1.116569424073181,-0.06728556727325175
2023-03-30,0.004705693848551627,0.0,0.0,0.004705693848551627,0,Minimum Variance,Matched-Shrinkage Placebo,0.1,1.121823657943523,-0.06289649870471403
2023-03-31,0.006933707181129456,0.0,0.0,0.006933707181129456,0,Minimum Variance,Matched-Shrinkage Placebo,0.1,1.129602054696567,-0.05639889742832127
2023-04-03,0.010740898023375153,0.20260593695774004,0.00020260593695774003,0.010538292086417413,0,Minimum Variance,Matched-Shrinkage Placebo,0.1,1.1415061310903767,-0.046454953396355525
2023-04-04,0.00577956093110083,0.0,0.0,0.00577956093110083,0,Minimum Variance,Matched-Shrinkage Placebo,0.1,1.1481035353282387,-0.04094388169896035
2023-04-05,0.015222192823761506,0.0,0.0,0.015222192823761506,0,Minimum Variance,Matched-Shrinkage Placebo,0.1,1.1655801887246473,-0.026344944537373793
2023-04-06,0.00014045218691062262,0.0,0.0,0.00014045218691062262,0,Minimum Variance,Matched-Shrinkage Placebo,0.1,1.1657438970111733,-0.026208192555537524
2023-04-10,-0.0013593606112123945,0.0,0.0,-0.0013593606112123945,0,Minimum Variance,Matched-Shrinkage Placebo,0.1,1.164159230674815,-0.027531926782098926
2023-04-11,-0.0005327031291508759,0.0,0.0,-0.0005327031291508759,0,Minimum Variance,Matched-Shrinkage Placebo,0.1,1.1635390794098046,-0.028049963567701397
2023-04-12,0.0009999667332011336,0.0,0.0,0.0009999667332011336,0,Minimum Variance,Matched-Shrinkage Placebo,0.1,1.164702579781994,-0.02707804586493534
2023-04-13,0.009239552457210759,0.0,0.0,0.009239552457210759,0,Minimum Variance,Matched-Shrinkage Placebo,0.1,1.1754639103649387,-0.018088682432932268
2023-04-14,-0.0043234969812001095,0.0,0.0,-0.0043234969812001095,0,Minimum Variance,Matched-Shrinkage Placebo,0.1,1.1703817956969662,-0.022333973050239764
2023-04-17,0.00025269298556665633,0.0,0.0,0.00025269298556665633,0,Minimum Variance,Matched-Shrinkage Placebo,0.1,1.1706775429671736,-0.022086923703002803
2023-04-18,-0.0019746476226048496,0.0,0.0,-0.0019746476226048496,0,Minimum Variance,Matched-Shrinkage Placebo,0.1,1.1683658673401167,-0.024017957434226744
2023-04-19,-0.0006275699338052902,0.0,0.0,-0.0006275699338052902,0,Minimum Variance,Matched-Shrinkage Placebo,0.1,1.1676326360500897,-0.024630454420074943
2023-04-20,-0.0053017765485379766,0.0,0.0,-0.0053017765485379766,0,Minimum Variance,Matched-Shrinkage Placebo,0.1,1.1614421087229716,-0.02980164580298883
2023-04-21,0.005649477342586843,0.0,0.0,0.005649477342586843,0,Minimum Variance,Matched-Shrinkage Placebo,0.1,1.1680036496009283,-0.02432053218313779
2023-04-24,0.0017041710774716534,0.0,0.0,0.0017041710774716534,0,Minimum Variance,Matched-Shrinkage Placebo,0.1,1.1699941276389596,-0.02265780745320134
2023-04-25,-0.00020310481652643418,0.0,0.0,-0.00020310481652643418,0,Minimum Variance,Matched-Shrinkage Placebo,0.1,1.1697564961963285,-0.0228563103599021
2023-04-26,-0.01968308898658776,0.0,0.0,-0.01968308898658776,0,Minimum Variance,Matched-Shrinkage Placebo,0.1,1.146732074989057,-0.042089516555770756
2023-04-27,0.005371469454977399,0.0,0.0,0.005371469454977399,0,Minimum Variance,Matched-Shrinkage Placebo,0.1,1.1528917113029036,-0.03694412965334759
2023-04-28,0.0036805872941709237,0.0,0.0,0.0036805872941709237,0,Minimum Variance,Matched-Shrinkage Placebo,0.1,1.1571350298870802,-0.033399518453372745
2023-05-01,0.0010699545779946718,0.23212692952363015,0.00023212692952363017,0.0008378276484710416,0,Minimum Variance,Matched-Shrinkage Placebo,0.1,1.158104509608134,-0.03258967384490763
2023-05-02,-0.007568273397165678,0.0,0.0,-0.007568273397165678,0,Minimum Variance,Matched-Shrinkage Placebo,0.1,1.149339658056929,-0.039911299680490564
2023-05-03,-0.009105348586032073,0.0,0.0,-0.009105348586032073,0,Minimum Variance,Matched-Shrinkage Placebo,0.1,1.1388745198265697,-0.04865324197041032
2023-05-04,0.0007773324952636928,0.0,0.0,0.0007773324952636928,0,Minimum Variance,Matched-Shrinkage Placebo,0.1,1.1397598039988588,-0.04791372922113013
2023-05-05,0.011095487802509674,0.0,0.0,0.011095487802509674,0,Minimum Variance,Matched-Shrinkage Placebo,0.1,1.1524059950019188,-0.0373498676167664
2023-05-08,-0.00029581398404598513,0.0,0.0,-0.00029581398404598513,0,Minimum Variance,Matched-Shrinkage Placebo,0.1,1.1520650971932989,-0.037634632987669
2023-05-09,-0.004613457939300697,0.0,0.0,-0.004613457939300697,0,Minimum Variance,Matched-Shrinkage Placebo,0.1,1.1467500933240613,-0.042074465130619965
2023-05-10,-0.0005419592276615036,0.0,0.0,-0.0005419592276615036,0,Minimum Variance,Matched-Shrinkage Placebo,0.1,1.1461286015291625,-0.042593621713655105
2023-05-11,-0.001664382193524951,0.0,0.0,-0.001664382193524951,0,Minimum Variance,Matched-Shrinkage Placebo,0.1,1.1442210054932878,-0.044187111841642035
2023-05-12,0.0014213875312224517,0.0,0.0,0.0014213875312224517,0,Minimum Variance,Matched-Shrinkage Placebo,0.1,1.145847386963459,-0.0428285313202319
2023-05-15,-0.0028773437501895044,0.0,0.0,-0.0028773437501895044,0,Minimum Variance,Matched-Shrinkage Placebo,0.1,1.1425503901459086,-0.04558264266349732
2023-05-16,-0.01511348721384967,0.0,0.0,-0.01511348721384967,0,Minimum Variance,Matched-Shrinkage Placebo,0.1,1.1252824694332595,-0.060007217190278794
2023-05-17,-0.0011842975115948957,0.0,0.0,-0.0011842975115948957,0,Minimum Variance,Matched-Shrinkage Placebo,0.1,1.1239498002048682,-0.06112044830387753
2023-05-18,0.0008706663544229662,0.0,0.0,0.0008706663544229662,0,Minimum Variance,Matched-Shrinkage Placebo,0.1,1.124928385479967,-0.06030299746736012
2023-05-19,0.00019826761655597751,0.0,0.0,0.00019826761655597751,0,Minimum Variance,Matched-Shrinkage Placebo,0.1,1.1251514223497523,-0.06011668598238307
2023-05-22,-0.005845586548719986,0.0,0.0,-0.005845586548719986,0,Minimum Variance,Matched-Shrinkage Placebo,0.1,1.1185742523299913,-0.06561085524017096
2023-05-23,-0.0031391667872734306,0.0,0.0,-0.0031391667872734306,0,Minimum Variance,Matched-Shrinkage Placebo,0.1,1.1150628611879778,-0.06854405860978985
2023-05-24,-0.006723745112075175,0.0,0.0,-0.006723745112075175,0,Minimum Variance,Matched-Shrinkage Placebo,0.1,1.1075654627254086,-0.07480693094282564
2023-05-25,-0.012627256013583204,0.0,0.0,-0.012627256013583204,0,Minimum Variance,Matched-Shrinkage Placebo,0.1,1.0935799500757721,-0.08648958068780332
2023-05-26,-0.0007936179534704697,0.0,0.0,-0.0007936179534704697,0,Minimum Variance,Matched-Shrinkage Placebo,0.1,1.0927120653938367,-0.08721455895725172
2023-05-30,-0.0034981001628445487,0.0,0.0,-0.0034981001628445487,0,Minimum Variance,Matched-Shrinkage Placebo,0.1,1.0888896491399402,-0.09040757385720555
2023-05-31,0.0067392803959028975,0.0,0.0,0.0067392803959028975,0,Minimum Variance,Matched-Shrinkage Placebo,0.1,1.0962279818056908,-0.08427757545143955
2023-06-01,-0.0011538685528260676,0.3998384443587447,0.00039983844435874475,-0.0015537069971848123,0,Minimum Variance,Matched-Shrinkage Placebo,0.1,1.0945247647198495,-0.08570033978993974
2023-06-02,0.01254670930675169,0.0,0.0,0.01254670930675169,0,Minimum Variance,Matched-Shrinkage Placebo,0.1,1.1082574487718302,-0.07422888773402225
2023-06-05,0.0012222737521466872,0.0,0.0,0.0012222737521466872,0,Minimum Variance,Matched-Shrinkage Placebo,0.1,1.1096120427620852,-0.07309734200300377
2023-06-06,-0.006429687152200163,0.0,0.0,-0.006429687152200163,0,Minimum Variance,Matched-Shrinkage Placebo,0.1,1.1024775844668113,-0.07905703611446724
2023-06-07,0.0005105868696753377,0.0,0.0,0.0005105868696753377,0,Minimum Variance,Matched-Shrinkage Placebo,0.1,1.1030404950455515,-0.07858681472938733
2023-06-08,0.0060555150869150125,0.0,0.0,0.0060555150869150125,0,Minimum Variance,Matched-Shrinkage Placebo,0.1,1.109719973404778,-0.07300718328469868
2023-06-09,-5.168574202895256e-05,0.0,0.0,-5.168574202895256e-05,0,Minimum Variance,Matched-Shrinkage Placebo,0.1,1.1096626167045083,-0.07305509559628609
2023-06-12,-0.00263515605913484,0.0,0.0,-0.00263515605913484,0,Minimum Variance,Matched-Shrinkage Placebo,0.1,1.1067384825365039,-0.07549774007760979
2023-06-13,0.006451922232630957,0.0,0.0,0.006451922232630957,0,Minimum Variance,Matched-Shrinkage Placebo,0.1,1.1138790731576893,-0.06953292339269912
2023-06-14,0.002093776890373957,0.0,0.0,0.002093776890373957,0,Minimum Variance,Matched-Shrinkage Placebo,0.1,1.116211287419738,-0.06758473293044487
2023-06-15,0.00958929943089325,0.0,0.0,0.00958929943089325,0,Minimum Variance,Matched-Shrinkage Placebo,0.1,1.1269149716829487,-0.058643523740578685
2023-06-16,0.0009114703363931512,0.0,0.0,0.0009114703363931512,0,Minimum Variance,Matched-Shrinkage Placebo,0.1,1.127942121251275,-0.057785505236496615
2023-06-20,-0.0077231046495405825,0.0,0.0,-0.0077231046495405825,0,Minimum Variance,Matched-Shrinkage Placebo,0.1,1.1192309062102266,-0.06506232638186926
2023-06-21,-0.0014404288322171558,0.0,0.0,-0.0014404288322171558,0,Minimum Variance,Matched-Shrinkage Placebo,0.1,1.1176187337430128,-0.06640903756327488
2023-06-22,0.007964246481970015,0.0,0.0,0.007964246481970015,0,Minimum Variance,Matched-Shrinkage Placebo,0.1,1.1265197248114094,-0.05897368902508915
2023-06-23,-0.005215372577823472,0.0,0.0,-0.005215372577823472,0,Minimum Variance,Matched-Shrinkage Placebo,0.1,1.1206445047302507,-0.06388149184235814
2023-06-26,0.0007445325597566653,0.0,0.0,0.0007445325597566653,0,Minimum Variance,Matched-Shrinkage Placebo,0.1,1.1214788610519346,-0.06318452113324402
2023-06-27,0.0030725902069456378,0.0,0.0,0.0030725902069456378,0,Minimum Variance,Matched-Shrinkage Placebo,0.1,1.1249247060176994,-0.06030607106716279
2023-06-28,-0.00400232796569713,0.0,0.0,-0.00400232796569713,0,Minimum Variance,Matched-Shrinkage Placebo,0.1,1.1204223884075013,-0.06406703435812644
2023-06-29,-0.0009389069996711337,0.0,0.0,-0.0009389069996711337,0,Minimum Variance,Matched-Shrinkage Placebo,0.1,1.1193704159844373,-0.06494578837079046
2023-06-30,0.006374395858377258,0.0,0.0,0.006374395858377258,0,Minimum Variance,Matched-Shrinkage Placebo,0.1,1.1265057261280786,-0.05898538267682296
2023-07-03,0.0034874572849893223,0.3264070363353402,0.0003264070363353402,0.0031610502486539823,0,Minimum Variance,Matched-Shrinkage Placebo,0.1,1.1300666673337658,-0.05601078818674665
2023-07-05,0.002029956092503124,0.0,0.0,0.002029956092503124,0,Minimum Variance,Matched-Shrinkage Placebo,0.1,1.1323606530500547,-0.054094531534969015
2023-07-06,-0.00816442060800387,0.0,0.0,-0.00816442060800387,0,Minimum Variance,Matched-Shrinkage Placebo,0.1,1.1231155843986003,-0.06181730163492838
2023-07-07,-0.013892564450304751,0.0,0.0,-0.013892564450304751,0,Minimum Variance,Matched-Shrinkage Placebo,0.1,1.107512628757201,-0.07485106523812601
2023-07-10,0.0007499520324134202,0.0,0.0,0.0007499520324134202,0,Minimum Variance,Matched-Shrinkage Placebo,0.1,1.1083432101040611,-0.07415724791421607
2023-07-11,0.00913150767339525,0.0,0.0,0.00913150767339525,0,Minimum Variance,Matched-Shrinkage Placebo,0.1,1.118464054631882,-0.0657029077191873
2023-07-12,-0.0028894277718816493,0.0,0.0,-0.0028894277718816493,0,Minimum Variance,Matched-Shrinkage Placebo,0.1,1.1152323335305774,-0.06840249168481172
2023-07-13,0.0014450133360213164,0.0,0.0,0.0014450133360213164,0,Minimum Variance,Matched-Shrinkage Placebo,0.1,1.1168438591252912,-0.06705632086149205
2023-07-14,0.0033920638637415616,0.0,0.0,0.0033920638637415616,0,Minimum Variance,Matched-Shrinkage Placebo,0.1,1.1206322648212717,-0.06389171632058033
2023-07-17,-0.005552095615459665,0.0,0.0,-0.005552095615459665,0,Minimum Variance,Matched-Shrinkage Placebo,0.1,1.1144104073372147,-0.06908907901799233
2023-07-18,0.0008624257626252108,0.0,0.0,0.0008624257626252108,0,Minimum Variance,Matched-Shrinkage Placebo,0.1,1.1153715035826401,-0.06828623745702822
2023-07-19,0.008068894294601968,0.0,0.0,0.008068894294601968,0,Minimum Variance,Matched-Shrinkage Placebo,0.1,1.1243713183442596,-0.06076833759424316
2023-07-20,0.015719357763646698,0.0,0.0,0.015719357763646698,0,Minimum Variance,Matched-Shrinkage Placebo,0.1,1.1420457133564963,-0.04600421906994234
2023-07-21,0.006213480578667065,0.0,0.0,0.006213480578667065,0,Minimum Variance,Matched-Shrinkage Placebo,0.1,1.149141792216387,-0.040076584813003024
2023-07-24,0.0009150632861105345,0.0,0.0,0.0009150632861105345,0,Minimum Variance,Matched-Shrinkage Placebo,0.1,1.1501933296809794,-0.03919819413828751
2023-07-25,-0.0028744813020307857,0.0,0.0,-0.0028744813020307857,0,Minimum Variance,Matched-Shrinkage Placebo,0.1,1.1468871204610909,-0.0419600009641945
2023-07-26,0.0032197999130119657,0.0,0.0,0.0032197999130119657,0,Minimum Variance,Matched-Shrinkage Placebo,0.1,1.150579867511786,-0.03887530385863702
2023-07-27,-0.007194668964059981,0.0,0.0,-0.007194668964059981,0,Minimum Variance,Matched-Shrinkage Placebo,0.1,1.1423018262483267,-0.045790277880556896
2023-07-28,0.00268485389122128,0.0,0.0,0.00268485389122128,0,Minimum Variance,Matched-Shrinkage Placebo,0.1,1.1453687397514785,-0.04322836419508358
2023-07-31,-0.003991316036125222,0.0,0.0,-0.003991316036125222,0,Minimum Variance,Matched-Shrinkage Placebo,0.1,1.1407972111332318,-0.04704714216798145
2023-08-01,-0.0053407117437854115,0.1400707811270946,0.0001400707811270946,-0.005480782524912506,0,Minimum Variance,Matched-Shrinkage Placebo,0.1,1.134544749713984,-0.05227006953825253
2023-08-02,-0.008328993753419786,0.0,0.0,-0.008328993753419786,0,Minimum Variance,Matched-Shrinkage Placebo,0.1,1.125095133580641,-0.06016370620899747
2023-08-03,-0.007111635870995148,0.0,0.0,-0.007111635870995148,0,Minimum Variance,Matched-Shrinkage Placebo,0.1,1.1170938666703867,-0.0668474797087848
2023-08-04,-0.005913056090289942,0.0,0.0,-0.005913056090289942,0,Minimum Variance,Matched-Shrinkage Placebo,0.1,1.1104884279786458,-0.07236526290206213
2023-08-07,0.011802773847119237,0.0,0.0,0.011802773847119237,0,Minimum Variance,Matched-Shrinkage Placebo,0.1,1.1235952717539206,-0.061416599887363366
2023-08-08,-0.0040645109591331404,0.0,0.0,-0.0040645109591331404,0,Minimum Variance,Matched-Shrinkage Placebo,0.1,1.1190284064582465,-0.06523148240318166
2023-08-09,0.0022678108912790214,0.0,0.0,0.0022678108912790214,0,Minimum Variance,Matched-Shrinkage Placebo,0.1,1.121566151266063,-0.06311160417815098
2023-08-10,-0.002153703607024868,0.0,0.0,-0.002153703607024868,0,Minimum Variance,Matched-Shrinkage Placebo,0.1,1.1191506302005645,-0.06512938409561209
2023-08-11,0.0059903166310765745,0.0,0.0,0.0059903166310765745,0,Minimum Variance,Matched-Shrinkage Placebo,0.1,1.1258546968333347,-0.05952921309725523
2023-08-14,-0.0007311249200069541,0.0,0.0,-0.0007311249200069541,0,Minimum Variance,Matched-Shrinkage Placebo,0.1,1.125031556408173,-0.06021681472609841
2023-08-15,-0.0064803249200188475,0.0,0.0,-0.0064803249200188475,0,Minimum Variance,Matched-Shrinkage Placebo,0.1,1.1177409863773735,-0.06630691512104359
2023-08-16,-0.002714399105795125,0.0,0.0,-0.002714399105795125,0,Minimum Variance,Matched-Shrinkage Placebo,0.1,1.1147069912434402,-0.06884133079572619
2023-08-17,-0.005443641017277927,0.0,0.0,-0.005443641017277927,0,Minimum Variance,Matched-Shrinkage Placebo,0.1,1.108638926543661,-0.07391022432100047
2023-08-18,0.003762811342498677,0.0,0.0,0.003762811342498677,0,Minimum Variance,Matched-Shrinkage Placebo,0.1,1.112810525671195,-0.07042552320890338
2023-08-21,-0.0033211708995121276,0.0,0.0,-0.0033211708995121276,0,Minimum Variance,Matched-Shrinkage Placebo,0.1,1.1091146917366652,-0.07351279891015106
2023-08-22,-0.005615431040999138,0.0,0.0,-0.005615431040999138,0,Minimum Variance,Matched-Shrinkage Placebo,0.1,1.102886534668659,-0.07871542389823949
2023-08-23,0.010753857666053468,0.0,0.0,0.010753857666053468,0,Minimum Variance,Matched-Shrinkage Placebo,0.1,1.1147468194842927,-0.0688080606969107
2023-08-24,-0.009270689683274614,0.0,0.0,-0.009270689683274614,0,Minimum Variance,Matched-Shrinkage Placebo,0.1,1.1044123476454364,-0.07744085220175634
2023-08-25,0.002458794048241185,0.0,0.0,0.002458794048241185,0,Minimum Variance,Matched-Shrinkage Placebo,0.1,1.107127870152631,-0.07517246925999965
2023-08-28,0.0031244000695858456,0.0,0.0,0.0031244000695858456,0,Minimum Variance,Matched-Shrinkage Placebo,0.1,1.1105869805471762,-0.07228293805860075
2023-08-29,0.005097342707336537,0.0,0.0,0.005097342707336537,0,Minimum Variance,Matched-Shrinkage Placebo,0.1,1.1162480229933314,-0.06755404625844197
2023-08-30,0.00172554278400279,0.0,0.0,0.00172554278400279,0,Minimum Variance,Matched-Shrinkage Placebo,0.1,1.1181741567145649,-0.06594507087149071
2023-08-31,-0.0052476240818592436,0.0,0.0,-0.0052476240818592436,0,Minimum Variance,Matched-Shrinkage Placebo,0.1,1.112306399082077,-0.07084664001136465
2023-09-01,0.00012730477559933032,0.24177683460549487,0.00024177683460549487,-0.00011447205900616455,0,Minimum Variance,Matched-Shrinkage Placebo,0.1,1.1121790710783284,-0.07095300210961508
2023-09-05,-0.009412311631476244,0.0,0.0,-0.009412311631476244,0,Minimum Variance,Matched-Shrinkage Placebo,0.1,1.1017108950713332,-0.07969748197404691
2023-09-06,-0.0025881889846613142,0.0,0.0,-0.0025881889846613142,0,Minimum Variance,Matched-Shrinkage Placebo,0.1,1.0988594590684282,-0.08207939881375781
2023-09-07,0.005774228746329264,0.0,0.0,0.005774228746329264,0,Minimum Variance,Matched-Shrinkage Placebo,0.1,1.1052045249451568,-0.07677911529154047
2023-09-08,0.0037816088348664604,0.0,0.0,0.0037816088348664604,0,Minimum Variance,Matched-Shrinkage Placebo,0.1,1.1093839761410238,-0.07328785503739377
2023-09-11,0.0035623965727457035,0.0,0.0,0.0035623965727457035,0,Minimum Variance,Matched-Shrinkage Placebo,0.1,1.1133360418154874,-0.06998653886825723
2023-09-12,-0.0017247612489636325,0.0,0.0,-0.0017247612489636325,0,Minimum Variance,Matched-Shrinkage Placebo,0.1,1.1114158029534895,-0.07159059004703183
2023-09-13,0.0001869123355394241,0.0,0.0,0.0001869123355394241,0,Minimum Variance,Matched-Shrinkage Placebo,0.1,1.111623540276975,-0.07141705887588079
2023-09-14,0.008919096353654201,0.0,0.0,0.008919096353654201,0,Minimum Variance,Matched-Shrinkage Placebo,0.1,1.1215382177416957,-0.06313493815163496
2023-09-15,-0.008956561489593796,0.0,0.0,-0.008956561489593796,0,Minimum Variance,Matched-Shrinkage Placebo,0.1,1.1114930917315629,-0.07152602768553185
2023-09-18,0.0010498964134671004,0.0,0.0,0.0010498964134671004,0,Minimum Variance,Matched-Shrinkage Placebo,0.1,1.1126600443421653,-0.07055122619200138
2023-09-19,0.00019873678423585825,0.0,0.0,0.00019873678423585825,0,Minimum Variance,Matched-Shrinkage Placebo,0.1,1.1128811708213255,-0.07036651053158283
2023-09-20,0.00169614178754675,0.0,0.0,0.00169614178754675,0,Minimum Variance,Matched-Shrinkage Placebo,0.1,1.1147687750797295,-0.06878972032299258
2023-09-21,-0.014057670083971666,0.0,0.0,-0.014057670083971666,0,Minimum Variance,Matched-Shrinkage Placebo,0.1,1.0990977234197454,-0.0818803672134949
2023-09-22,-0.0014988257903611505,0.0,0.0,-0.0014988257903611505,0,Minimum Variance,Matched-Shrinkage Placebo,0.1,1.0974503674057567,-0.08325646859775226
2023-09-25,-0.0017379476934335162,0.0,0.0,-0.0017379476934335162,0,Minimum Variance,Matched-Shrinkage Placebo,0.1,1.0955430560710662,-0.08484972090362286
2023-09-26,-0.006355417597828613,0.0,0.0,-0.006355417597828613,0,Minimum Variance,Matched-Shrinkage Placebo,0.1,1.088580422453333,-0.09066588309204981
2023-09-27,-0.006494821730978724,0.0,0.0,-0.006494821730978724,0,Minimum Variance,Matched-Shrinkage Placebo,0.1,1.081510286669665,-0.09657184607526392
2023-09-28,0.002068037255326671,0.0,0.0,0.002068037255326671,0,Minimum Variance,Matched-Shrinkage Placebo,0.1,1.0837468902345169,-0.09470352299543672
2023-09-29,-0.004481559668901395,0.0,0.0,-0.004481559668901395,0,Minimum Variance,Matched-Shrinkage Placebo,0.1,1.0788900138799444,-0.09876066317517895
2023-10-02,-0.007304255164666017,0.23605118238116463,0.00023605118238116462,-0.007540306347047182,0,Minimum Variance,Matched-Shrinkage Placebo,0.1,1.0707548526605197,-0.10555628386684768
2023-10-03,-0.008179865280167847,0.0,0.0,-0.008179865280167847,0,Minimum Variance,Matched-Shrinkage Placebo,0.1,1.0619962222176706,-0.1128727129655096
2023-10-04,0.005551783703154484,0.0,0.0,0.005551783703154484,0,Minimum Variance,Matched-Shrinkage Placebo,0.1,1.0678921955369902,-0.10794757415072798
2023-10-05,-0.013182273295163435,0.0,0.0,-0.013182273295163435,0,Minimum Variance,Matched-Shrinkage Placebo,0.1,1.0538149487656496,-0.11970685302188655
2023-10-06,0.005328026002017963,0.0,0.0,0.005328026002017963,0,Minimum Variance,Matched-Shrinkage Placebo,0.1,1.0594297022139882,-0.11501662824538894
2023-10-09,0.004178488866272117,0.0,0.0,0.004178488866272117,0,Minimum Variance,Matched-Shrinkage Placebo,0.1,1.0638565174292873,-0.11131873507967638
2023-10-10,0.01062029872531868,0.0,0.0,0.01062029872531868,0,Minimum Variance,Matched-Shrinkage Placebo,0.1,1.0751549914452636,-0.10188067457462835
2023-10-11,0.0018318665296267027,0.0,0.0,0.0018318665296267027,0,Minimum Variance,Matched-Shrinkage Placebo,0.1,1.0771245318882532,-0.10023543984277083
2023-10-12,-0.005172575597666406,0.0,0.0,-0.005172575597666406,0,Minimum Variance,Matched-Shrinkage Placebo,0.1,1.0715530238189601,-0.10488954005028517
2023-10-13,0.0028139886807583467,0.0,0.0,0.0028139886807583467,0,Minimum Variance,Matched-Shrinkage Placebo,0.1,1.074568361898819,-0.10237070934795822
2023-10-16,0.006382719801157531,0.0,0.0,0.006382719801157531,0,Minimum Variance,Matched-Shrinkage Placebo,0.1,1.081427030660008,-0.09664139310041453
2023-10-17,0.005188479235806929,0.0,0.0,0.005188479235806929,0,Minimum Variance,Matched-Shrinkage Placebo,0.1,1.087037992353628,-0.0919543357260284
2023-10-18,-0.006621303433804437,0.0,0.0,-0.006621303433804437,0,Minimum Variance,Matched-Shrinkage Placebo,0.1,1.079840383962181,-0.09796678160093686
2023-10-19,-0.00449655386127375,0.0,0.0,-0.00449655386127375,0,Minimum Variance,Matched-Shrinkage Placebo,0.1,1.0749848235141166,-0.10202282255212636
2023-10-20,7.5161518240154065e-06,0.0,0.0,7.5161518240154065e-06,0,Minimum Variance,Matched-Shrinkage Placebo,0.1,1.0749929032632586,-0.10201607321932626
2023-10-23,-0.004399706050640029,0.0,0.0,-0.004399706050640029,0,Minimum Variance,Matched-Shrinkage Placebo,0.1,1.0702632504823761,-0.10596693853536066
2023-10-24,0.01568694271517093,0.0,0.0,0.01568694271517093,0,Minimum Variance,Matched-Shrinkage Placebo,0.1,1.0870524087828457,-0.09194229311469604
2023-10-25,-0.0011847741498769793,0.0,0.0,-0.0011847741498769793,0,Minimum Variance,Matched-Shrinkage Placebo,0.1,1.0857644971893583,-0.0930181364124103
2023-10-26,-0.0024817141364589625,0.0,0.0,-0.0024817141364589625,0,Minimum Variance,Matched-Shrinkage Placebo,0.1,1.0830699400878183,-0.09526900612478739
2023-10-27,-0.016050099652165827,0.0,0.0,-0.016050099652165827,0,Minimum Variance,Matched-Shrinkage Placebo,0.1,1.0656865596191436,-0.10979002873488752
2023-10-30,0.005132008720091066,0.0,0.0,0.005132008720091066,0,Minimum Variance,Matched-Shrinkage Placebo,0.1,1.0711556723359927,-0.10522146339964311
2023-10-31,0.005973122348722128,0.0,0.0,0.005973122348722128,0,Minimum Variance,Matched-Shrinkage Placebo,0.1,1.0775538162213834,-0.0998768417255187
2023-11-01,0.004175069408675505,0.3539524705664657,0.0003539524705664657,0.003821116938109039,0,Minimum Variance,Matched-Shrinkage Placebo,0.1,1.0816712753602709,-0.09643736587905183
2023-11-02,0.014930753323317753,0.0,0.0,0.014930753323317753,0,Minimum Variance,Matched-Shrinkage Placebo,0.1,1.0978214423495936,-0.08294649507682483
2023-11-03,0.0017370451090223304,0.0,0.0,0.0017370451090223304,0,Minimum Variance,Matched-Shrinkage Placebo,0.1,1.0997284077166067,-0.08135353177138627
2023-11-06,0.0009371707370216359,0.0,0.0,0.0009371707370216359,0,Minimum Variance,Matched-Shrinkage Placebo,0.1,1.10075904099899,-0.08049260318369422
2023-11-07,0.001479357819128452,0.0,0.0,0.001479357819128452,0,Minimum Variance,Matched-Shrinkage Placebo,0.1,1.1023874574932684,-0.07913232272646742
2023-11-08,-0.0007854394791806983,0.0,0.0,-0.0007854394791806983,0,Minimum Variance,Matched-Shrinkage Placebo,0.1,1.1015215988627995,-0.0798556085552995
2023-11-09,-0.010128264133135634,0.0,0.0,-0.010128264133135634,0,Minimum Variance,Matched-Shrinkage Placebo,0.1,1.0903650971611634,-0.0891750739924746
2023-11-10,0.004706426339935283,0.0,0.0,0.004706426339935283,0,Minimum Variance,Matched-Shrinkage Placebo,0.1,1.0954968201745887,-0.08488834356964325
2023-11-13,0.0032403828244152045,0.0,0.0,0.0032403828244152045,0,Minimum Variance,Matched-Shrinkage Placebo,0.1,1.0990466492548838,-0.08192303147572422
2023-11-14,0.007752759836201906,0.0,0.0,0.007752759836201906,0,Minimum Variance,Matched-Shrinkage Placebo,0.1,1.1075672939753394,-0.07480540122760726
2023-11-15,0.0034059036760433607,0.0,0.0,0.0034059036760433607,0,Minimum Variance,Matched-Shrinkage Placebo,0.1,1.1113395614933554,-0.07165427754259279
2023-11-16,-0.014494230452620419,0.0,0.0,-0.014494230452620419,0,Minimum Variance,Matched-Shrinkage Placebo,0.1,1.0952315497779566,-0.08510993438359493
2023-11-17,-5.764224080665228e-05,0.0,0.0,-5.764224080665228e-05,0,Minimum Variance,Matched-Shrinkage Placebo,0.1,1.0951684181772252,-0.08516267069706884
2023-11-20,0.003955425803012122,0.0,0.0,0.003955425803012122,0,Minimum Variance,Matched-Shrinkage Placebo,0.1,1.0995002755971273,-0.0815440995191854
2023-11-21,0.0032414174651625386,0.0,0.0,0.0032414174651625386,0,Minimum Variance,Matched-Shrinkage Placebo,0.1,1.1030642149933987,-0.07856700052238541
2023-11-22,-0.0009118738568546846,0.0,0.0,-0.0009118738568546846,0,Minimum Variance,Matched-Shrinkage Placebo,0.1,1.1020583595733142,-0.07940723118545223
2023-11-24,0.004568486553357265,0.0,0.0,0.004568486553357265,0,Minimum Variance,Matched-Shrinkage Placebo,0.1,1.10709309837004,-0.07520151550000498
2023-11-27,0.0004883051673695987,0.0,0.0,0.0004883051673695987,0,Minimum Variance,Matched-Shrinkage Placebo,0.1,1.1076336976507333,-0.0747499316212481
2023-11-28,-0.00024699895612181845,0.0,0.0,-0.00024699895612181845,0,Minimum Variance,Matched-Shrinkage Placebo,0.1,1.1073601132836481,-0.07497846742228931
2023-11-29,-0.001928650424764639,0.0,0.0,-0.001928650424764639,0,Minimum Variance,Matched-Shrinkage Placebo,0.1,1.1052244027307963,-0.07676251059401173
2023-11-30,0.00882535686737731,0.0,0.0,0.00882535686737731,0,Minimum Variance,Matched-Shrinkage Placebo,0.1,1.1149784025034295,-0.06861461027666238
2023-12-01,0.0035055574229349946,0.2963922289221527,0.00029639222892215275,0.0032091651940128418,0,Minimum Variance,Matched-Shrinkage Placebo,0.1,1.1185565523848195,-0.06562564070175014
2023-12-04,0.0012578609910909007,0.0,0.0,0.0012578609910909007,0,Minimum Variance,Matched-Shrinkage Placebo,0.1,1.1199635410383935,-0.0644503276441134
2023-12-05,0.0029891983460533294,0.0,0.0,0.0029891983460533294,0,Minimum Variance,Matched-Shrinkage Placebo,0.1,1.1233113342029053,-0.061653784110856535
2023-12-06,-0.003101871553071589,0.0,0.0,-0.003101871553071589,0,Minimum Variance,Matched-Shrinkage Placebo,0.1,1.1198269667300984,-0.06456441354485554
2023-12-07,0.00042516453548192005,0.0,0.0,0.00042516453548192005,0,Minimum Variance,Matched-Shrinkage Placebo,0.1,1.1203030774422285,-0.06416669950826692
2023-12-08,-0.0021111262583872427,0.0,0.0,-0.0021111262583872427,0,Minimum Variance,Matched-Shrinkage Placebo,0.1,1.117937976198088,-0.06614236176240829
2023-12-11,0.006475010904382653,0.0,0.0,0.006475010904382653,0,Minimum Variance,Matched-Shrinkage Placebo,0.1,1.1251766367843943,-0.06009562337167873
2023-12-12,0.0035717684395656837,0.0,0.0,0.0035717684395656837,0,Minimum Variance,Matched-Shrinkage Placebo,0.1,1.1291955071845976,-0.05673850258302793
2023-12-13,0.015231887943107413,0.0,0.0,0.015231887943107413,0,Minimum Variance,Matched-Shrinkage Placebo,0.1,1.1463952866158937,-0.0423708491533249
2023-12-14,-0.0027631390126667604,0.0,0.0,-0.0027631390126667604,0,Minimum Variance,Matched-Shrinkage Placebo,0.1,1.1432276370755081,-0.04501691161969623
2023-12-15,-0.004227402872130191,0.0,0.0,-0.004227402872130191,0,Minimum Variance,Matched-Shrinkage Placebo,0.1,1.1383947532790366,-0.0490540098703508
2023-12-18,0.0038492200650843016,0.0,0.0,0.0038492200650843016,0,Minimum Variance,Matched-Shrinkage Placebo,0.1,1.1427766852053451,-0.04539360948433213
2023-12-19,0.004018483829868604,0.0,0.0,0.004018483829868604,0,Minimum Variance,Matched-Shrinkage Placebo,0.1,1.1473689148359938,-0.041557539140155586
2023-12-20,-0.013042450591392514,0.0,0.0,-0.013042450591392514,0,Minimum Variance,Matched-Shrinkage Placebo,0.1,1.1324044124541457,-0.054057977580612815
2023-12-21,0.007654258335499724,0.0,0.0,0.007654258335499724,0,Minimum Variance,Matched-Shrinkage Placebo,0.1,1.1410721283673295,-0.046817492970609775
2023-12-22,0.006519221720454558,0.0,0.0,0.006519221720454558,0,Minimum Variance,Matched-Shrinkage Placebo,0.1,1.1485110305711872,-0.040603484867226314
2023-12-26,0.003356472051720529,0.0,0.0,0.003356472051720529,0,Minimum Variance,Matched-Shrinkage Placebo,0.1,1.1523659757463922,-0.037383297277664984
2023-12-27,0.00368486047660893,0.0,0.0,0.00368486047660893,0,Minimum Variance,Matched-Shrinkage Placebo,0.1,1.156612283585009,-0.033836189035679864
2023-12-28,0.0018721919211953496,0.0,0.0,0.0018721919211953496,0,Minimum Variance,Matched-Shrinkage Placebo,0.1,1.1587776837582922,-0.0320273449542412
2023-12-29,-0.00027679245021893076,0.0,0.0,-0.00027679245021893076,0,Minimum Variance,Matched-Shrinkage Placebo,0.1,1.1584569428439457,-0.03229527247717612
2021-01-04,0.0040413292724672,1.0,0.001,0.0030413292724672,0,Minimum Variance,SignalScope Confidence Lens,0.1,1.0030413292724671,0.0
2021-01-05,0.0010992359936114,0.0,0.0,0.0010992359936114,0,Minimum Variance,SignalScope Confidence Lens,0.1,1.0041439084046833,0.0
2021-01-06,0.0063242679700998,0.0,0.0,0.0063242679700998,0,Minimum Variance,SignalScope Confidence Lens,0.1,1.010494383561978,0.0
2021-01-07,0.0062654851847812,0.0,0.0,0.0062654851847812,0,Minimum Variance,SignalScope Confidence Lens,0.1,1.01682562115149,0.0
2021-01-08,-0.0022754785304652,0.0,0.0,-0.0022754785304652,0,Minimum Variance,SignalScope Confidence Lens,0.1,1.014511856281333,-0.0022754785304652
2021-01-11,0.0006504364420169,0.0,0.0,0.0006504364420169,0,Minimum Variance,SignalScope Confidence Lens,0.1,1.0151717317635165,-0.0016265221426076
2021-01-12,0.0015335112800685,0.0,0.0,0.0015335112800685,0,Minimum Variance,SignalScope Confidence Lens,0.1,1.0167285090653826,-9.550515259204584e-05
2021-01-13,-0.0016025598075713,0.0,0.0,-0.0016025598075713,0,Minimum Variance,SignalScope Confidence Lens,0.1,1.0150991408215426,-0.0016979119074442
2021-01-14,0.0038378428324227,0.0,0.0,0.0038378428324227,0,Minimum Variance,SignalScope Confidence Lens,0.1,1.018994931783343,0.0
2021-01-15,-0.0052637714359565,0.0,0.0,-0.0052637714359565,0,Minimum Variance,SignalScope Confidence Lens,0.1,1.0136311753680374,-0.0052637714359565
2021-01-19,0.0098525168096464,0.0,0.0,0.0098525168096464,0,Minimum Variance,SignalScope Confidence Lens,0.1,1.0236179935621326,0.0
2021-01-20,0.0148464828529647,0.0,0.0,0.0148464828529647,0,Minimum Variance,SignalScope Confidence Lens,0.1,1.038815120551539,0.0
2021-01-21,-0.0093971532540416,0.0,0.0,-0.0093971532540416,0,Minimum Variance,SignalScope Confidence Lens,0.1,1.0290532156611003,-0.0093971532540415
2021-01-22,-0.000365401867028,0.0,0.0,-0.000365401867028,0,Minimum Variance,SignalScope Confidence Lens,0.1,1.0286771976948268,-0.0097591213837258
2021-01-25,0.0033077583569926,0.0,0.0,0.0033077583569926,0,Minimum Variance,SignalScope Confidence Lens,0.1,1.0320798132921496,-0.0064836438420471
2021-01-26,-0.0020135993853717,0.0,0.0,-0.0020135993853717,0,Minimum Variance,SignalScope Confidence Lens,0.1,1.03000161801445,-0.0084841877661634
2021-01-27,-0.0222111504265907,0.0,0.0,-0.0222111504265907,0,Minimum Variance,SignalScope Confidence Lens,0.1,1.0071240971370992,-0.0305068946220326
2021-01-28,0.0011416486823338,0.0,0.0,0.0011416486823338,0,Minimum Variance,SignalScope Confidence Lens,0.1,1.0082738790355426,-0.0294000740957458
2021-01-29,-0.0105537838393591,0.0,0.0,-0.0105537838393591,0,Minimum Variance,SignalScope Confidence Lens,0.1,0.9976327744653292,-0.0396435759082374
2021-02-01,0.0004634204900078,0.1118126255249903,0.0001118126255249,0.0003516078644828,0,Minimum Variance,SignalScope Confidence Lens,0.1,0.9979835499946972,-0.03930590703682
2021-02-02,0.0062909595075556,0.0,0.0,0.0062909595075556,0,Minimum Variance,SignalScope Confidence Lens,0.1,1.0042618240969206,-0.0332622193988407
2021-02-03,-0.0016229801920441,0.0,0.0,-0.0016229801920441,0,Minimum Variance,SignalScope Confidence Lens,0.1,1.0026319270487851,-0.0348312156676571
2021-02-04,0.0027058416551806,0.0,0.0,0.0027058416551806,0,Minimum Variance,SignalScope Confidence Lens,0.1,1.0053448902818078,-0.0322196217667305
2021-02-05,0.014536898647942,0.0,0.0,0.014536898647942,0,Minimum Variance,SignalScope Confidence Lens,0.1,1.019959487058061,-0.0181510964948863
2021-02-08,0.0027182059712684,0.0,0.0,0.0027182059712684,0,Minimum Variance,SignalScope Confidence Lens,0.1,1.0227319470262342,-0.0154822289424954
2021-02-09,-0.0010096314356485,0.0,0.0,-0.0010096314356485,0,Minimum Variance,SignalScope Confidence Lens,0.1,1.0216993647022743,-0.0164762290331096
2021-02-10,-0.0070885385101215,0.0,0.0,-0.0070885385101215,0,Minimum Variance,SignalScope Confidence Lens,0.1,1.0144570094098158,-0.0234479751592283
2021-02-11,-0.0049115840424032,0.0,0.0,-0.0049115840424032,0,Minimum Variance,SignalScope Confidence Lens,0.1,1.0094744185506943,-0.0282443925010129
2021-02-12,0.004226786130994,0.0,0.0,0.004226786130994,0,Minimum Variance,SignalScope Confidence Lens,0.1,1.0137412510226178,-0.0241369893765203
2021-02-16,-0.0089849289236129,0.0,0.0,-0.0089849289236129,0,Minimum Variance,SignalScope Confidence Lens,0.1,1.0046328579352453,-0.0329050491661551
2021-02-17,0.0070434094199063,0.0,0.0,0.0070434094199063,0,Minimum Variance,SignalScope Confidence Lens,0.1,1.0117088984703737,-0.0260934034795082
2021-02-18,-0.0115134700554705,0.0,0.0,-0.0115134700554705,0,Minimum Variance,SignalScope Confidence Lens,0.1,1.000060618362982,-0.0373064479153723
2021-02-19,-0.0072546031584806,0.0,0.0,-0.0072546031584806,0,Minimum Variance,SignalScope Confidence Lens,0.1,0.9928055754423336,-0.0442904075989744
2021-02-22,0.0018694083877584,0.0,0.0,0.0018694083877584,0,Minimum Variance,SignalScope Confidence Lens,0.1,0.9946615345124789,-0.0425037960706787
2021-02-23,-0.007122474569751,0.0,0.0,-0.007122474569751,0,Minimum Variance,SignalScope Confidence Lens,0.1,0.9875770830274042,-0.0493235384337984
2021-02-24,-0.0006512046398733,0.0,0.0,-0.0006512046398733,0,Minimum Variance,SignalScope Confidence Lens,0.1,0.986933968248704,-0.0499426233565888
2021-02-25,-0.0089235177424934,0.0,0.0,-0.0089235177424934,0,Minimum Variance,SignalScope Confidence Lens,0.1,0.9781270454723672,-0.0584204772134531
2021-02-26,-0.0173924373083963,0.0,0.0,-0.0173924373083963,0,Minimum Variance,SignalScope Confidence Lens,0.1,0.9611150321543422,-0.0747968400343878
2021-03-01,0.0089349937470832,0.2320497911581332,0.0002320497911581,0.0087029439559251,0,Minimum Variance,SignalScope Confidence Lens,0.1,0.9694795624143788,-0.0667448487853622
2021-03-02,0.0049336885395665,0.0,0.0,0.0049336885395665,0,Minimum Variance,SignalScope Confidence Lens,0.1,0.9742626726208066,-0.0621404585413231
2021-03-03,-0.0132233474753611,0.0,0.0,-0.0132233474753611,0,Minimum Variance,SignalScope Confidence Lens,0.1,0.9613796587684676,-0.074542101141114
2021-03-04,-0.0028118816536497,0.0,0.0,-0.0028118816536497,0,Minimum Variance,SignalScope Confidence Lens,0.1,0.9586763729437844,-0.0771443792281406
2021-03-05,0.0152985066324326,0.0,0.0,0.0152985066324326,0,Minimum Variance,SignalScope Confidence Lens,0.1,0.9733426897936216,-0.0630260663929845
2021-03-08,-0.0052027094958234,0.0,0.0,-0.0052027094958234,0,Minimum Variance,SignalScope Confidence Lens,0.1,0.9682786705387418,-0.0679008695747008
2021-03-09,0.0072257533984133,0.0,0.0,0.0072257533984133,0,Minimum Variance,SignalScope Confidence Lens,0.1,0.9752752134329982,-0.0611657511153722
2021-03-10,0.009356552122282,0.0,0.0,0.009356552122282,0,Minimum Variance,SignalScope Confidence Lens,0.1,0.9844004268010538,-0.0523814995314997
2021-03-11,-0.0004394403309692,0.0,0.0,-0.0004394403309692,0,Minimum Variance,SignalScope Confidence Lens,0.1,0.983967841551694,-0.0527979213189782
2021-03-12,0.0050696786719262,0.0,0.0,0.0050696786719262,0,Minimum Variance,SignalScope Confidence Lens,0.1,0.98895624233187,-0.0479959111426847
2021-03-15,0.0137318410726689,0.0,0.0,0.0137318410726689,0,Minimum Variance,SignalScope Confidence Lens,0.1,1.002536432279395,-0.0349231422939652
2021-03-16,0.0052948329207753,0.0,0.0,0.0052948329207753,0,Minimum Variance,SignalScope Confidence Lens,0.1,1.0078446951853046,-0.0298132215767048
2021-03-17,-0.0106088418531972,0.0,0.0,-0.0106088418531972,0,Minimum Variance,SignalScope Confidence Lens,0.1,0.9971526302015,-0.0401057796770604
2021-03-18,-0.0079697795279511,0.0,0.0,-0.0079697795279511,0,Minimum Variance,SignalScope Confidence Lens,0.1,0.9892055435830774,-0.0477559249831888
2021-03-19,-0.0023893493465157,0.0,0.0,-0.0023893493465157,0,Minimum Variance,SignalScope Confidence Lens,0.1,0.9868419859639476,-0.0500311687415536
2021-03-22,0.0100528091503121,0.0,0.0,0.0100528091503121,0,Minimum Variance,SignalScope Confidence Lens,0.1,0.996762520110358,-0.0404813133821675
2021-03-23,0.0002965876500226,0.0,0.0,0.0002965876500226,0,Minimum Variance,SignalScope Confidence Lens,0.1,0.9970581475638284,-0.0401967319897507
2021-03-24,-0.0067387192722864,0.0,0.0,-0.0067387192722864,0,Minimum Variance,SignalScope Confidence Lens,0.1,0.9903392526092496,-0.0466645767694948
2021-03-25,0.0025487037331258,0.0,0.0,0.0025487037331258,0,Minimum Variance,SignalScope Confidence Lens,0.1,0.992863333959436,-0.0442348072173861
2021-03-26,0.0173291113104105,0.0,0.0,0.0173291113104105,0,Minimum Variance,SignalScope Confidence Lens,0.1,1.0100687731896445,-0.0276722458050402
2021-03-29,0.010954789295827,0.0,0.0,0.010954789295827,0,Minimum Variance,SignalScope Confidence Lens,0.1,1.021133863774231,-0.0170206001313497
2021-03-30,-0.0089962275365131,0.0,0.0,-0.0089962275365131,0,Minimum Variance,SignalScope Confidence Lens,0.1,1.0119475111904794,-0.0258637064762734
2021-03-31,0.0016269362934836,0.0,0.0,0.0016269362934836,0,Minimum Variance,SignalScope Confidence Lens,0.1,1.0135938853235356,-0.02427884878554
2021-04-01,0.007872243646341,0.6378763522824884,0.0006378763522824,0.0072343672940586,0,Minimum Variance,SignalScope Confidence Lens,0.1,1.020926595776978,-0.0172201236010729
2021-04-05,0.0120008477818725,0.0,0.0,0.0120008477818725,0,Minimum Variance,SignalScope Confidence Lens,0.1,1.0331785804493627,-0.005425931901322
2021-04-06,0.0004502392048785,0.0,0.0,0.0004502392048785,0,Minimum Variance,SignalScope Confidence Lens,0.1,1.0336437579519218,-0.0049781356637085
2021-04-07,-0.0007816184323659,0.0,0.0,-0.0007816184323659,0,Minimum Variance,SignalScope Confidence Lens,0.1,1.0328358429382063,-0.0057558630934808
2021-04-08,-0.0002472977541705,0.0,0.0,-0.0002472977541705,0,Minimum Variance,SignalScope Confidence Lens,0.1,1.032580424953821,-0.006001737435635
2021-04-09,0.0035859414830215,0.0,0.0,0.0035859414830215,0,Minimum Variance,SignalScope Confidence Lens,0.1,1.0362831979342189,-0.0024373178318543
2021-04-12,0.0014813577290806,0.0,0.0,0.0014813577290806,0,Minimum Variance,SignalScope Confidence Lens,0.1,1.0378183040589952,-0.000959570642382
2021-04-13,0.0022665605261328,0.0,0.0,0.0022665605261328,0,Minimum Variance,SignalScope Confidence Lens,0.1,1.0401705820602736,0.0
2021-04-14,-0.0026861305584031,0.0,0.0,-0.0026861305584031,0,Minimum Variance,SignalScope Confidence Lens,0.1,1.0373765480738495,-0.0026861305584031
2021-04-15,0.0072666466124376,0.0,0.0,0.0072666466124376,0,Minimum Variance,SignalScope Confidence Lens,0.1,1.0449147968527326,0.0
2021-04-16,0.0018340010759056,0.0,0.0,0.0018340010759056,0,Minimum Variance,SignalScope Confidence Lens,0.1,1.0468311717143903,0.0
2021-04-19,-0.0009447694986333,0.0,0.0,-0.0009447694986333,0,Minimum Variance,SignalScope Confidence Lens,0.1,1.045842157553136,-0.0009447694986333
2021-04-20,0.0058438762804876,0.0,0.0,0.0058438762804876,0,Minimum Variance,SignalScope Confidence Lens,0.1,1.051953929730795,0.0
2021-04-21,0.0047962458746755,0.0,0.0,0.0047962458746755,0,Minimum Variance,SignalScope Confidence Lens,0.1,1.056999359426615,0.0
2021-04-22,0.0006526404048344,0.0,0.0,0.0006526404048344,0,Minimum Variance,SignalScope Confidence Lens,0.1,1.0576891999164608,0.0
2021-04-23,0.002588514101013,0.0,0.0,0.002588514101013,0,Minimum Variance,SignalScope Confidence Lens,0.1,1.060427043324934,0.0
2021-04-26,-0.0068665848226754,0.0,0.0,-0.0068665848226754,0,Minimum Variance,SignalScope Confidence Lens,0.1,1.0531455310836844,-0.0068665848226753
2021-04-27,-0.0046249691860664,0.0,0.0,-0.0046249691860664,0,Minimum Variance,SignalScope Confidence Lens,0.1,1.0482747654539788,-0.0114597962655234
2021-04-28,-0.0004720198026793,0.0,0.0,-0.0004720198026793,0,Minimum Variance,SignalScope Confidence Lens,0.1,1.0477799590060357,-0.0119264068174307
2021-04-29,0.0087231401653527,0.0,0.0,0.0087231401653527,0,Minimum Variance,SignalScope Confidence Lens,0.1,1.0569198904508927,-0.0033073023704154
2021-04-30,-0.0009576339750729,0.0,0.0,-0.0009576339750729,0,Minimum Variance,SignalScope Confidence Lens,0.1,1.0559077480548666,-0.0042617691603725
2021-05-03,0.0079470200329538,0.4155416878289068,0.0004155416878289,0.0075314783451249,0,Minimum Variance,SignalScope Confidence Lens,0.1,1.0638602943937916,0.0
2021-05-04,-0.0044924404352592,0.0,0.0,-0.0044924404352592,0,Minimum Variance,SignalScope Confidence Lens,0.1,1.05908096538979,-0.0044924404352592
2021-05-05,0.0019749041381865,0.0,0.0,0.0019749041381865,0,Minimum Variance,SignalScope Confidence Lens,0.1,1.0611725487710129,-0.002526408436279
2021-05-06,0.0070553323622414,0.0,0.0,0.0070553323622414,0,Minimum Variance,SignalScope Confidence Lens,0.1,1.0686594737962791,0.0
2021-05-07,0.0010338876700279,0.0,0.0,0.0010338876700279,0,Minimum Variance,SignalScope Confidence Lens,0.1,1.069764347649696,0.0
2021-05-10,0.0050240293692996,0.0,0.0,0.0050240293692996,0,Minimum Variance,SignalScope Confidence Lens,0.1,1.0751388751505178,0.0
2021-05-11,-0.0087719447031452,0.0,0.0,-0.0087719447031452,0,Minimum Variance,SignalScope Confidence Lens,0.1,1.0657078163894955,-0.0087719447031451
2021-05-12,-0.0137099191255886,0.0,0.0,-0.0137099191255886,0,Minimum Variance,SignalScope Confidence Lens,0.1,1.0510970484152882,-0.0223616011762795
2021-05-13,0.0121582785727333,0.0,0.0,0.0121582785727333,0,Minimum Variance,SignalScope Confidence Lens,0.1,1.0638765791368991,-0.0104752011799795
2021-05-14,0.0028947577972932,0.0,0.0,0.0028947577972932,0,Minimum Variance,SignalScope Confidence Lens,0.1,1.0669562441597134,-0.0076107665529803
2021-05-17,-0.0013161492996783,0.0,0.0,-0.0013161492996783,0,Minimum Variance,SignalScope Confidence Lens,0.1,1.0655519704461751,-0.0089168989475899
2021-05-18,-0.0042934277817986,0.0,0.0,-0.0042934277817986,0,Minimum Variance,SignalScope Confidence Lens,0.1,1.0609771000133112,-0.0131720426677194
2021-05-19,0.0004734200530929,0.0,0.0,0.0004734200530929,0,Minimum Variance,SignalScope Confidence Lens,0.1,1.06147938784833,-0.0127048585237655
2021-05-20,0.0101215339006611,0.0,0.0,0.0101215339006611,0,Minimum Variance,SignalScope Confidence Lens,0.1,1.07222318745729,-0.0027119172793557
2021-05-21,-0.0014136181936675,0.0,0.0,-0.0014136181936675,0,Minimum Variance,SignalScope Confidence Lens,0.1,1.0707074732518282,-0.0041217018574173
2021-05-24,-0.0016037022859677,0.0,0.0,-0.0016037022859677,0,Minimum Variance,SignalScope Confidence Lens,0.1,1.0689903772293716,-0.0057187941606942
2021-05-25,-0.005680149584981,0.0,0.0,-0.005680149584981,0,Minimum Variance,SignalScope Confidence Lens,0.1,1.0629183519818035,-0.0113664601393967
2021-05-26,0.0007637275499591,0.0,0.0,0.0007637275499591,0,Minimum Variance,SignalScope Confidence Lens,0.1,1.063730132010569,-0.0106114134681918
2021-05-27,-0.0044559603449567,0.0,0.0,-0.0044559603449567,0,Minimum Variance,SignalScope Confidence Lens,0.1,1.0589901927245942,-0.0150200897755304
2021-05-28,0.001598378032683,0.0,0.0,0.001598378032683,0,Minimum Variance,SignalScope Confidence Lens,0.1,1.060682859385472,-0.0134457195243934
2021-06-01,-0.004363513102723,0.2195525974513612,0.0002195525974513,-0.0045830657001744,0,Minimum Variance,SignalScope Confidence Lens,0.1,1.0558216801538596,-0.0179671626086014
2021-06-02,0.0014143073028003,0.0,0.0,0.0014143073028003,0,Minimum Variance,SignalScope Confidence Lens,0.1,1.0573149364665562,-0.0165782663950889
2021-06-03,0.0042019361349151,0.0,0.0,0.0042019361349151,0,Minimum Variance,SignalScope Confidence Lens,0.1,1.0617577063040804,-0.0124459910767936
2021-06-04,0.0059644256884206,0.0,0.0,0.0059644256884206,0,Minimum Variance,SignalScope Confidence Lens,0.1,1.068090481242439,-0.0065557985772694
2021-06-07,-0.0041381654169152,0.0,0.0,-0.0041381654169152,0,Minimum Variance,SignalScope Confidence Lens,0.1,1.0636705461508251,-0.0106668350152319
2021-06-08,-0.0057045297565388,0.0,0.0,-0.0057045297565388,0,Minimum Variance,SignalScope Confidence Lens,0.1,1.0576028058691538,-0.0163105154940182
2021-06-09,0.0052671909126984,0.0,0.0,0.0052671909126984,0,Minimum Variance,SignalScope Confidence Lens,0.1,1.063173401757472,-0.0111292351803115
2021-06-10,0.0084643317050495,0.0,0.0,0.0084643317050495,0,Minimum Variance,SignalScope Confidence Lens,0.1,1.0721724540899331,-0.0027591050134515
2021-06-11,0.0019087758437884,0.0,0.0,0.0019087758437884,0,Minimum Variance,SignalScope Confidence Lens,0.1,1.0742189909706756,-0.0008555956826631
2021-06-14,0.0004358688871498,0.0,0.0,0.0004358688871498,0,Minimum Variance,SignalScope Confidence Lens,0.1,1.0746872096068254,-0.0004200997230512
2021-06-15,-0.0042951449263481,0.0,0.0,-0.0042951449263481,0,Minimum Variance,SignalScope Confidence Lens,0.1,1.0700712722910717,-0.0047134402602052
2021-06-16,-0.0108619107713583,0.0,0.0,-0.0108619107713583,0,Minimum Variance,SignalScope Confidence Lens,0.1,1.058448253612452,-0.0155241540640311
2021-06-17,-0.0002848412692727,0.0,0.0,-0.0002848412692727,0,Minimum Variance,SignalScope Confidence Lens,0.1,1.0581467638684334,-0.015804573413556
2021-06-18,-0.0109064003660196,0.0,0.0,-0.0109064003660196,0,Minimum Variance,SignalScope Confidence Lens,0.1,1.046606191615676,-0.0265386027743133
2021-06-21,0.0104253696285617,0.0,0.0,0.0104253696285617,0,Minimum Variance,SignalScope Confidence Lens,0.1,1.0575174480188108,-0.0163899078890994
2021-06-22,-0.0008902923279482,0.0,0.0,-0.0008902923279482,0,Minimum Variance,SignalScope Confidence Lens,0.1,1.0565759483481685,-0.0172656084077982
2021-06-23,-0.0073993561932577,0.0,0.0,-0.0073993561932577,0,Minimum Variance,SignalScope Confidence Lens,0.1,1.048757966561111,-0.0245372102145533
2021-06-24,0.0051125935599136,0.0,0.0,0.0051125935599136,0,Minimum Variance,SignalScope Confidence Lens,0.1,1.0541198397868596,-0.0195500654375607
2021-06-25,0.011368696139214,0.0,0.0,0.011368696139214,0,Minimum Variance,SignalScope Confidence Lens,0.1,1.0661038079397136,-0.0084036280518079
2021-06-28,0.0021669325627329,0.0,0.0,0.0021669325627329,0,Minimum Variance,SignalScope Confidence Lens,0.1,1.0684139829963917,-0.0062549055843456
2021-06-29,-0.0032067645357227,0.0,0.0,-0.0032067645357227,0,Minimum Variance,SignalScope Confidence Lens,0.1,1.0649878309262486,-0.0094416121106661
2021-06-30,0.0075137431360867,0.0,0.0,0.0075137431360867,0,Minimum Variance,SignalScope Confidence Lens,0.1,1.072989875930887,-0.0019988108227695
2021-07-01,0.0037128685373105,0.4183894879489945,0.0004183894879489,0.0032944790493615,0,Minimum Variance,SignalScope Confidence Lens,0.1,1.0765248185973182,0.0
2021-07-02,0.0049932044988263,0.0,0.0,0.0049932044988263,0,Minimum Variance,SignalScope Confidence Lens,0.1,1.0819001271646365,0.0
2021-07-06,-0.0021280169391519,0.0,0.0,-0.0021280169391519,0,Minimum Variance,SignalScope Confidence Lens,0.1,1.0795978253675595,-0.0021280169391518
2021-07-07,0.0023522052884482,0.0,0.0,0.0023522052884482,0,Minimum Variance,SignalScope Confidence Lens,0.1,1.0821372610817863,0.0
2021-07-08,-0.0049057790803851,0.0,0.0,-0.0049057790803851,0,Minimum Variance,SignalScope Confidence Lens,0.1,1.076828534744266,-0.004905779080385
2021-07-09,0.0067163842608659,0.0,0.0,0.0067163842608659,0,Minimum Variance,SignalScope Confidence Lens,0.1,1.0840609289666738,0.0
2021-07-12,0.0020515481159443,0.0,0.0,0.0020515481159443,0,Minimum Variance,SignalScope Confidence Lens,0.1,1.0862849321230643,0.0
2021-07-13,-0.0026479036163037,0.0,0.0,-0.0026479036163037,0,Minimum Variance,SignalScope Confidence Lens,0.1,1.0834085543229597,-0.0026479036163036
2021-07-14,0.0041292265939147,0.0,0.0,0.0041292265939147,0,Minimum Variance,SignalScope Confidence Lens,0.1,1.0878821937375447,0.0
2021-07-15,0.0015982920334441,0.0,0.0,0.0015982920334441,0,Minimum Variance,SignalScope Confidence Lens,0.1,1.0896209471811211,0.0
2021-07-16,-0.0012020191765364,0.0,0.0,-0.0012020191765364,0,Minimum Variance,SignalScope Confidence Lens,0.1,1.0883112019074537,-0.0012020191765366
2021-07-19,-0.0136826913381637,0.0,0.0,-0.0136826913381637,0,Minimum Variance,SignalScope Confidence Lens,0.1,1.0734201756518875,-0.0148682636573252
2021-07-20,0.0052554008709359,0.0,0.0,0.0052554008709359,0,Minimum Variance,SignalScope Confidence Lens,0.1,1.079061428977889,-0.0096910014721631
2021-07-21,-0.0018317071548282,0.0,0.0,-0.0018317071548282,0,Minimum Variance,SignalScope Confidence Lens,0.1,1.077084904437931,-0.0115049575502574
2021-07-22,-9.791237837315204e-05,0.0,0.0,-9.791237837315204e-05,0,Minimum Variance,SignalScope Confidence Lens,0.1,1.0769794444932277,-0.0116017434508739
2021-07-23,0.01020893379639,0.0,0.0,0.01020893379639,0,Minimum Variance,SignalScope Confidence Lens,0.1,1.0879742563421315,-0.0015112510852965
2021-07-26,0.0011555958606834,0.0,0.0,0.0011555958606834,0,Minimum Variance,SignalScope Confidence Lens,0.1,1.0892315148892908,-0.0003574016201117
2021-07-27,0.001334399099429,0.0,0.0,0.001334399099429,0,Minimum Variance,SignalScope Confidence Lens,0.1,1.0906849844418287,0.0
2021-07-28,-0.0009515347584989,0.0,0.0,-0.0009515347584989,0,Minimum Variance,SignalScope Confidence Lens,0.1,1.0896471597685593,-0.000951534758499
2021-07-29,-0.0006585318669604,0.0,0.0,-0.0006585318669604,0,Minimum Variance,SignalScope Confidence Lens,0.1,1.0889295923901088,-0.0016094400094984
2021-07-30,-0.0027944330378879,0.0,0.0,-0.0027944330378879,0,Minimum Variance,SignalScope Confidence Lens,0.1,1.0858866515612,-0.0043993755750514
2021-08-02,-0.0014909034653773,0.1494290740152006,0.0001494290740152,-0.0016403325393925,0,Minimum Variance,SignalScope Confidence Lens,0.1,1.0841054363525522,-0.0060324916755351
2021-08-03,0.0005784766518295,0.0,0.0,0.0005784766518295,0,Minimum Variance,SignalScope Confidence Lens,0.1,1.0847325660356035,-0.0054575046792922
2021-08-04,-0.0081409110821175,0.0,0.0,-0.0081409110821175,0,Minimum Variance,SignalScope Confidence Lens,0.1,1.0759018546676304,-0.0135539867010855
2021-08-05,0.0043949169876965,0.0,0.0,0.0043949169876965,0,Minimum Variance,SignalScope Confidence Lens,0.1,1.080630354005803,-0.0092186383597927
2021-08-06,-0.0011489406605415,0.0,0.0,-0.0011489406605415,0,Minimum Variance,SignalScope Confidence Lens,0.1,1.0793887738530703,-0.0103569873518879
2021-08-09,0.0010724006814257,0.0,0.0,0.0010724006814257,0,Minimum Variance,SignalScope Confidence Lens,0.1,1.0805463111096738,-0.0092956935107559
2021-08-10,0.0043922135511986,0.0,0.0,0.0043922135511986,0,Minimum Variance,SignalScope Confidence Lens,0.1,1.0852923012600275,-0.0049443086305629
2021-08-11,0.0041014579960466,0.0,0.0,0.0041014579960466,0,Minimum Variance,SignalScope Confidence Lens,0.1,1.0897435820470782,-0.0008631295086841
2021-08-12,0.0027642728527681,0.0,0.0,0.0027642728527681,0,Minimum Variance,SignalScope Confidence Lens,0.1,1.0927559306474093,0.0
2021-08-13,0.0039918695987511,0.0,0.0,0.0039918695987511,0,Minimum Variance,SignalScope Confidence Lens,0.1,1.0971180698258156,0.0
2021-08-16,0.0067964458453767,0.0,0.0,0.0067964458453767,0,Minimum Variance,SignalScope Confidence Lens,0.1,1.1045745733733712,0.0
2021-08-17,0.0029433253995261,0.0,0.0,0.0029433253995261,0,Minimum Variance,SignalScope Confidence Lens,0.1,1.1078256957708517,0.0
2021-08-18,-0.0108967411022037,0.0,0.0,-0.0108967411022037,0,Minimum Variance,SignalScope Confidence Lens,0.1,1.095754005977668,-0.0108967411022037
2021-08-19,0.0015560058898472,0.0,0.0,0.0015560058898472,0,Minimum Variance,SignalScope Confidence Lens,0.1,1.0974590056647928,-0.0093576906056918
2021-08-20,0.0038240749930987,0.0,0.0,0.0038240749930987,0,Minimum Variance,SignalScope Confidence Lens,0.1,1.1016557712043065,-0.0055694001232314
2021-08-23,-0.001485488978624,0.0,0.0,-0.001485488978624,0,Minimum Variance,SignalScope Confidence Lens,0.1,1.100019273697945,-0.0070466158193548
2021-08-24,-0.0052111792321025,0.0,0.0,-0.0052111792321025,0,Minimum Variance,SignalScope Confidence Lens,0.1,1.0942868761039375,-0.0122210738734429
2021-08-25,-0.0035821496884112,0.0,0.0,-0.0035821496884112,0,Minimum Variance,SignalScope Confidence Lens,0.1,1.0903669767116697,-0.0157594458458864
2021-08-26,-0.0061590807666838,0.0,0.0,-0.0061590807666838,0,Minimum Variance,SignalScope Confidence Lens,0.1,1.083651318436777,-0.0218214629127673
2021-08-27,0.0017513871543606,0.0,0.0,0.0017513871543606,0,Minimum Variance,SignalScope Confidence Lens,0.1,1.0855492114356935,-0.0201082935882415
2021-08-30,0.0037500121009116,0.0,0.0,0.0037500121009116,0,Minimum Variance,SignalScope Confidence Lens,0.1,1.0896200341147126,-0.0164336878316142
2021-08-31,0.0037103195568499,0.0,0.0,0.0037103195568499,0,Minimum Variance,SignalScope Confidence Lens,0.1,1.093662872636824,-0.0127843425081169
2021-09-01,0.0011246297972459,0.1170662096102891,0.0001170662096102,0.0010075635876356,0,Minimum Variance,SignalScope Confidence Lens,0.1,1.0947648075244418,-0.0117896599584844
2021-09-02,0.0063482826503888,0.0,0.0,0.0063482826503888,0,Minimum Variance,SignalScope Confidence Lens,0.1,1.1017146839583056,-0.005516221401864
2021-09-03,-0.0011341407561042,0.0,0.0,-0.0011341407561042,0,Minimum Variance,SignalScope Confidence Lens,0.1,1.1004651844336302,-0.0066441059864564
2021-09-07,-0.0136398540015761,0.0,0.0,-0.0136398540015761,0,Minimum Variance,SignalScope Confidence Lens,0.1,1.085454999984138,-0.0201933353524064
2021-09-08,0.0043171762572123,0.0,0.0,0.0043171762572123,0,Minimum Variance,SignalScope Confidence Lens,0.1,1.0901411005383417,-0.0159633372831315
2021-09-09,-0.0112295715082649,0.0,0.0,-0.0112295715082649,0,Minimum Variance,SignalScope Confidence Lens,0.1,1.0778992830957477,-0.027013647353865
2021-09-10,-0.0074708794657154,0.0,0.0,-0.0074708794657154,0,Minimum Variance,SignalScope Confidence Lens,0.1,1.069846427475558,-0.0342827111162705
2021-09-13,-0.0002812838834296,0.0,0.0,-0.0002812838834296,0,Minimum Variance,SignalScope Confidence Lens,0.1,1.0695454969177645,-0.0345543518255829
2021-09-14,-0.0056444440012132,0.0,0.0,-0.0056444440012132,0,Minimum Variance,SignalScope Confidence Lens,0.1,1.0635085072536623,-0.0400037557229184
2021-09-15,0.0030244796471115,0.0,0.0,0.0030244796471115,0,Minimum Variance,SignalScope Confidence Lens,0.1,1.066725067088381,-0.0371002666207989
2021-09-16,-0.0046569892964506,0.0,0.0,-0.0046569892964506,0,Minimum Variance,SignalScope Confidence Lens,0.1,1.0617573398686948,-0.041584480372701
2021-09-17,-0.0078783029317173,0.0,0.0,-0.0078783029317173,0,Minimum Variance,SignalScope Confidence Lens,0.1,1.0533924939052348,-0.0491351681707842
2021-09-20,-0.0089638597674546,0.0,0.0,-0.0089638597674546,0,Minimum Variance,SignalScope Confidence Lens,0.1,1.043950031309779,-0.0576585871811057
2021-09-21,-0.0042077678741739,0.0,0.0,-0.0042077678741739,0,Minimum Variance,SignalScope Confidence Lens,0.1,1.0395573319057907,-0.0616237411044687
2021-09-22,0.0003255375201527,0.0,0.0,0.0003255375201527,0,Minimum Variance,SignalScope Confidence Lens,0.1,1.0398957468216758,-0.0613182644241777
2021-09-23,0.0031742064981726,0.0,0.0,0.0031742064981726,0,Minimum Variance,SignalScope Confidence Lens,0.1,1.043196590658659,-0.058338694759397
2021-09-24,-0.0024720464667186,0.0,0.0,-0.0024720464667186,0,Minimum Variance,SignalScope Confidence Lens,0.1,1.0406177602126288,-0.0606665252618626
2021-09-27,-0.0035126409546999,0.0,0.0,-0.0035126409546999,0,Minimum Variance,SignalScope Confidence Lens,0.1,1.036962443649918,-0.0639660664953483
2021-09-28,-0.0052352901875416,0.0,0.0,-0.0052352901875416,0,Minimum Variance,SignalScope Confidence Lens,0.1,1.0315336443438283,-0.0688664757626311
2021-09-29,0.008767583536951,0.0,0.0,0.008767583536951,0,Minimum Variance,SignalScope Confidence Lens,0.1,1.0405777017417883,-0.0607026848048244
2021-09-30,-0.0093795676854729,0.0,0.0,-0.0093795676854729,0,Minimum Variance,SignalScope Confidence Lens,0.1,1.0308175327563074,-0.0695128875494806
2021-10-01,0.0142334517856564,0.3631187709919709,0.0003631187709919,0.0138703330146644,0,Minimum Variance,SignalScope Confidence Lens,0.1,1.0451153152129922,-0.0566067214339383
2021-10-04,0.0023896060068216,0.0,0.0,0.0023896060068216,0,Minimum Variance,SignalScope Confidence Lens,0.1,1.0476127290480464,-0.0543523831886817
2021-10-05,0.0009141685920228,0.0,0.0,0.0009141685920228,0,Minimum Variance,SignalScope Confidence Lens,0.1,1.0485704237015454,-0.0534879018382715
2021-10-06,0.0026293417612335,0.0,0.0,0.0026293417612335,0,Minimum Variance,SignalScope Confidence Lens,0.1,1.0513274737061782,-0.0509991980510622
2021-10-07,0.0086417070640152,0.0,0.0,0.0086417070640152,0,Minimum Variance,SignalScope Confidence Lens,0.1,1.060412737762298,-0.042798211117104
2021-10-08,-0.0051802971319716,0.0,0.0,-0.0051802971319716,0,Minimum Variance,SignalScope Confidence Lens,0.1,1.0549194846981618,-0.0477568007987723
2021-10-11,-0.0086074476873721,0.0,0.0,-0.0086074476873721,0,Minimum Variance,SignalScope Confidence Lens,0.1,1.0458393204192329,-0.0559531843215526
2021-10-12,-0.0008020173057789,0.0,0.0,-0.0008020173057789,0,Minimum Variance,SignalScope Confidence Lens,0.1,1.0450005391851924,-0.0567103262051924
2021-10-13,0.0006211816970195,0.0,0.0,0.0006211816970195,0,Minimum Variance,SignalScope Confidence Lens,0.1,1.0456496743935098,-0.0561243719248435
2021-10-14,0.0087847358542252,0.0,0.0,0.0087847358542252,0,Minimum Variance,SignalScope Confidence Lens,0.1,1.0548354305791134,-0.0478326738529623
2021-10-15,-0.0008589814020098,0.0,0.0,-0.0008589814020098,0,Minimum Variance,SignalScope Confidence Lens,0.1,1.053929346562065,-0.048650567877724
2021-10-18,-0.0017728725848627,0.0,0.0,-0.0017728725848627,0,Minimum Variance,SignalScope Confidence Lens,0.1,1.0520608641171627,-0.0503371892045584
2021-10-19,0.0139120471823059,0.0,0.0,0.0139120471823059,0,Minimum Variance,SignalScope Confidence Lens,0.1,1.0666971844974182,-0.037125435373491
2021-10-20,0.0105689557679581,0.0,0.0,0.0105689557679581,0,Minimum Variance,SignalScope Confidence Lens,0.1,1.077971059858177,-0.0269488566898613
2021-10-21,0.0056146886623973,0.0,0.0,0.0056146886623973,0,Minimum Variance,SignalScope Confidence Lens,0.1,1.0840235317463554,-0.021485477467585
2021-10-22,0.0025123085144,0.0,0.0,0.0025123085144,0,Minimum Variance,SignalScope Confidence Lens,0.1,1.0867469332949715,-0.0190271471011627
2021-10-25,0.0043861654698731,0.0,0.0,0.0043861654698731,0,Minimum Variance,SignalScope Confidence Lens,0.1,1.091513585168281,-0.0147244378468949
2021-10-26,-2.9599475825440626e-05,0.0,0.0,-2.9599475825440626e-05,0,Minimum Variance,SignalScope Confidence Lens,0.1,1.091481276938303,-0.0147536014870782
2021-10-27,-0.0107730307707856,0.0,0.0,-0.0107730307707856,0,Minimum Variance,SignalScope Confidence Lens,0.1,1.0797227155561109,-0.0253676912550636
2021-10-28,0.0181647568220125,0.0,0.0,0.0181647568220125,0,Minimum Variance,SignalScope Confidence Lens,0.1,1.0993356161193903,-0.0076637323758352
2021-10-29,-0.0010824761008075,0.0,0.0,-0.0010824761008075,0,Minimum Variance,SignalScope Confidence Lens,0.1,1.0981456115881747,-0.0087379126695028
2021-11-01,0.0053529445762981,0.4166276687001444,0.0004166276687001,0.004936316907598,0,Minimum Variance,SignalScope Confidence Lens,0.1,1.103566406337662,-0.0038447288679523
2021-11-02,0.0045450720454908,0.0,0.0,0.0045450720454908,0,Minimum Variance,SignalScope Confidence Lens,0.1,1.1085821951614498,0.0
2021-11-03,-0.0001321222995227,0.0,0.0,-0.0001321222995227,0,Minimum Variance,SignalScope Confidence Lens,0.1,1.108435726732615,-0.0001321222995228
2021-11-04,0.0005729105877485,0.0,0.0,0.0005729105877485,0,Minimum Variance,SignalScope Confidence Lens,0.1,1.109070761296299,0.0
2021-11-05,-0.0117046213230057,0.0,0.0,-0.0117046213230057,0,Minimum Variance,SignalScope Confidence Lens,0.1,1.096089508014908,-0.0117046213230057
2021-11-08,0.0012423541079967,0.0,0.0,0.0012423541079967,0,Minimum Variance,SignalScope Confidence Lens,0.1,1.0974512393179223,-0.0104768084993923
2021-11-09,0.0006930167506601,0.0,0.0,0.0006930167506601,0,Minimum Variance,SignalScope Confidence Lens,0.1,1.0982117914098024,-0.0097910523525156
2021-11-10,0.000789874024944,0.0,0.0,0.000789874024944,0,Minimum Variance,SignalScope Confidence Lens,0.1,1.099079240377724,-0.0090089120255019
2021-11-11,0.0025105443403886,0.0,0.0,0.0025105443403886,0,Minimum Variance,SignalScope Confidence Lens,0.1,1.101838527544293,-0.0065209849582119
2021-11-12,0.0022484518773034,0.0,0.0,0.0022484518773034,0,Minimum Variance,SignalScope Confidence Lens,0.1,1.1043159584500355,-0.0042871952017794
2021-11-15,-0.0026038876719403,0.0,0.0,-0.0026038876719403,0,Minimum Variance,SignalScope Confidence Lens,0.1,1.1014404437399006,-0.0068799194989865
2021-11-16,-0.0053273850868843,0.0,0.0,-0.0053273850868843,0,Minimum Variance,SignalScope Confidence Lens,0.1,1.0955726463458293,-0.0121706526053331
2021-11-17,-0.0025864459170263,0.0,0.0,-0.0025864459170263,0,Minimum Variance,SignalScope Confidence Lens,0.1,1.0927390069478824,-0.0147256197876208
2021-11-18,-0.0021205298778957,0.0,0.0,-0.0021205298778957,0,Minimum Variance,SignalScope Confidence Lens,0.1,1.0904218212349073,-0.0168149235487864
2021-11-19,-0.0082089261568084,0.0,0.0,-0.0082089261568084,0,Minimum Variance,SignalScope Confidence Lens,0.1,1.0814706290246172,-0.0248858172398506
2021-11-22,0.0035822670682706,0.0,0.0,0.0035822670682706,0,Minimum Variance,SignalScope Confidence Lens,0.1,1.085344745644274,-0.0213926978151453
2021-11-23,0.0066376981264373,0.0,0.0,0.0066376981264373,0,Minimum Variance,SignalScope Confidence Lens,0.1,1.0925489364289755,-0.014896997958915
2021-11-24,-0.0008245635812197,0.0,0.0,-0.0008245635812197,0,Minimum Variance,SignalScope Confidence Lens,0.1,1.0916480603652958,-0.0157092780181483
2021-11-26,-0.0145917027663901,0.0,0.0,-0.0145917027663901,0,Minimum Variance,SignalScope Confidence Lens,0.1,1.075719056342939,-0.0300717556690232
2021-11-29,-0.0005844365491836,0.0,0.0,-0.0005844365491836,0,Minimum Variance,SignalScope Confidence Lens,0.1,1.075090366809759,-0.0306386171850957
2021-11-30,-0.0218048341597195,0.0,0.0,-0.0218048341597195,0,Minimum Variance,SignalScope Confidence Lens,0.1,1.05164819965476,-0.0517753813782112
2021-12-01,-0.0114404888936695,0.3916393736313887,0.0003916393736313,-0.0118321282673009,0,Minimum Variance,SignalScope Confidence Lens,0.1,1.0392049632643687,-0.0629948966919567
2021-12-02,0.0138982587562038,0.0,0.0,0.0138982587562038,0,Minimum Variance,SignalScope Confidence Lens,0.1,1.053648102744548,-0.0499721573102981
2021-12-03,0.0088497409690308,0.0,0.0,0.0088497409690308,0,Minimum Variance,SignalScope Confidence Lens,0.1,1.062972615526348,-0.0415646569891271
2021-12-06,0.0104180316264231,0.0,0.0,0.0104180316264231,0,Minimum Variance,SignalScope Confidence Lens,0.1,1.0740466978529233,-0.0315796472737581
2021-12-07,0.0030818146437716,0.0,0.0,0.0030818146437716,0,Minimum Variance,SignalScope Confidence Lens,0.1,1.077356710694461,-0.0285951552493999
2021-12-08,0.0008280935482641,0.0,0.0,0.0008280935482641,0,Minimum Variance,SignalScope Confidence Lens,0.1,1.078248862835766,-0.0277907411647095
2021-12-09,-0.0027870799523097,0.0,0.0,-0.0027870799523097,0,Minimum Variance,SignalScope Confidence Lens,0.1,1.0752436970465558,-0.0305003660994592
2021-12-10,0.0079116045213564,0.0,0.0,0.0079116045213564,0,Minimum Variance,SignalScope Confidence Lens,0.1,1.0837505999416694,-0.0228300684124381
2021-12-13,0.005400728005598,0.0,0.0,0.005400728005598,0,Minimum Variance,SignalScope Confidence Lens,0.1,1.089603642157858,-0.0175526393966849
2021-12-14,-0.0001646253120684,0.0,0.0,-0.0001646253120684,0,Minimum Variance,SignalScope Confidence Lens,0.1,1.089424265818237,-0.0177143751000151
2021-12-15,0.013326038181012,0.0,0.0,0.013326038181012,0,Minimum Variance,SignalScope Confidence Lens,0.1,1.1039419751798518,-0.0046243993579385
2021-12-16,0.0098310498751089,0.0,0.0,0.0098310498751089,0,Minimum Variance,SignalScope Confidence Lens,0.1,1.1147948837970711,0.0
2021-12-17,-0.012532692224477,0.0,0.0,-0.012532692224477,0,Minimum Variance,SignalScope Confidence Lens,0.1,1.1008235026250208,-0.012532692224477
2021-12-20,0.0019338248783886,0.0,0.0,0.0019338248783886,0,Minimum Variance,SignalScope Confidence Lens,0.1,1.102952302501112,-0.0106231033781052
2021-12-21,0.0034735849103407,0.0,0.0,0.0034735849103407,0,Minimum Variance,SignalScope Confidence Lens,0.1,1.1067835009759055,-0.0071864187193596
2021-12-22,0.0063374641516129,0.0,0.0,0.0063374641516129,0,Minimum Variance,SignalScope Confidence Lens,0.1,1.113797701736937,-0.0008944982387592
2021-12-23,0.0015727983383964,0.0,0.0,0.0015727983383964,0,Minimum Variance,SignalScope Confidence Lens,0.1,1.1155494809115385,0.0
2021-12-27,0.0107014713477482,0.0,0.0,0.0107014713477482,0,Minimum Variance,SignalScope Confidence Lens,0.1,1.1274875017185086,0.0
2021-12-28,0.0046415049578128,0.0,0.0,0.0046415049578128,0,Minimum Variance,SignalScope Confidence Lens,0.1,1.132720740547607,0.0
2021-12-29,0.0010665407189277,0.0,0.0,0.0010665407189277,0,Minimum Variance,SignalScope Confidence Lens,0.1,1.133928833340575,0.0
2021-12-30,0.0005768489730889,0.0,0.0,0.0005768489730889,0,Minimum Variance,SignalScope Confidence Lens,0.1,1.1345829390236437,0.0
2021-12-31,-0.0008761644896912,0.0,0.0,-0.0008761644896912,0,Minimum Variance,SignalScope Confidence Lens,0.1,1.1335888577418614,-0.0008761644896913
2022-01-03,0.0017919542019077,0.2478798868684124,0.0002478798868684,0.0015440743150393,0,Minimum Variance,SignalScope Confidence Lens,0.1,1.1353392031809153,0.0
2022-01-04,-0.000749429182014,0.0,0.0,-0.000749429182014,0,Minimum Variance,SignalScope Confidence Lens,0.1,1.1344883468505669,-0.0007494291820141
2022-01-05,-0.0017822909122556,0.0,0.0,-0.0017822909122556,0,Minimum Variance,SignalScope Confidence Lens,0.1,1.1324663585799153,-0.0025303843934492
2022-01-06,-0.0038293184621124,0.0,0.0,-0.0038293184621124,0,Minimum Variance,SignalScope Confidence Lens,0.1,1.128129784245284,-0.0063500132078875
2022-01-07,0.0041552599939953,0.0,0.0,0.0041552599939953,0,Minimum Variance,SignalScope Confidence Lens,0.1,1.132817456805793,-0.0022211391697363
2022-01-10,-0.0009185196967814,0.0,0.0,-0.0009185196967814,0,Minimum Variance,SignalScope Confidence Lens,0.1,1.131776941658859,-0.003137618706441
2022-01-11,0.0036768417675548,0.0,0.0,0.0036768417675548,0,Minimum Variance,SignalScope Confidence Lens,0.1,1.1359383063895057,0.0
2022-01-12,0.0013830340206733,0.0,0.0,0.0013830340206733,0,Minimum Variance,SignalScope Confidence Lens,0.1,1.1375093477126283,0.0
2022-01-13,-0.0022641553962794,0.0,0.0,-0.0022641553962794,0,Minimum Variance,SignalScope Confidence Lens,0.1,1.1349338497846866,-0.0022641553962793
2022-01-14,-0.0022651895180836,0.0,0.0,-0.0022651895180836,0,Minimum Variance,SignalScope Confidence Lens,0.1,1.132363009524436,-0.0045242161732921
2022-01-18,-0.0090643695375434,0.0,0.0,-0.0090643695375434,0,Minimum Variance,SignalScope Confidence Lens,0.1,1.1220988527554616,-0.013547576543573
2022-01-19,-0.0005348041229689,0.0,0.0,-0.0005348041229689,0,Minimum Variance,SignalScope Confidence Lens,0.1,1.1214987496626294,-0.0140751353667502
2022-01-20,-0.0110632872484413,0.0,0.0,-0.0110632872484413,0,Minimum Variance,SignalScope Confidence Lens,0.1,1.1090912868463438,-0.0249827053495685
2022-01-21,-0.0043024865959199,0.0,0.0,-0.0043024865959199,0,Minimum Variance,SignalScope Confidence Lens,0.1,1.1043194364510358,-0.0291777041905921
2022-01-24,-0.0050764184610728,0.0,0.0,-0.0050764184610728,0,Minimum Variance,SignalScope Confidence Lens,0.1,1.098713448876914,-0.0341060044154603
2022-01-25,-0.0049445915007781,0.0,0.0,-0.0049445915007781,0,Minimum Variance,SignalScope Confidence Lens,0.1,1.0932807596958067,-0.0388819556566801
2022-01-26,-0.0157987378307504,0.0,0.0,-0.0157987378307504,0,Minimum Variance,SignalScope Confidence Lens,0.1,1.076008303597969,-0.0540664076636637
2022-01-27,0.0001800963304353,0.0,0.0,0.0001800963304353,0,Minimum Variance,SignalScope Confidence Lens,0.1,1.0762020887449653,-0.0538960484948483
2022-01-28,0.0162960216994463,0.0,0.0,0.0162960216994463,0,Minimum Variance,SignalScope Confidence Lens,0.1,1.0937399013361426,-0.0384783179711885
2022-01-31,0.0107689811833898,0.0,0.0,0.0107689811833898,0,Minimum Variance,SignalScope Confidence Lens,0.1,1.1055183657531542,-0.0281237090699988
2022-02-01,-0.0031638841074737,0.5993658611093937,0.0005993658611093,-0.0037632499685831,0,Minimum Variance,SignalScope Confidence Lens,0.1,1.1013580237979657,-0.0317811224913078
2022-02-02,0.0120978146093655,0.0,0.0,0.0120978146093655,0,Minimum Variance,SignalScope Confidence Lens,0.1,1.1146820489884106,-0.0200677900099196
2022-02-03,-0.0056999074196436,0.0,0.0,-0.0056999074196436,0,Minimum Variance,SignalScope Confidence Lens,0.1,1.108328464506838,-0.0256533128843898
2022-02-04,-0.003616203724771,0.0,0.0,-0.003616203724771,0,Minimum Variance,SignalScope Confidence Lens,0.1,1.1043205229852189,-0.0291767490035557
2022-02-07,-0.0010230094231626,0.0,0.0,-0.0010230094231626,0,Minimum Variance,SignalScope Confidence Lens,0.1,1.1031907926840128,-0.0301699103375505
2022-02-08,-0.001230951453232,0.0,0.0,-0.001230951453232,0,Minimum Variance,SignalScope Confidence Lens,0.1,1.1018328183745665,-0.0313637240958085
2022-02-09,0.0066009292959715,0.0,0.0,0.0066009292959715,0,Minimum Variance,SignalScope Confidence Lens,0.1,1.1091059389046378,-0.0249698245250518
2022-02-10,-0.0180051030169014,0.0,0.0,-0.0180051030169014,0,Minimum Variance,SignalScope Confidence Lens,0.1,1.0891363722180023,-0.0425253432790658
2022-02-11,-0.0023392153981915,0.0,0.0,-0.0023392153981915,0,Minimum Variance,SignalScope Confidence Lens,0.1,1.0865886476453797,-0.0447650827394456
2022-02-14,-0.0080521761137969,0.0,0.0,-0.0080521761137969,0,Minimum Variance,SignalScope Confidence Lens,0.1,1.0778392444912863,-0.052456802523276
2022-02-15,0.0016730868461088,0.0,0.0,0.0016730868461088,0,Minimum Variance,SignalScope Confidence Lens,0.1,1.0796425631534647,-0.0508714804634578
2022-02-16,-0.0018341239564699,0.0,0.0,-0.0018341239564699,0,Minimum Variance,SignalScope Confidence Lens,0.1,1.0776623648639605,-0.0526122998189086
2022-02-17,-0.0071436952630785,0.0,0.0,-0.0071436952630785,0,Minimum Variance,SignalScope Confidence Lens,0.1,1.0699638733328836,-0.0593801488449912
2022-02-18,-0.0054037397028988,0.0,0.0,-0.0054037397028988,0,Minimum Variance,SignalScope Confidence Lens,0.1,1.0641820670698872,-0.0644630136800124
2022-02-22,-0.0037609585880674,0.0,0.0,-0.0037609585880674,0,Minimum Variance,SignalScope Confidence Lens,0.1,1.0601797223854732,-0.0679815295431673
2022-02-23,-0.0026513884509822,0.0,0.0,-0.0026513884509822,0,Minimum Variance,SignalScope Confidence Lens,0.1,1.0573687741135749,-0.0704526725518387
2022-02-24,-0.0008090400606656,0.0,0.0,-0.0008090400606656,0,Minimum Variance,SignalScope Confidence Lens,0.1,1.05651332041642,-0.0712047135780289
2022-02-25,0.0265507132666429,0.0,0.0,0.0265507132666429,0,Minimum Variance,SignalScope Confidence Lens,0.1,1.0845645026491852,-0.0465445362448297
2022-02-28,-0.0047215278629973,0.0,0.0,-0.0047215278629973,0,Minimum Variance,SignalScope Confidence Lens,0.1,1.0794437011307092,-0.0510463027830768
2022-03-01,-0.0017399535669234,0.550530321076525,0.0005505303210765,-0.002290483888,0,Minimum Variance,SignalScope Confidence Lens,0.1,1.0769712527252662,-0.0532198659370103
2022-03-02,0.0121288115754778,0.0,0.0,0.0121288115754778,0,Minimum Variance,SignalScope Confidence Lens,0.1,1.0900336341217771,-0.0417365480875546
2022-03-03,0.008876533950525,0.0,0.0,0.008876533950525,0,Minimum Variance,SignalScope Confidence Lens,0.1,1.0997093546822734,-0.0332304900231066
2022-03-04,0.0070507867363895,0.0,0.0,0.0070507867363895,0,Minimum Variance,SignalScope Confidence Lens,0.1,1.107463170814151,-0.0264140043850156
2022-03-07,-0.0081152078580819,0.0,0.0,-0.0081152078580819,0,Minimum Variance,SignalScope Confidence Lens,0.1,1.0984758769878231,-0.0343148571071488
2022-03-08,-0.0136235584830381,0.0,0.0,-0.0136235584830381,0,Minimum Variance,SignalScope Confidence Lens,0.1,1.083510726635473,-0.0474709251275506
2022-03-09,0.0039797324451829,0.0,0.0,0.0039797324451829,0,Minimum Variance,SignalScope Confidence Lens,0.1,1.087822809428968,-0.0436801142633008
2022-03-10,0.0019048046025324,0.0,0.0,0.0019048046025324,0,Minimum Variance,SignalScope Confidence Lens,0.1,1.089894899323108,-0.0418585117434562
2022-03-11,-0.0053073565857431,0.0,0.0,-0.0053073565857431,0,Minimum Variance,SignalScope Confidence Lens,0.1,1.0841104384514175,-0.0469437102812283
2022-03-14,-0.0047716747835433,0.0,0.0,-0.0047716747835433,0,Minimum Variance,SignalScope Confidence Lens,0.1,1.078937416009683,-0.0514913849461767
2022-03-15,0.0069667004249449,0.0,0.0,0.0069667004249449,0,Minimum Variance,SignalScope Confidence Lens,0.1,1.0864540497642867,-0.0448834095746172
2022-03-16,0.0055806185144834,0.0,0.0,0.0055806185144834,0,Minimum Variance,SignalScope Confidence Lens,0.1,1.0925171353495369,-0.0395532682465989
2022-03-17,0.0112681173239889,0.0,0.0,0.0112681173239889,0,Minimum Variance,SignalScope Confidence Lens,0.1,1.104827746609124,-0.0287308417897599
2022-03-18,0.0030395261508237,0.0,0.0,0.0030395261508237,0,Minimum Variance,SignalScope Confidence Lens,0.1,1.108185899437098,-0.0257786437838911
2022-03-21,0.0028489640685689,0.0,0.0,0.0028489640685689,0,Minimum Variance,SignalScope Confidence Lens,0.1,1.111343081245889,-0.023003122145199
2022-03-22,0.0044346046217066,0.0,0.0,0.0044346046217066,0,Minimum Variance,SignalScope Confidence Lens,0.1,1.1162714484102836,-0.0186705272752714
2022-03-23,-0.0092227183068967,0.0,0.0,-0.0092227183068967,0,Minimum Variance,SignalScope Confidence Lens,0.1,1.105976391287564,-0.027721052568467
2022-03-24,0.0065182282036398,0.0,0.0,0.0065182282036398,0,Minimum Variance,SignalScope Confidence Lens,0.1,1.1131853977938144,-0.0213835165115134
2022-03-25,0.0087786498832537,0.0,0.0,0.0087786498832537,0,Minimum Variance,SignalScope Confidence Lens,0.1,1.122957662656197,-0.0127925850329869
2022-03-28,0.0055277635044447,0.0,0.0,0.0055277635044447,0,Minimum Variance,SignalScope Confidence Lens,0.1,1.1291651070408646,-0.007335535913215
2022-03-29,0.0128520372470032,0.0,0.0,0.0128520372470032,0,Minimum Variance,SignalScope Confidence Lens,0.1,1.1436771790545703,0.0
2022-03-30,0.0005335827030818,0.0,0.0,0.0005335827030818,0,Minimum Variance,SignalScope Confidence Lens,0.1,1.144287425415223,0.0
2022-03-31,-0.0087316185333567,0.0,0.0,-0.0087316185333567,0,Minimum Variance,SignalScope Confidence Lens,0.1,1.1342959441239808,-0.0087316185333565
2022-04-01,0.0095794368131018,0.2876292345895636,0.0002876292345895,0.0092918075785122,0,Minimum Variance,SignalScope Confidence Lens,0.1,1.1448356037738676,0.0
2022-04-04,0.0022838169284265,0.0,0.0,0.0022838169284265,0,Minimum Variance,SignalScope Confidence Lens,0.1,1.1474501987060317,0.0
2022-04-05,-0.0039037293204472,0.0,0.0,-0.0039037293204472,0,Minimum Variance,SignalScope Confidence Lens,0.1,1.1429708637215898,-0.0039037293204473
2022-04-06,0.011569802113559,0.0,0.0,0.011569802113559,0,Minimum Variance,SignalScope Confidence Lens,0.1,1.1561948104364124,0.0
2022-04-07,0.0033872724841371,0.0,0.0,0.0033872724841371,0,Minimum Variance,SignalScope Confidence Lens,0.1,1.1601111573041056,0.0
2022-04-08,0.0071247830651833,0.0,0.0,0.0071247830651833,0,Minimum Variance,SignalScope Confidence Lens,0.1,1.1683766976313965,0.0
2022-04-11,-0.0146003424180501,0.0,0.0,-0.0146003424180501,0,Minimum Variance,SignalScope Confidence Lens,0.1,1.1513179977727073,-0.0146003424180501
2022-04-12,0.0032361867293762,0.0,0.0,0.0032361867293762,0,Minimum Variance,SignalScope Confidence Lens,0.1,1.1550438777983911,-0.0114114051230514
2022-04-13,0.0061448782361203,0.0,0.0,0.0061448782361203,0,Minimum Variance,SignalScope Confidence Lens,0.1,1.1621414817848388,-0.0053366485819152
2022-04-14,0.0019531190284106,0.0,0.0,0.0019531190284106,0,Minimum Variance,SignalScope Confidence Lens,0.1,1.164411282426618,-0.003393952663398
2022-04-18,-0.0042617830354486,0.0,0.0,-0.0042617830354486,0,Minimum Variance,SignalScope Confidence Lens,0.1,1.1594488141768873,-0.0076412714089626
2022-04-19,0.0083121995795566,0.0,0.0,0.0083121995795566,0,Minimum Variance,SignalScope Confidence Lens,0.1,1.1690863841226058,0.0
2022-04-20,0.0026943065185749,0.0,0.0,0.0026943065185749,0,Minimum Variance,SignalScope Confidence Lens,0.1,1.1722362611881243,0.0
2022-04-21,-0.0110053324843423,0.0,0.0,-0.0110053324843423,0,Minimum Variance,SignalScope Confidence Lens,0.1,1.1593354113835468,-0.0110053324843424
2022-04-22,-0.0160172339004878,0.0,0.0,-0.0160172339004878,0,Minimum Variance,SignalScope Confidence Lens,0.1,1.1407660649302982,-0.0268462914002759
2022-04-25,-0.0018888833443728,0.0,0.0,-0.0018888833443728,0,Minimum Variance,SignalScope Confidence Lens,0.1,1.1386112909104258,-0.0286844652319644
2022-04-26,-0.0157406524648939,0.0,0.0,-0.0157406524648939,0,Minimum Variance,SignalScope Confidence Lens,0.1,1.1206888062876004,-0.0439736054985008
2022-04-27,-0.0028354278916533,0.0,0.0,-0.0028354278916533,0,Minimum Variance,SignalScope Confidence Lens,0.1,1.1175111739883887,-0.0466843494026272
2022-04-28,0.015874778915783,0.0,0.0,0.015874778915783,0,Minimum Variance,SignalScope Confidence Lens,0.1,1.1352514168113714,-0.0315506742124381
2022-04-29,-0.0313370925550982,0.0,0.0,-0.0313370925550982,0,Minimum Variance,SignalScope Confidence Lens,0.1,1.0996759380894472,-0.0618990603695653
2022-05-02,0.0005465078856123,0.4679646889618062,0.0004679646889618,7.854319665053303e-05,0,Minimum Variance,SignalScope Confidence Lens,0.1,1.0997623101529044,-0.061825378922986
2022-05-03,0.0026738801175308,0.0,0.0,0.0026738801175308,0,Minimum Variance,SignalScope Confidence Lens,0.1,1.102702942728032,-0.0593168124569162
2022-05-04,0.0245724798426904,0.0,0.0,0.0245724798426904,0,Minimum Variance,SignalScope Confidence Lens,0.1,1.129799088560692,-0.0362018937926558
2022-05-05,-0.0146137124521227,0.0,0.0,-0.0146137124521227,0,Minimum Variance,SignalScope Confidence Lens,0.1,1.1132885295517958,-0.0502865621786703
2022-05-06,-0.0050641460283424,0.0,0.0,-0.0050641460283424,0,Minimum Variance,SignalScope Confidence Lens,0.1,1.1076506738664669,-0.0550960497128767
2022-05-09,-0.0143229418575719,0.0,0.0,-0.0143229418575719,0,Minimum Variance,SignalScope Confidence Lens,0.1,1.091785857666177,-0.0686298540538293
2022-05-10,-0.0080144119446423,0.0,0.0,-0.0080144119446423,0,Minimum Variance,SignalScope Confidence Lens,0.1,1.0830358360475056,-0.0760942380763836
2022-05-11,0.0069443428848227,0.0,0.0,0.0069443428848227,0,Minimum Variance,SignalScope Confidence Lens,0.1,1.0905568082495702,-0.0696783196723225
2022-05-12,0.0072579292951573,0.0,0.0,0.0072579292951573,0,Minimum Variance,SignalScope Confidence Lens,0.1,1.098471992456198,-0.0629261106947522
2022-05-13,0.0096080397364305,0.0,0.0,0.0096080397364305,0,Minimum Variance,SignalScope Confidence Lens,0.1,1.1090261550090734,-0.0539226675303358
2022-05-16,0.0063351422552718,0.0,0.0,0.0063351422552718,0,Minimum Variance,SignalScope Confidence Lens,0.1,1.116051993465873,-0.0479291330446524
2022-05-17,-0.0024632186202564,0.0,0.0,-0.0024632186202564,0,Minimum Variance,SignalScope Confidence Lens,0.1,1.1133029134143937,-0.0502742917319405
2022-05-18,-0.0236273850793514,0.0,0.0,-0.0236273850793514,0,Minimum Variance,SignalScope Confidence Lens,0.1,1.0869984767691878,-0.0727138267609497
2022-05-19,-0.0049278484640749,0.0,0.0,-0.0049278484640749,0,Minimum Variance,SignalScope Confidence Lens,0.1,1.081641912994989,-0.0772833525055036
2022-05-20,0.0031834129865128,0.0,0.0,0.0031834129865128,0,Minimum Variance,SignalScope Confidence Lens,0.1,1.085085225907574,-0.0743459643469979
2022-05-23,0.0166050268525882,0.0,0.0,0.0166050268525882,0,Minimum Variance,SignalScope Confidence Lens,0.1,1.103103095221116,-0.0589754542287732
2022-05-24,0.010053541783994,0.0,0.0,0.010053541783994,0,Minimum Variance,SignalScope Confidence Lens,0.1,1.1141931882809746,-0.0495148246380983
2022-05-25,0.0054210439063819,0.0,0.0,0.0054210439063819,0,Minimum Variance,SignalScope Confidence Lens,0.1,1.1202332784748374,-0.0443622027700962
2022-05-26,0.0054578086134064,0.0,0.0,0.0054578086134064,0,Minimum Variance,SignalScope Confidence Lens,0.1,1.126347297311122,-0.0391465145690781
2022-05-27,0.010805797585347,0.0,0.0,0.010805797585347,0,Minimum Variance,SignalScope Confidence Lens,0.1,1.1385183782166686,-0.0287637262963363
2022-05-31,-0.0095088143701884,0.0,0.0,-0.0095088143701884,0,Minimum Variance,SignalScope Confidence Lens,0.1,1.1276924183011583,-0.0379990317325781
2022-06-01,-0.0053525106473109,0.4529368145067355,0.0004529368145067,-0.0058054474618176,0,Minimum Variance,SignalScope Confidence Lens,0.1,1.1211456592136209,-0.0435838778120722
2022-06-02,0.0033086169465234,0.0,0.0,0.0033086169465234,0,Minimum Variance,SignalScope Confidence Lens,0.1,1.1248551007412164,-0.0404194632222728
2022-06-03,-0.0052621584592553,0.0,0.0,-0.0052621584592553,0,Minimum Variance,SignalScope Confidence Lens,0.1,1.1189359349574144,-0.0454689280612147
2022-06-06,-0.004199904630658,0.0,0.0,-0.004199904630658,0,Minimum Variance,SignalScope Confidence Lens,0.1,1.1142365107427772,-0.0494778675303573
2022-06-07,0.0078594480963316,0.0,0.0,0.0078594480963316,0,Minimum Variance,SignalScope Confidence Lens,0.1,1.1229937947659978,-0.0420072881657975
2022-06-08,-0.0098046638772736,0.0,0.0,-0.0098046638772736,0,Minimum Variance,SignalScope Confidence Lens,0.1,1.1119832180720532,-0.0514000847022098
2022-06-09,-0.0228939810335109,0.0,0.0,-0.0228939810335109,0,Minimum Variance,SignalScope Confidence Lens,0.1,1.0865254953679293,-0.0731173131714273
2022-06-10,-0.0094059761272589,0.0,0.0,-0.0094059761272589,0,Minimum Variance,SignalScope Confidence Lens,0.1,1.0763056624968403,-0.0818355495965065
2022-06-13,-0.0329348182127507,0.0,0.0,-0.0329348182127507,0,Minimum Variance,SignalScope Confidence Lens,0.1,1.0408577311611529,-0.1120751288599558
2022-06-14,-0.014147121337523,0.0,0.0,-0.014147121337523,0,Minimum Variance,SignalScope Confidence Lens,0.1,1.026132590543317,-0.1246367097505785
2022-06-15,0.0023397984994492,0.0,0.0,0.0023397984994492,0,Minimum Variance,SignalScope Confidence Lens,0.1,1.0285335340389063,-0.1225885360375798
2022-06-16,-0.0082591286426104,0.0,0.0,-0.0082591286426104,0,Minimum Variance,SignalScope Confidence Lens,0.1,1.0200387432680402,-0.1298351901909465
2022-06-17,-0.0049020850864977,0.0,0.0,-0.0049020850864977,0,Minimum Variance,SignalScope Confidence Lens,0.1,1.015038426557016,-0.1341008121279067
2022-06-21,0.0220463086352981,0.0,0.0,0.0220463086352981,0,Minimum Variance,SignalScope Confidence Lens,0.1,1.0374162769855797,-0.1150109313850245
2022-06-22,0.0028711264758389,0.0,0.0,0.0028711264758389,0,Minimum Variance,SignalScope Confidence Lens,0.1,1.040394830324899,-0.1124700158392959
2022-06-23,0.0127949442203933,0.0,0.0,0.0127949442203933,0,Minimum Variance,SignalScope Confidence Lens,0.1,1.0537066241460915,-0.1011141191980331
2022-06-24,0.0143183658461461,0.0,0.0,0.0143183658461461,0,Minimum Variance,SignalScope Confidence Lens,0.1,1.068793981085123,-0.0882435423027753
2022-06-27,-0.002557298829197,0.0,0.0,-0.002557298829197,0,Minimum Variance,SignalScope Confidence Lens,0.1,1.0660607554886412,-0.0905751760245573
2022-06-28,-0.0082584248399861,0.0,0.0,-0.0082584248399861,0,Minimum Variance,SignalScope Confidence Lens,0.1,1.0572567728645794,-0.0980855925809761
2022-06-29,0.0002826877130985,0.0,0.0,0.0002826877130985,0,Minimum Variance,SignalScope Confidence Lens,0.1,1.0575556463638585,-0.0978306324597322
2022-06-30,-0.0071943659524646,0.0,0.0,-0.0071943659524646,0,Minimum Variance,SignalScope Confidence Lens,0.1,1.0499472040288216,-0.1043211690409204
2022-07-01,0.0149889459591867,0.2850251586638626,0.0002850251586638,0.0147039208005228,0,Minimum Variance,SignalScope Confidence Lens,0.1,1.0653855445615918,-0.0911511784477931
2022-07-05,-0.0044895238793016,0.0,0.0,-0.0044895238793016,0,Minimum Variance,SignalScope Confidence Lens,0.1,1.0606024707186197,-0.0952314769348271
2022-07-06,0.0017319554068387,0.0,0.0,0.0017319554068387,0,Minimum Variance,SignalScope Confidence Lens,0.1,1.0624393869022872,-0.0936644581993669
2022-07-07,0.0021656556913204,0.0,0.0,0.0021656556913204,0,Minimum Variance,SignalScope Confidence Lens,0.1,1.0647402648072153,-0.0917016474750203
2022-07-08,-0.0029019463543587,0.0,0.0,-0.0029019463543587,0,Minimum Variance,SignalScope Confidence Lens,0.1,1.061650445677419,-0.0943374805678003
2022-07-11,0.0006023219707844,0.0,0.0,0.0006023219707844,0,Minimum Variance,SignalScope Confidence Lens,0.1,1.0622899010661435,-0.0937919801342302
2022-07-12,-0.0057385828623018,0.0,0.0,-0.0057385828623018,0,Minimum Variance,SignalScope Confidence Lens,0.1,1.056193862445089,-0.0989923299467124
2022-07-13,-0.0013168274489051,0.0,0.0,-0.0013168274489051,0,Minimum Variance,SignalScope Confidence Lens,0.1,1.0548030373756565,-0.1001788015783127
2022-07-14,-0.0051110310993133,0.0,0.0,-0.0051110310993133,0,Minimum Variance,SignalScope Confidence Lens,0.1,1.0494119062479792,-0.1047778157072673
2022-07-15,0.0103289451916408,0.0,0.0,0.0103289451916408,0,Minimum Variance,SignalScope Confidence Lens,0.1,1.06025122431107,-0.0955311148313665
2022-07-18,-0.0125872239595003,0.0,0.0,-0.0125872239595003,0,Minimum Variance,SignalScope Confidence Lens,0.1,1.0469056046973322,-0.1069158672533836
2022-07-19,0.0134037859011583,0.0,0.0,0.0134037859011583,0,Minimum Variance,SignalScope Confidence Lens,0.1,1.060938103281418,-0.0949451587463262
2022-07-20,-0.007409842705175,0.0,0.0,-0.007409842705175,0,Minimum Variance,SignalScope Confidence Lens,0.1,1.053076718816176,-0.101651472759573
2022-07-21,0.0037369733368365,0.0,0.0,0.0037369733368365,0,Minimum Variance,SignalScope Confidence Lens,0.1,1.0570120384360355,-0.0982943682660891
2022-07-22,0.0001950374072083,0.0,0.0,0.0001950374072083,0,Minimum Variance,SignalScope Confidence Lens,0.1,1.0572181953234,-0.0981185019376106
2022-07-25,-0.0029789093855626,0.0,0.0,-0.0029789093855626,0,Minimum Variance,SignalScope Confidence Lens,0.1,1.0540688381187635,-0.100805125196854
2022-07-26,-0.0038822058520838,0.0,0.0,-0.0038822058520838,0,Minimum Variance,SignalScope Confidence Lens,0.1,1.0499767259069197,-0.1042959848019785
2022-07-27,0.0042648354248334,0.0,0.0,0.0042648354248334,0,Minimum Variance,SignalScope Confidence Lens,0.1,1.054454703842818,-0.1004759545877965
2022-07-28,0.0077543611667664,0.0,0.0,0.0077543611667664,0,Minimum Variance,SignalScope Confidence Lens,0.1,1.062631326450411,-0.0935007202614794
2022-07-29,0.0028325153234266,0.0,0.0,0.0028325153234266,0,Minimum Variance,SignalScope Confidence Lens,0.1,1.065641245965735,-0.0909330471609449
2022-08-01,-0.0049163681559154,0.1251881687304613,0.0001251881687304,-0.0050415563246459,0,Minimum Variance,SignalScope Confidence Lens,0.1,1.0602687556023327,-0.0955161594065574
2022-08-02,-0.0051110788458133,0.0,0.0,-0.0051110788458133,0,Minimum Variance,SignalScope Confidence Lens,0.1,1.0548496383946968,-0.1001390476305945
2022-08-03,0.0131732080364793,0.0,0.0,0.0131732080364793,0,Minimum Variance,SignalScope Confidence Lens,0.1,1.068745392128475,-0.088284992101128
2022-08-04,-0.0080830825135296,0.0,0.0,-0.0080830825135296,0,Minimum Variance,SignalScope Confidence Lens,0.1,1.060106634937946,-0.0956544597387979
2022-08-05,-0.0042040610620845,0.0,0.0,-0.0042040610620845,0,Minimum Variance,SignalScope Confidence Lens,0.1,1.055649881912346,-0.0994563836112799
2022-08-08,0.004020055551526,0.0,0.0,0.004020055551526,0,Minimum Variance,SignalScope Confidence Lens,0.1,1.0598936530805954,-0.0958361482468251
2022-08-09,0.002314599372883,0.0,0.0,0.002314599372883,0,Minimum Variance,SignalScope Confidence Lens,0.1,1.0623468822653384,-0.0937433711625738
2022-08-10,0.0110886042212563,0.0,0.0,0.0110886042212563,0,Minimum Variance,SignalScope Confidence Lens,0.1,1.0741268263884642,-0.0836942500825056
2022-08-11,-0.0011514972243927,0.0,0.0,-0.0011514972243927,0,Minimum Variance,SignalScope Confidence Lens,0.1,1.072889972329232,-0.0847493736102308
2022-08-12,0.0142976952056504,0.0,0.0,0.0142976952056504,0,Minimum Variance,SignalScope Confidence Lens,0.1,1.088229826142794,-0.0716633991173293
2022-08-15,0.0113963575727444,0.0,0.0,0.0113963575727444,0,Minimum Variance,SignalScope Confidence Lens,0.1,1.1006316823628428,-0.0610837432658043
2022-08-16,0.012667321546338,0.0,0.0,0.012667321546338,0,Minimum Variance,SignalScope Confidence Lens,0.1,1.11457373778742,-0.0491901891366681
2022-08-17,-0.0059741726628508,0.0,0.0,-0.0059741726628508,0,Minimum Variance,SignalScope Confidence Lens,0.1,1.1079150818323988,-0.0548704911162982
2022-08-18,-0.0021405345895533,0.0,0.0,-0.0021405345895533,0,Minimum Variance,SignalScope Confidence Lens,0.1,1.1055435512774487,-0.0568935735216714
2022-08-19,-0.0043296022366961,0.0,0.0,-0.0043296022366961,0,Minimum Variance,SignalScope Confidence Lens,0.1,1.1007569874450729,-0.0609768492151945
2022-08-22,-0.0138555797138378,0.0,0.0,-0.0138555797138378,0,Minimum Variance,SignalScope Confidence Lens,0.1,1.0855053612599637,-0.0739875593340325
2022-08-23,-0.0047614844344423,0.0,0.0,-0.0047614844344423,0,Minimum Variance,SignalScope Confidence Lens,0.1,1.0803367443788203,-0.0783967531563636
2022-08-24,0.000298861668768,0.0,0.0,0.000298861668768,0,Minimum Variance,SignalScope Confidence Lens,0.1,1.080659615621077,-0.0781213212720698
2022-08-25,0.0055982431996425,0.0,0.0,0.0055982431996425,0,Minimum Variance,SignalScope Confidence Lens,0.1,1.086709410965356,-0.0729604202279858
2022-08-26,-0.0181765032761984,0.0,0.0,-0.0181765032761984,0,Minimum Variance,SignalScope Confidence Lens,0.1,1.0669568337966684,-0.0898107581868775
2022-08-29,-0.0037574482444004,0.0,0.0,-0.0037574482444004,0,Minimum Variance,SignalScope Confidence Lens,0.1,1.062947798714668,-0.0932307471556004
2022-08-30,-0.0086510917676446,0.0,0.0,-0.0086510917676446,0,Minimum Variance,SignalScope Confidence Lens,0.1,1.0537521397637717,-0.101075291174036
2022-08-31,-0.0024301177025447,0.0,0.0,-0.0024301177025447,0,Minimum Variance,SignalScope Confidence Lens,0.1,1.051191398034837,-0.1032597840222089
2022-09-01,0.0115656520660292,0.3232327856988484,0.0003232327856988,0.0112424192803304,0,Minimum Variance,SignalScope Confidence Lens,0.1,1.0630093324754215,-0.0931782545286524
2022-09-02,-0.0090991315073201,0.0,0.0,-0.0090991315073201,0,Minimum Variance,SignalScope Confidence Lens,0.1,1.0533368707657191,-0.1014295448443938
2022-09-06,-0.0024763913542364,0.0,0.0,-0.0024763913542364,0,Minimum Variance,SignalScope Confidence Lens,0.1,1.0507283964458565,-0.1036547569507133
2022-09-07,0.0167304062640059,0.0,0.0,0.0167304062640059,0,Minimum Variance,SignalScope Confidence Lens,0.1,1.068307509391523,-0.0886585368816897
2022-09-08,0.0023232458344575,0.0,0.0,0.0023232458344575,0,Minimum Variance,SignalScope Confidence Lens,0.1,1.0707894503626367,-0.0865412666237316
2022-09-09,0.0090888959801138,0.0,0.0,0.0090888959801138,0,Minimum Variance,SignalScope Confidence Lens,0.1,1.080521744293586,-0.0782389352139482
2022-09-12,0.008527255994585,0.0,0.0,0.008527255994585,0,Minimum Variance,SignalScope Confidence Lens,0.1,1.0897356298148928,-0.0703788426486763
2022-09-13,-0.0298860739595448,0.0,0.0,-0.0298860739595448,0,Minimum Variance,SignalScope Confidence Lens,0.1,1.0571677101858938,-0.0981615693116356
2022-09-14,0.0065837305012073,0.0,0.0,0.0065837305012073,0,Minimum Variance,SignalScope Confidence Lens,0.1,1.0641278174843365,-0.0922241081283516
2022-09-15,-0.0110290659761348,0.0,0.0,-0.0110290659761348,0,Minimum Variance,SignalScope Confidence Lens,0.1,1.0523914815782611,-0.1022360283313487
2022-09-16,0.0005773446989933,0.0,0.0,0.0005773446989933,0,Minimum Variance,SignalScope Confidence Lens,0.1,1.052999074221416,-0.1017177090613585
2022-09-19,0.0038168594240773,0.0,0.0,0.0038168594240773,0,Minimum Variance,SignalScope Confidence Lens,0.1,1.0570182236614027,-0.0982890918337077
2022-09-20,-0.013319886884545,0.0,0.0,-0.013319886884545,0,Minimum Variance,SignalScope Confidence Lens,0.1,1.04293886048733,-0.1102997791330432
2022-09-21,-0.0128926589326545,0.0,0.0,-0.0128926589326545,0,Minimum Variance,SignalScope Confidence Lens,0.1,1.0294926054714555,-0.1217703806329882
2022-09-22,0.0032129238310797,0.0,0.0,0.0032129238310797,0,Minimum Variance,SignalScope Confidence Lens,0.1,1.0328002867974952,-0.1189486957597638
2022-09-23,-0.0168893875847833,0.0,0.0,-0.0168893875847833,0,Minimum Variance,SignalScope Confidence Lens,0.1,1.0153569224560968,-0.1338291127191562
2022-09-26,-0.0111858472259985,0.0,0.0,-0.0111858472259985,0,Minimum Variance,SignalScope Confidence Lens,0.1,1.0039992950416428,-0.1435179679358873
2022-09-27,-0.0062307031725597,0.0,0.0,-0.0062307031725597,0,Minimum Variance,SignalScope Confidence Lens,0.1,0.997743673448779,-0.1488544532503096
2022-09-28,0.0220229221344272,0.0,0.0,0.0220229221344272,0,Minimum Variance,SignalScope Confidence Lens,0.1,1.019716904679259,-0.1301097411491767
2022-09-29,-0.0169188026420062,0.0,0.0,-0.0169188026420062,0,Minimum Variance,SignalScope Confidence Lens,0.1,1.002464515618273,-0.1448272427588776
2022-09-30,-0.0167369235110042,0.0,0.0,-0.0167369235110042,0,Minimum Variance,SignalScope Confidence Lens,0.1,0.985686343697874,-0.1591402037855167
2022-10-03,0.0259919279934069,0.4023858328125116,0.0004023858328125,0.0255895421605944,0,Minimum Variance,SignalScope Confidence Lens,0.1,1.010909605947053,-0.1376229865791374
2022-10-04,0.0210996420216054,0.0,0.0,0.0210996420216054,0,Minimum Variance,SignalScope Confidence Lens,0.1,1.032239436748738,-0.119427140308296
2022-10-05,-0.0042154519206969,0.0,0.0,-0.0042154519206969,0,Minimum Variance,SignalScope Confidence Lens,0.1,1.0278880810324764,-0.1231391528609969
2022-10-06,-0.0077978960098329,0.0,0.0,-0.0077978960098329,0,Minimum Variance,SignalScope Confidence Lens,0.1,1.0198727166668384,-0.1299768225620809
2022-10-07,-0.0140408162009645,0.0,0.0,-0.0140408162009645,0,Minimum Variance,SignalScope Confidence Lens,0.1,1.005552871303741,-0.142192658087066
2022-10-10,0.0010222383751163,0.0,0.0,0.0010222383751163,0,Minimum Variance,SignalScope Confidence Lens,0.1,1.0065807860369962,-0.1413157745037059
2022-10-11,0.015265142454915,0.0,0.0,0.015265142454915,0,Minimum Variance,SignalScope Confidence Lens,0.1,1.021946385128231,-0.1282078374777165
2022-10-12,-0.0047477626727066,0.0,0.0,-0.0047477626727066,0,Minimum Variance,SignalScope Confidence Lens,0.1,1.017094426227412,-0.1323468997652981
2022-10-13,0.0192250826680715,0.0,0.0,0.0192250826680715,0,Minimum Variance,SignalScope Confidence Lens,0.1,1.0366481506528689,-0.1156661971860772
2022-10-14,-0.0121200044542871,0.0,0.0,-0.0121200044542871,0,Minimum Variance,SignalScope Confidence Lens,0.1,1.0240839704494276,-0.1263843268152588
2022-10-17,0.0122250372203682,0.0,0.0,0.0122250372203682,0,Minimum Variance,SignalScope Confidence Lens,0.1,1.0366034351049542,-0.1157043426942783
2022-10-18,0.0108512031038159,0.0,0.0,0.0108512031038159,0,Minimum Variance,SignalScope Confidence Lens,0.1,1.0478518295173913,-0.1061086709130315
2022-10-19,-0.0073669926322802,0.0,0.0,-0.0073669926322802,0,Minimum Variance,SignalScope Confidence Lens,0.1,1.0401323128096154,-0.1126939617484743
2022-10-20,-0.0027220560216226,0.0,0.0,-0.0027220560216226,0,Minimum Variance,SignalScope Confidence Lens,0.1,1.0373010143842476,-0.1151092584929192
2022-10-21,0.0200005144853434,0.0,0.0,0.0200005144853434,0,Minimum Variance,SignalScope Confidence Lens,0.1,1.0580475683481012,-0.0974109883994605
2022-10-24,0.0173224107778859,0.0,0.0,0.0173224107778859,0,Minimum Variance,SignalScope Confidence Lens,0.1,1.0763755029495703,-0.0817759707769097
2022-10-25,0.0089498255614673,0.0,0.0,0.0089498255614673,0,Minimum Variance,SignalScope Confidence Lens,0.1,1.0860088759396058,-0.0735580258890153
2022-10-26,0.0120230058626586,0.0,0.0,0.0120230058626586,0,Minimum Variance,SignalScope Confidence Lens,0.1,1.0990659670219272,-0.0624194086028658
2022-10-27,0.0015064095706174,0.0,0.0,0.0015064095706174,0,Minimum Variance,SignalScope Confidence Lens,0.1,1.1007216105133888,-0.0610070282267601
2022-10-28,0.0225534224592001,0.0,0.0,0.0225534224592001,0,Minimum Variance,SignalScope Confidence Lens,0.1,1.1255466500052684,-0.0398295230481384
2022-10-31,-0.0072460335835876,0.0,0.0,-0.0072460335835876,0,Minimum Variance,SignalScope Confidence Lens,0.1,1.1173909011794356,-0.046786950570101
2022-11-01,-0.0011692735979035,0.291199299754041,0.000291199299754,-0.0014604728976575,0,Minimum Variance,SignalScope Confidence Lens,0.1,1.1157589820521738,-0.048179092394487
2022-11-02,-0.0111985480815578,0.0,0.0,-0.0111985480815578,0,Minimum Variance,SignalScope Confidence Lens,0.1,1.1032641014442326,-0.0588381045933393
2022-11-03,-0.0047719844597642,0.0,0.0,-0.0047719844597642,0,Minimum Variance,SignalScope Confidence Lens,0.1,1.097999342297125,-0.0633293145323421
2022-11-04,0.0145343086541198,0.0,0.0,0.0145343086541198,0,Minimum Variance,SignalScope Confidence Lens,0.1,1.113958003640092,-0.0497154536824892
2022-11-07,0.0134698256329096,0.0,0.0,0.0134698256329096,0,Minimum Variance,SignalScope Confidence Lens,0.1,1.1289628237115084,-0.0369152865419435
2022-11-08,0.0098875620263678,0.0,0.0,0.0098875620263678,0,Minimum Variance,SignalScope Confidence Lens,0.1,1.1401255136564192,-0.0273927267009803
2022-11-09,-0.0122103783204905,0.0,0.0,-0.0122103783204905,0,Minimum Variance,SignalScope Confidence Lens,0.1,1.1262041498018307,-0.0392686294652221
2022-11-10,0.0226467044015089,0.0,0.0,0.0226467044015089,0,Minimum Variance,SignalScope Confidence Lens,0.1,1.1517089622781456,-0.0175112301074643
2022-11-11,-0.0039628527920955,0.0,0.0,-0.0039628527920955,0,Minimum Variance,SignalScope Confidence Lens,0.1,1.1471449092013,-0.0214046884724357
2022-11-14,-0.0029340201116327,0.0,0.0,-0.0029340201116327,0,Minimum Variance,SignalScope Confidence Lens,0.1,1.1437791629667462,-0.024275906797607
2022-11-15,0.0071881785602805,0.0,0.0,0.0071881785602805,0,Minimum Variance,SignalScope Confidence Lens,0.1,1.1520008518236793,-0.0172622277901005
2022-11-16,-0.0009620791737595,0.0,0.0,-0.0009620791737595,0,Minimum Variance,SignalScope Confidence Lens,0.1,1.1508925357959865,-0.0182076993340105
2022-11-17,0.0041661685913513,0.0,0.0,0.0041661685913513,0,Minimum Variance,SignalScope Confidence Lens,0.1,1.1556873481306404,-0.0141173870877453
2022-11-18,0.0083319537546061,0.0,0.0,0.0083319537546061,0,Minimum Variance,SignalScope Confidence Lens,0.1,1.1653164816700483,-0.0059030587494901
2022-11-21,0.0035215437228506,0.0,0.0,0.0035215437228506,0,Minimum Variance,SignalScope Confidence Lens,0.1,1.169420194611208,-0.0024023029061243
2022-11-22,0.0092586541601645,0.0,0.0,0.0092586541601645,0,Minimum Variance,SignalScope Confidence Lens,0.1,1.1802474517610253,0.0
2022-11-23,-0.0009826761378725,0.0,0.0,-0.0009826761378725,0,Minimum Variance,SignalScope Confidence Lens,0.1,1.179087650753395,-0.0009826761378725
2022-11-25,0.0006232884241708,0.0,0.0,0.0006232884241708,0,Minimum Variance,SignalScope Confidence Lens,0.1,1.1798225624371923,-0.0003600002043631
2022-11-28,-0.010457457915391,0.0,0.0,-0.010457457915391,0,Minimum Variance,SignalScope Confidence Lens,0.1,1.1674846176428764,-0.0108136934327676
2022-11-29,0.0031535154341226,0.0,0.0,0.0031535154341226,0,Minimum Variance,SignalScope Confidence Lens,0.1,1.171166298403714,-0.0076942791477851
2022-11-30,0.0173315412143317,0.0,0.0,0.0173315412143317,0,Minimum Variance,SignalScope Confidence Lens,0.1,1.1914644153733345,0.0
2022-12-01,0.0009782046063779,0.3316009804884355,0.0003316009804884,0.0006466036258895,0,Minimum Variance,SignalScope Confidence Lens,0.1,1.1922348205844329,0.0
2022-12-02,0.0028487335861373,0.0,0.0,0.0028487335861373,0,Minimum Variance,SignalScope Confidence Lens,0.1,1.1956311799603945,0.0
2022-12-05,-0.0082019322558158,0.0,0.0,-0.0082019322558158,0,Minimum Variance,SignalScope Confidence Lens,0.1,1.185824694019418,-0.0082019322558158
2022-12-06,-0.0110097633649623,0.0,0.0,-0.0110097633649623,0,Minimum Variance,SignalScope Confidence Lens,0.1,1.1727690447459351,-0.0191213942875063
2022-12-07,0.0031163444405012,0.0,0.0,0.0031163444405012,0,Minimum Variance,SignalScope Confidence Lens,0.1,1.176423797038521,-0.0160646386977876
2022-12-08,0.0043520191644807,0.0,0.0,0.0043520191644807,0,Minimum Variance,SignalScope Confidence Lens,0.1,1.1815436159487838,-0.0117825331487901
2022-12-09,-0.0163139907711476,0.0,0.0,-0.0163139907711476,0,Minimum Variance,SignalScope Confidence Lens,0.1,1.162267924302487,-0.0279043037828876
2022-12-12,0.0062243180018424,0.0,0.0,0.0062243180018424,0,Minimum Variance,SignalScope Confidence Lens,0.1,1.169502249466687,-0.02185367104141
2022-12-13,0.0038019165130297,0.0,0.0,0.0038019165130297,0,Minimum Variance,SignalScope Confidence Lens,0.1,1.1739485993809595,-0.018134840361183
2022-12-14,0.0001180926277914,0.0,0.0,0.0001180926277914,0,Minimum Variance,SignalScope Confidence Lens,0.1,1.1740872340559525,-0.0180188893243444
2022-12-15,-0.0155852275151212,0.0,0.0,-0.0155852275151212,0,Minimum Variance,SignalScope Confidence Lens,0.1,1.155788817390591,-0.033323288349776
2022-12-16,-0.0057324326800216,0.0,0.0,-0.0057324326800216,0,Minimum Variance,SignalScope Confidence Lens,0.1,1.1491633358025777,-0.0388646975226556
2022-12-19,-0.0013418670855102,0.0,0.0,-0.0013418670855102,0,Minimum Variance,SignalScope Confidence Lens,0.1,1.1476213113463891,-0.0401544133497718
2022-12-20,0.0011503371685664,0.0,0.0,0.0011503371685664,0,Minimum Variance,SignalScope Confidence Lens,0.1,1.1489414627962695,-0.0390502672953637
2022-12-21,0.0115676545455657,0.0,0.0,0.0115676545455657,0,Minimum Variance,SignalScope Confidence Lens,0.1,1.1622320207309738,-0.0279343327517829
2022-12-22,-0.0048003799319202,0.0,0.0,-0.0048003799319202,0,Minimum Variance,SignalScope Confidence Lens,0.1,1.1566528654624215,-0.0326006172733498
2022-12-23,0.0047420020778522,0.0,0.0,0.0047420020778522,0,Minimum Variance,SignalScope Confidence Lens,0.1,1.1621377157537982,-0.0280132073903471
2022-12-27,0.0013324840919831,0.0,0.0,0.0013324840919831,0,Minimum Variance,SignalScope Confidence Lens,0.1,1.163686245772734,-0.0267180504515769
2022-12-28,-0.0101271502558625,0.0,0.0,-0.0101271502558625,0,Minimum Variance,SignalScope Confidence Lens,0.1,1.1519014203111129,-0.0365746229959726
2022-12-29,0.0064709389179948,0.0,0.0,0.0064709389179948,0,Minimum Variance,SignalScope Confidence Lens,0.1,1.1593553040414977,-0.0303403562293334
2022-12-30,0.0001760285178774,0.0,0.0,0.0001760285178774,0,Minimum Variance,SignalScope Confidence Lens,0.1,1.1595593836373614,-0.0301696684793948
2023-01-03,0.0003194776328795,0.1248090860966746,0.0001248090860966,0.0001946685467828,0,Minimum Variance,SignalScope Confidence Lens,0.1,1.1597851133774826,-0.0299808730181317
2023-01-04,0.0085266342434973,0.0,0.0,0.0085266342434973,0,Minimum Variance,SignalScope Confidence Lens,0.1,1.1696741768403054,-0.0217098747131608
2023-01-05,0.0016353385645593,0.0,0.0,0.0016353385645593,0,Minimum Variance,SignalScope Confidence Lens,0.1,1.1715869901296616,-0.0201100391439517
2023-01-06,0.0149986396280508,0.0,0.0,0.0149986396280508,0,Minimum Variance,SignalScope Confidence Lens,0.1,1.1891592011875292,-0.0054130227459269
2023-01-09,-0.0164269237952907,0.0,0.0,-0.0164269237952907,0,Minimum Variance,SignalScope Confidence Lens,0.1,1.1696249736091529,-0.0217510272290681
2023-01-10,0.0020072067351295,0.0,0.0,0.0020072067351295,0,Minimum Variance,SignalScope Confidence Lens,0.1,1.1719726527337568,-0.0197874793022887
2023-01-11,0.0029245152255273,0.0,0.0,0.0029245152255273,0,Minimum Variance,SignalScope Confidence Lens,0.1,1.1754001046005782,-0.0169208328612558
2023-01-12,-0.0024385504118819,0.0,0.0,-0.0024385504118819,0,Minimum Variance,SignalScope Confidence Lens,0.1,1.1725338321913783,-0.0193181209691947
2023-01-13,0.0023947013232682,0.0,0.0,0.0023947013232682,0,Minimum Variance,SignalScope Confidence Lens,0.1,1.1753417005109037,-0.0169696807757745
2023-01-17,-0.006405545118069,0.0,0.0,-0.006405545118069,0,Minimum Variance,SignalScope Confidence Lens,0.1,1.167812996219133,-0.0232665258379952
2023-01-18,-0.0174016244268294,0.0,0.0,-0.0174016244268294,0,Minimum Variance,SignalScope Confidence Lens,0.1,1.1474911530581573,-0.0402632749204747
2023-01-19,-0.0015021175107984,0.0,0.0,-0.0015021175107984,0,Minimum Variance,SignalScope Confidence Lens,0.1,1.1457674865036624,-0.0417049122609729
2023-01-20,0.0087231358171408,0.0,0.0,0.0087231358171408,0,Minimum Variance,SignalScope Confidence Lens,0.1,1.155762171903298,-0.0333455740577265
2023-01-23,0.0027231607106448,0.0,0.0,0.0027231607106448,0,Minimum Variance,SignalScope Confidence Lens,0.1,1.158909498040675,-0.0307132187042294
2023-01-24,-0.0025499945510051,0.0,0.0,-0.0025499945510051,0,Minimum Variance,SignalScope Confidence Lens,0.1,1.1559542851355629,-0.033184894714895
2023-01-25,-0.0017098484646027,0.0,0.0,-0.0017098484646027,0,Minimum Variance,SignalScope Confidence Lens,0.1,1.1539777784759728,-0.0348380020382215
2023-01-26,0.000140514849853,0.0,0.0,0.000140514849853,0,Minimum Variance,SignalScope Confidence Lens,0.1,1.154139929490249,-0.0347023824449941
2023-01-27,-0.0060458000660533,0.0,0.0,-0.0060458000660533,0,Minimum Variance,SignalScope Confidence Lens,0.1,1.147162230228302,-0.0405383788449693
2023-01-30,-0.0037353154212635,0.0,0.0,-0.0037353154212635,0,Minimum Variance,SignalScope Confidence Lens,0.1,1.1428772174590391,-0.0441222706345802
2023-01-31,0.0076828220329881,0.0,0.0,0.0076828220329881,0,Minimum Variance,SignalScope Confidence Lens,0.1,1.1516577397263337,-0.0367784321545689
2023-02-01,-0.0189953013913082,0.1849206417653307,0.0001849206417653,-0.0191802220330736,0,Minimum Variance,SignalScope Confidence Lens,0.1,1.1295686885722749,-0.0552532356928896
2023-02-02,-0.0116706760413657,0.0,0.0,-0.0116706760413657,0,Minimum Variance,SignalScope Confidence Lens,0.1,1.1163858583414774,-0.0662790691202465
2023-02-03,-0.0095121021661743,0.0,0.0,-0.0095121021661743,0,Minimum Variance,SignalScope Confidence Lens,0.1,1.105766682000061,-0.0751607180094702
2023-02-06,-0.001514138631706,0.0,0.0,-0.001514138631706,0,Minimum Variance,SignalScope Confidence Lens,0.1,1.1040923979491912,-0.0765610528944513
2023-02-07,0.0086878151109823,0.0,0.0,0.0086878151109823,0,Minimum Variance,SignalScope Confidence Lens,0.1,1.113684548568015,-0.0685383860557181
2023-02-08,-0.0076244321819482,0.0,0.0,-0.0076244321819482,0,Minimum Variance,SignalScope Confidence Lens,0.1,1.1051933362553743,-0.0756402519613242
2023-02-09,-0.0017552590689564,0.0,0.0,-0.0017552590689564,0,Minimum Variance,SignalScope Confidence Lens,0.1,1.103253435628962,-0.0772627427920474
2023-02-10,0.0121017886343391,0.0,0.0,0.0121017886343391,0,Minimum Variance,SignalScope Confidence Lens,0.1,1.116604775517052,-0.0660959715402871
2023-02-13,0.0078130159192527,0.0,0.0,0.0078130159192527,0,Minimum Variance,SignalScope Confidence Lens,0.1,1.1253288264036805,-0.0587993644988773
2023-02-14,-0.0068497478463477,0.0,0.0,-0.0068497478463477,0,Minimum Variance,SignalScope Confidence Lens,0.1,1.1176206076985886,-0.0652463515248822
2023-02-15,-0.0001541279140113,0.0,0.0,-0.0001541279140113,0,Minimum Variance,SignalScope Confidence Lens,0.1,1.117448351165668,-0.0653904231548361
2023-02-16,-0.0128788187000546,0.0,0.0,-0.0128788187000546,0,Minimum Variance,SignalScope Confidence Lens,0.1,1.1030569364443306,-0.0774270904503596
2023-02-17,0.0130567987385808,0.0,0.0,0.0130567987385808,0,Minimum Variance,SignalScope Confidence Lens,0.1,1.1174593288606798,-0.065381241648703
2023-02-21,-0.0047584884110286,0.0,0.0,-0.0047584884110286,0,Minimum Variance,SignalScope Confidence Lens,0.1,1.1121419115945004,-0.0698286141790476
2023-02-22,-0.0043646991928557,0.0,0.0,-0.0043646991928557,0,Minimum Variance,SignalScope Confidence Lens,0.1,1.1072877466906228,-0.0738885324759579
2023-02-23,0.0024874858062271,0.0,0.0,0.0024874858062271,0,Minimum Variance,SignalScope Confidence Lens,0.1,1.110042109243925,-0.0715848433455076
2023-02-24,-0.00689322844346,0.0,0.0,-0.00689322844346,0,Minimum Variance,SignalScope Confidence Lens,0.1,1.1023903354030464,-0.0779846211106977
2023-02-27,0.000246186404969,0.0,0.0,0.000246186404969,0,Minimum Variance,SignalScope Confidence Lens,0.1,1.102661728916592,-0.0777576334592429
2023-02-28,-0.0102882053408866,0.0,0.0,-0.0102882053408866,0,Minimum Variance,SignalScope Confidence Lens,0.1,1.0913173186279608,-0.0872458523002794
2023-03-01,7.735818238851869e-05,0.2090765284972847,0.0002090765284972,-0.0001317183461087,0,Minimum Variance,SignalScope Confidence Lens,0.1,1.0911735721156712,-0.0873660787670184
2023-03-02,0.0060750791810871,0.0,0.0,0.0060750791810871,0,Minimum Variance,SignalScope Confidence Lens,0.1,1.0978025379665837,-0.081821755432182
2023-03-03,0.0039311456756611,0.0,0.0,0.0039311456756611,0,Minimum Variance,SignalScope Confidence Lens,0.1,1.1021181596664409,-0.078212262996563
2023-03-06,0.009450188240083,0.0,0.0,0.009450188240083,0,Minimum Variance,SignalScope Confidence Lens,0.1,1.1125333837381026,-0.0695011953644804
2023-03-07,-0.0107729259863281,0.0,0.0,-0.0107729259863281,0,Minimum Variance,SignalScope Confidence Lens,0.1,1.100548143937773,-0.0795253901171856
2023-03-08,-0.0064773714353721,0.0,0.0,-0.0064773714353721,0,Minimum Variance,SignalScope Confidence Lens,0.1,1.0934194848269785,-0.0854876460622259
2023-03-09,-0.0115104584019365,0.0,0.0,-0.0115104584019365,0,Minimum Variance,SignalScope Confidence Lens,0.1,1.0808337253310107,-0.0960141024702837
2023-03-10,-0.0033626712724776,0.0,0.0,-0.0033626712724776,0,Minimum Variance,SignalScope Confidence Lens,0.1,1.0771992368125152,-0.0990539098786318
2023-03-13,0.0061043854748257,0.0,0.0,0.0061043854748257,0,Minimum Variance,SignalScope Confidence Lens,0.1,1.0837748761872068,-0.0935541876524939
2023-03-14,0.0070970787651752,0.0,0.0,0.0070970787651752,0,Minimum Variance,SignalScope Confidence Lens,0.1,1.0914665118472255,-0.0871210703259003
2023-03-15,0.0044371048055831,0.0,0.0,0.0044371048055831,0,Minimum Variance,SignalScope Confidence Lens,0.1,1.096309463152076,-0.0830705308401277
2023-03-16,0.0014497144464066,0.0,0.0,0.0014497144464066,0,Minimum Variance,SignalScope Confidence Lens,0.1,1.09789879881854,-0.0817412449423505
2023-03-17,-0.0134162677960048,0.0,0.0,-0.0134162677960048,0,Minimum Variance,SignalScope Confidence Lens,0.1,1.0831690945206784,-0.09406085030623
2023-03-20,0.0133120102345405,0.0,0.0,0.0133120102345405,0,Minimum Variance,SignalScope Confidence Lens,0.1,1.0975882525926757,-0.0820009790736356
2023-03-21,-0.0015713804182422,0.0,0.0,-0.0015713804182422,0,Minimum Variance,SignalScope Confidence Lens,0.1,1.0958635239052588,-0.0834435047590849
2023-03-22,-0.0148485494904657,0.0,0.0,-0.0148485494904657,0,Minimum Variance,SignalScope Confidence Lens,0.1,1.0795915401357554,-0.0970530392394773
2023-03-23,0.0053828296866754,0.0,0.0,0.0053828296866754,0,Minimum Variance,SignalScope Confidence Lens,0.1,1.085402797527482,-0.0921926295336021
2023-03-24,0.0163321735461978,0.0,0.0,0.0163321735461978,0,Minimum Variance,SignalScope Confidence Lens,0.1,1.1031297843842296,-0.0773661620126273
2023-03-27,0.0054428607190696,0.0,0.0,0.0054428607190696,0,Minimum Variance,SignalScope Confidence Lens,0.1,1.1091339661556905,-0.0723443945377612
2023-03-28,-0.0010916321900525,0.0,0.0,-0.0010916321900525,0,Minimum Variance,SignalScope Confidence Lens,0.1,1.1079231998151544,-0.0733570532579663
2023-03-29,0.0066352200342944,0.0,0.0,0.0066352200342944,0,Minimum Variance,SignalScope Confidence Lens,0.1,1.1152745140270277,-0.0672085734131058
2023-03-30,0.0046977170181827,0.0,0.0,0.0046977170181827,0,Minimum Variance,SignalScope Confidence Lens,0.1,1.120513758091518,-0.0628265832540135
2023-03-31,0.0069356613355099,0.0,0.0,0.0069356613355099,0,Minimum Variance,SignalScope Confidence Lens,0.1,1.1282852620394206,-0.0563266658228205
2023-04-03,0.0107597043387021,0.1974829171800467,0.00019748291718,0.010562221421522,0,Minimum Variance,SignalScope Confidence Lens,0.1,1.140202460803721,-0.0463593791176552
2023-04-04,0.0058432002784349,0.0,0.0,0.0058432002784349,0,Minimum Variance,SignalScope Confidence Lens,0.1,1.1468648921401614,-0.0407870659761886
2023-04-05,0.0152277020222205,0.0,0.0,0.0152277020222205,0,Minimum Variance,SignalScope Confidence Lens,0.1,1.164329008977418,-0.0261804572410141
2023-04-06,0.000118919253789,0.0,0.0,0.000118919253789,0,Minimum Variance,SignalScope Confidence Lens,0.1,1.1644674701143305,-0.026064651347664
2023-04-10,-0.0013529965777156,0.0,0.0,-0.0013529965777156,0,Minimum Variance,SignalScope Confidence Lens,0.1,1.1628919496124046,-0.0273823825413068
2023-04-11,-0.000523213875836,0.0,0.0,-0.000523213875836,0,Minimum Variance,SignalScope Confidence Lens,0.1,1.1622835084082694,-0.0278912695746438
2023-04-12,0.0010101319469881,0.0,0.0,0.0010101319469881,0,Minimum Variance,SignalScope Confidence Lens,0.1,1.1634575681115702,-0.026909311490095
2023-04-13,0.0092642751414464,0.0,0.0,0.0092642751414464,0,Minimum Variance,SignalScope Confidence Lens,0.1,1.174236159137954,-0.0178943316141596
2023-04-14,-0.0043240353613405,0.0,0.0,-0.0043240353613405,0,Minimum Variance,SignalScope Confidence Lens,0.1,1.1691587204632767,-0.0221409912528329
2023-04-17,0.0002222558595416,0.0,0.0,0.0002222558595416,0,Minimum Variance,SignalScope Confidence Lens,0.1,1.169418572839634,-0.0219236563583332
2023-04-18,-0.0019877366784277,0.0,0.0,-0.0019877366784277,0,Minimum Variance,SignalScope Confidence Lens,0.1,1.167094076649966,-0.0238678145808923
2023-04-19,-0.0006404291940713,0.0,0.0,-0.0006404291940713,0,Minimum Variance,SignalScope Confidence Lens,0.1,1.1663466355310517,-0.0244929581297074
2023-04-20,-0.0053604681010197,0.0,0.0,-0.0053604681010197,0,Minimum Variance,SignalScope Confidence Lens,0.1,1.1600944715965558,-0.0297221325099732
2023-04-21,0.0056619625064685,0.0,0.0,0.0056619625064685,0,Minimum Variance,SignalScope Confidence Lens,0.1,1.1666628829986971,-0.0242284556033882
2023-04-24,0.0017007394499679,0.0,0.0,0.0017007394499679,0,Minimum Variance,SignalScope Confidence Lens,0.1,1.1686470725886264,-0.0225689224436766
2023-04-25,-0.0001883485932353,0.0,0.0,-0.0001883485932353,0,Minimum Variance,SignalScope Confidence Lens,0.1,1.1684269595565158,-0.022753020212119
2023-04-26,-0.0197558107797876,0.0,0.0,-0.0197558107797876,0,Minimum Variance,SignalScope Confidence Lens,0.1,1.1453437376335147,-0.0420593266299272
2023-04-27,0.0053930385977351,0.0,0.0,0.0053930385977351,0,Minimum Variance,SignalScope Confidence Lens,0.1,1.151520620618247,-0.0368931156041019
2023-04-28,0.0036843951579037,0.0,0.0,0.0036843951579037,0,Minimum Variance,SignalScope Confidence Lens,0.1,1.1557632776170788,-0.0333446492626899
2023-05-01,0.0010300875594688,0.2432443346223787,0.0002432443346223,0.0007868432248464,0,Minimum Variance,SignalScope Confidence Lens,0.1,1.1566726821215982,-0.0325840430492005
2023-05-02,-0.0076351721879656,0.0,0.0,-0.0076351721879656,0,Minimum Variance,SignalScope Confidence Lens,0.1,1.1478412870284838,-0.0399704304579056
2023-05-03,-0.0090834576235156,0.0,0.0,-0.0090834576235156,0,Minimum Variance,SignalScope Confidence Lens,0.1,1.1374149193392389,-0.048690818370163
2023-05-04,0.0007989295260456,0.0,0.0,0.0007989295260456,0,Minimum Variance,SignalScope Confidence Lens,0.1,1.1383236337016638,-0.0479307893765608
2023-05-05,0.0111147457989299,0.0,0.0,0.0111147457989299,0,Minimum Variance,SignalScope Confidence Lens,0.1,1.1509758115271722,-0.0373487821174931
2023-05-08,-0.0002932588307207,0.0,0.0,-0.0002932588307207,0,Minimum Variance,SignalScope Confidence Lens,0.1,1.1506382777064958,-0.0376310880880413
2023-05-09,-0.0046170652731975,0.0,0.0,-0.0046170652731975,0,Minimum Variance,SignalScope Confidence Lens,0.1,1.1453257056724853,-0.0420744081712349
2023-05-10,-0.000555327808141,0.0,0.0,-0.000555327808141,0,Minimum Variance,SignalScope Confidence Lens,0.1,1.1446896744587465,-0.0426063708905075
2023-05-11,-0.0016626781895243,0.0,0.0,-0.0016626781895243,0,Minimum Variance,SignalScope Confidence Lens,0.1,1.14278642390325,-0.0441982083964175
2023-05-12,0.0014296104946556,0.0,0.0,0.0014296104946556,0,Minimum Variance,SignalScope Confidence Lens,0.1,1.1444201633680122,-0.0428317841243304
2023-05-15,-0.0028738682697672,0.0,0.0,-0.0028738682697672,0,Minimum Variance,SignalScope Confidence Lens,0.1,1.1411312505732272,-0.0455825594887651
2023-05-16,-0.0151344758781054,0.0,0.0,-0.0151344758781054,0,Minimum Variance,SignalScope Confidence Lens,0.1,1.1238608271876744,-0.0600271672198254
2023-05-17,-0.0011364001270678,0.0,0.0,-0.0011364001270678,0,Minimum Variance,SignalScope Confidence Lens,0.1,1.1225836716008517,-0.0610953524664372
2023-05-18,0.0008880487189923,0.0,0.0,0.0008880487189923,0,Minimum Variance,SignalScope Confidence Lens,0.1,1.1235805805923786,-0.060261559396939
2023-05-19,0.0001655941131112,0.0,0.0,0.0001655941131112,0,Minimum Variance,SignalScope Confidence Lens,0.1,1.123766638922131,-0.0601059442433107
2023-05-22,-0.0058592415487971,0.0,0.0,-0.0058592415487971,0,Minimum Variance,SignalScope Confidence Lens,0.1,1.1171822187402063,-0.0656130105462677
2023-05-23,-0.0030977351005324,0.0,0.0,-0.0030977351005324,0,Minimum Variance,SignalScope Confidence Lens,0.1,1.113721484167524,-0.0685074939209794
2023-05-24,-0.0067312525729966,0.0,0.0,-0.0067312525729966,0,Minimum Variance,SignalScope Confidence Lens,0.1,1.1062247435616197,-0.074777605249251
2023-05-25,-0.0126156291376815,0.0,0.0,-0.0126156291376815,0,Minimum Variance,SignalScope Confidence Lens,0.1,1.092269022453919,-0.0864498678513041
2023-05-26,-0.0007535916425366,0.0,0.0,-0.0007535916425366,0,Minimum Variance,SignalScope Confidence Lens,0.1,1.0914458976471964,-0.0871383115959296
2023-05-30,-0.0034802080445601,0.0,0.0,-0.0034802080445601,0,Minimum Variance,SignalScope Confidence Lens,0.1,1.0876474388540025,-0.0903152601874843
2023-05-31,0.0067070671503765,0.0,0.0,0.0067070671503765,0,Minimum Variance,SignalScope Confidence Lens,0.1,1.0949423632623312,-0.0842139435518889
2023-06-01,-0.0011951325288167,0.3904277222493523,0.0003904277222493,-0.001585560251066,0,Minimum Variance,SignalScope Confidence Lens,0.1,1.093206266173934,-0.0856659775214736
2023-06-02,0.0125021311560191,0.0,0.0,0.0125021311560191,0,Minimum Variance,SignalScope Confidence Lens,0.1,1.106873674294223,-0.0742348536520365
2023-06-05,0.0012410924193062,0.0,0.0,0.0012410924193062,0,Minimum Variance,SignalScope Confidence Lens,0.1,1.1082474068205188,-0.0730858935468461
2023-06-06,-0.0064235920448533,0.0,0.0,-0.0064235920448533,0,Minimum Variance,SignalScope Confidence Lens,0.1,1.101128477594337,-0.0790400116273211
2023-06-07,0.000530083319534,0.0,0.0,0.000530083319534,0,Minimum Variance,SignalScope Confidence Lens,0.1,1.1017121674329735,-0.0785518260995264
2023-06-08,0.0060436467691928,0.0,0.0,0.0060436467691928,0,Minimum Variance,SignalScope Confidence Lens,0.1,1.1083705266142605,-0.0729829188203542
2023-06-09,-8.575540679130555e-05,0.0,0.0,-8.575540679130555e-05,0,Minimum Variance,SignalScope Confidence Lens,0.1,1.1082754778488753,-0.0730624155472532
2023-06-12,-0.0026492894464108,0.0,0.0,-0.0026492894464108,0,Minimum Variance,SignalScope Confidence Lens,0.1,1.1053393353216945,-0.0755181415072254
2023-06-13,0.0064624777728433,0.0,0.0,0.0064624777728433,0,Minimum Variance,SignalScope Confidence Lens,0.1,1.11248256620766,-0.069543698045319
2023-06-14,0.0020502091195899,0.0,0.0,0.0020502091195899,0,Minimum Variance,SignalScope Confidence Lens,0.1,1.114763388110284,-0.0676360680496716
2023-06-15,0.0095750067149786,0.0,0.0,0.0095750067149786,0,Minimum Variance,SignalScope Confidence Lens,0.1,1.1254372550370522,-0.0587086771404433
2023-06-16,0.0009144831316463,0.0,0.0,0.0009144831316463,0,Minimum Variance,SignalScope Confidence Lens,0.1,1.12646644842251,-0.0578478821037231
2023-06-20,-0.0077462003701099,0.0,0.0,-0.0077462003701099,0,Minimum Variance,SignalScope Confidence Lens,0.1,1.1177406136028232,-0.0651459811880711
2023-06-21,-0.0014855048924386,0.0,0.0,-0.0014855048924386,0,Minimum Variance,SignalScope Confidence Lens,0.1,1.1160802044528388,-0.066534711406732
2023-06-22,0.0079540753787169,0.0,0.0,0.0079540753787169,0,Minimum Variance,SignalScope Confidence Lens,0.1,1.1249575905277505,-0.0591098581378455
2023-06-23,-0.0052002259094653,0.0,0.0,-0.0052002259094653,0,Minimum Variance,SignalScope Confidence Lens,0.1,1.1191075569184383,-0.0640026994315177
2023-06-26,0.0007818751196555,0.0,0.0,0.0007818751196555,0,Minimum Variance,SignalScope Confidence Lens,0.1,1.1199825592734114,-0.0632708664301383
2023-06-27,0.0031484752436197,0.0,0.0,0.0031484752436197,0,Minimum Variance,SignalScope Confidence Lens,0.1,1.1235087966345696,-0.0603215979431163
2023-06-28,-0.0039970443115513,0.0,0.0,-0.0039970443115513,0,Minimum Variance,SignalScope Confidence Lens,0.1,1.1190180821900035,-0.0640775341547453
2023-06-29,-0.0008848434848498,0.0,0.0,-0.0008848434848498,0,Minimum Variance,SignalScope Confidence Lens,0.1,1.1180279263305486,-0.0649056790509731
2023-06-30,0.0063396650477269,0.0,0.0,0.0063396650477269,0,Minimum Variance,SignalScope Confidence Lens,0.1,1.125115848897489,-0.0589774942681246
2023-07-03,0.0034443442706755,0.3353428605364146,0.0003353428605364,0.0031090014101391,0,Minimum Variance,SignalScope Confidence Lens,0.1,1.128613835658281,-0.0560518539708314
2023-07-05,0.0020035647220558,0.0,0.0,0.0020035647220558,0,Minimum Variance,SignalScope Confidence Lens,0.1,1.1308750865242303,-0.0541605927659974
2023-07-06,-0.0081671018290604,0.0,0.0,-0.0081671018290604,0,Minimum Variance,SignalScope Confidence Lens,0.1,1.1216391145366391,-0.0618853595188158
2023-07-07,-0.013880024221747,0.0,0.0,-0.013880024221747,0,Minimum Variance,SignalScope Confidence Lens,0.1,1.1060707364588118,-0.0749064134514702
2023-07-10,0.0007775289406616,0.0,0.0,0.0007775289406616,0,Minimum Variance,SignalScope Confidence Lens,0.1,1.1069307384668277,-0.074187126415108
2023-07-11,0.0092033026778462,0.0,0.0,0.0092033026778462,0,Minimum Variance,SignalScope Confidence Lens,0.1,1.1171181570963498,-0.0656665903164597
2023-07-12,-0.0029981195620199,0.0,0.0,-0.0029981195620199,0,Minimum Variance,SignalScope Confidence Lens,0.1,1.1137689032964715,-0.0684678335894807
2023-07-13,0.0014219943271328,0.0,0.0,0.0014219943271328,0,Minimum Variance,SignalScope Confidence Lens,0.1,1.1153526763586958,-0.0671432001333033
2023-07-14,0.0033800986970063,0.0,0.0,0.0033800986970063,0,Minimum Variance,SignalScope Confidence Lens,0.1,1.1191226784867585,-0.0639900520795805
2023-07-17,-0.0056341227775031,0.0,0.0,-0.0056341227775031,0,Minimum Variance,SignalScope Confidence Lens,0.1,1.1128174039130756,-0.0692636470471286
2023-07-18,0.0009225710455972,0.0,0.0,0.0009225710455972,0,Minimum Variance,SignalScope Confidence Lens,0.1,1.1138440570289625,-0.0684049766368095
2023-07-19,0.0080219360133213,0.0,0.0,0.0080219360133213,0,Minimum Variance,SignalScope Confidence Lens,0.1,1.122779242783267,-0.0609317809690614
2023-07-20,0.0157494813612416,0.0,0.0,0.0157494813612416,0,Minimum Variance,SignalScope Confidence Lens,0.1,1.1404624335402709,-0.0461419435564994
2023-07-21,0.0062688672832669,0.0,0.0,0.0062688672832669,0,Minimum Variance,SignalScope Confidence Lens,0.1,1.1476118411776866,-0.0401623339935801
2023-07-24,0.0008675769916977,0.0,0.0,0.0008675769916977,0,Minimum Variance,SignalScope Confidence Lens,0.1,1.148607482806492,-0.0393296009187882
2023-07-25,-0.002895589639456,0.0,0.0,-0.002895589639456,0,Minimum Variance,SignalScope Confidence Lens,0.1,1.145281586879476,-0.0421113081732998
2023-07-26,0.0031396466743208,0.0,0.0,0.0031396466743208,0,Minimum Variance,SignalScope Confidence Lens,0.1,1.1488773664048828,-0.0391038761276367
2023-07-27,-0.0071750870004801,0.0,0.0,-0.0071750870004801,0,Minimum Variance,SignalScope Confidence Lens,0.1,1.1406340713480452,-0.0459983894148452
2023-07-28,0.0027102249875134,0.0,0.0,0.0027102249875134,0,Minimum Variance,SignalScope Confidence Lens,0.1,1.143725446309822,-0.0434128304117091
2023-07-31,-0.0039902671627955,0.0,0.0,-0.0039902671627955,0,Minimum Variance,SignalScope Confidence Lens,0.1,1.139161676218158,-0.0472298687828689
2023-08-01,-0.0053394214846253,0.1547340743456358,0.0001547340743456,-0.0054941555589709,0,Minimum Variance,SignalScope Confidence Lens,0.1,1.1329029447621972,-0.0524645360957172
2023-08-02,-0.0083095624716175,0.0,0.0,-0.0083095624716175,0,Minimum Variance,SignalScope Confidence Lens,0.1,1.1234890169684162,-0.060338141227103
2023-08-03,-0.0071222081020752,0.0,0.0,-0.0071222081020752,0,Minimum Variance,SignalScope Confidence Lens,0.1,1.1154872943891712,-0.0670306085308664
2023-08-04,-0.0059189843410619,0.0,0.0,-0.0059189843410619,0,Minimum Variance,SignalScope Confidence Lens,0.1,1.108884742561028,-0.0725528397496624
2023-08-07,0.0118040087537053,0.0,0.0,0.0118040087537053,0,Minimum Variance,SignalScope Confidence Lens,0.1,1.1219740277690686,-0.0616052453514682
2023-08-08,-0.0040698003445752,0.0,0.0,-0.0040698003445752,0,Minimum Variance,SignalScope Confidence Lens,0.1,1.1174078174842497,-0.0654243246472844
2023-08-09,0.0022707728450754,0.0,0.0,0.0022707728450754,0,Minimum Variance,SignalScope Confidence Lens,0.1,1.119945196813068,-0.0633021155820253
2023-08-10,-0.002161211470281,0.0,0.0,-0.002161211470281,0,Minimum Variance,SignalScope Confidence Lens,0.1,1.1175247584076295,-0.0653265177940174
2023-08-11,0.0059812164933179,0.0,0.0,0.0059812164933179,0,Minimum Variance,SignalScope Confidence Lens,0.1,1.1242089159243085,-0.05973603334638
2023-08-14,-0.000747648647427,0.0,0.0,-0.000747648647427,0,Minimum Variance,SignalScope Confidence Lens,0.1,1.1233684026488922,-0.060439020429273
2023-08-15,-0.0064755143415518,0.0,0.0,-0.0064755143415518,0,Minimum Variance,SignalScope Confidence Lens,0.1,1.116094014446693,-0.0665231610272457
2023-08-16,-0.002712231345209,0.0,0.0,-0.002712231345209,0,Minimum Variance,SignalScope Confidence Lens,0.1,1.1130669092765106,-0.0690549661699342
2023-08-17,-0.0054461626946751,0.0,0.0,-0.0054461626946751,0,Minimum Variance,SignalScope Confidence Lens,0.1,1.1070049657985317,-0.0741250442839727
2023-08-18,0.0037672611551641,0.0,0.0,0.0037672611551641,0,Minimum Variance,SignalScope Confidence Lens,0.1,1.111175342604758,-0.0706370315287643
2023-08-21,-0.0033323733196136,0.0,0.0,-0.0033323733196136,0,Minimum Variance,SignalScope Confidence Lens,0.1,1.1074724915396494,-0.0737340158891348
2023-08-22,-0.0056122508097754,0.0,0.0,-0.0056122508097754,0,Minimum Variance,SignalScope Confidence Lens,0.1,1.101257078152202,-0.0789324529085285
2023-08-23,0.0107513146116273,0.0,0.0,0.0107513146116273,0,Minimum Variance,SignalScope Confidence Lens,0.1,1.1130970394676978,-0.0690297659311882
2023-08-24,-0.0092653041945318,0.0,0.0,-0.0092653041945318,0,Minimum Variance,SignalScope Confidence Lens,0.1,1.1027838567989967,-0.0776554883458904
2023-08-25,0.0024536558450583,0.0,0.0,0.0024536558450583,0,Minimum Variance,SignalScope Confidence Lens,0.1,1.1054897088550677,-0.0753923723437128
2023-08-28,0.0031272550176155,0.0,0.0,0.0031272550176155,0,Minimum Variance,SignalScope Confidence Lens,0.1,1.1089468570940069,-0.072500888500799
2023-08-29,0.0050907289800534,0.0,0.0,0.0050907289800534,0,Minimum Variance,SignalScope Confidence Lens,0.1,1.1145922049967545,-0.0677792418949163
2023-08-30,0.0017255434893604,0.0,0.0,0.0017255434893604,0,Minimum Variance,SignalScope Confidence Lens,0.1,1.1165154823193784,-0.0661706544351216
2023-08-31,-0.0052469963639506,0.0,0.0,-0.0052469963639506,0,Minimum Variance,SignalScope Confidence Lens,0.1,1.110657129643354,-0.0710704536158508
2023-09-01,0.0001851657632837,0.2340072178882224,0.0002340072178882,-4.884145460448699e-05,0,Minimum Variance,SignalScope Confidence Lens,0.1,1.1106028835335755,-0.0711158238861212
2023-09-05,-0.0094328283733645,0.0,0.0,-0.0094328283733645,0,Minimum Variance,SignalScope Confidence Lens,0.1,1.1001267571422395,-0.0798778288981376
2023-09-06,-0.002634016486734,0.0,0.0,-0.002634016486734,0,Minimum Variance,SignalScope Confidence Lens,0.1,1.0972290051264295,-0.0823014458666294
2023-09-07,0.0058179598670987,0.0,0.0,0.0058179598670987,0,Minimum Variance,SignalScope Confidence Lens,0.1,1.103612639443272,-0.0769623125085868
2023-09-08,0.0038148708088829,0.0,0.0,0.0038148708088829,0,Minimum Variance,SignalScope Confidence Lens,0.1,1.1078227790857984,-0.0734410429790769
2023-09-11,0.0035244194735192,0.0,0.0,0.0035244194735192,0,Minimum Variance,SignalScope Confidence Lens,0.1,1.1117272112616168,-0.0701754605475886
2023-09-12,-0.001684097848078,0.0,0.0,-0.001684097848078,0,Minimum Variance,SignalScope Confidence Lens,0.1,1.1098549538574811,-0.0717413760535706
2023-09-13,0.0001642828067424,0.0,0.0,0.0001642828067424,0,Minimum Variance,SignalScope Confidence Lens,0.1,1.110037283944378,-0.0715888791214458
2023-09-14,0.0089631828967423,0.0,0.0,0.0089631828967423,0,Minimum Variance,SignalScope Confidence Lens,0.1,1.1199867511425747,-0.0632673604416416
2023-09-15,-0.0089780590929946,0.0,0.0,-0.0089780590929946,0,Minimum Variance,SignalScope Confidence Lens,0.1,1.1099314439074457,-0.0716774014339333
2023-09-18,0.0010518398404515,0.0,0.0,0.0010518398404515,0,Minimum Variance,SignalScope Confidence Lens,0.1,1.1110989140203174,-0.07070095473997
2023-09-19,0.0002025287363588,0.0,0.0,0.0002025287363588,0,Minimum Variance,SignalScope Confidence Lens,0.1,1.1113239434793436,-0.0705127449786341
2023-09-20,0.0016868263763222,0.0,0.0,0.0016868263763222,0,Minimum Variance,SignalScope Confidence Lens,0.1,1.113198554019843,-0.0689448613604086
2023-09-21,-0.0140450689891844,0.0,0.0,-0.0140450689891844,0,Minimum Variance,SignalScope Confidence Lens,0.1,1.097563603529974,-0.0820215950153363
2023-09-22,-0.0015204831222568,0.0,0.0,-0.0015204831222568,0,Minimum Variance,SignalScope Confidence Lens,0.1,1.0958947765952034,-0.0834173656867117
2023-09-25,-0.0017179362174339,0.0,0.0,-0.0017179362174339,0,Minimum Variance,SignalScope Confidence Lens,0.1,1.0940120992679938,-0.0849919961904696
2023-09-26,-0.00634501303298,0.0,0.0,-0.00634501303298,0,Minimum Variance,SignalScope Confidence Lens,0.1,1.0870705782399006,-0.0907977338999219
2023-09-27,-0.0064848175857567,0.0,0.0,-0.0064848175857567,0,Minimum Variance,SignalScope Confidence Lens,0.1,1.0800211238371715,-0.0966937447441377
2023-09-28,0.0020637778868663,0.0,0.0,0.0020637778868663,0,Minimum Variance,SignalScope Confidence Lens,0.1,1.0822500475498955,-0.0948295212694725
2023-09-29,-0.0044961899001715,0.0,0.0,-0.0044961899001715,0,Minimum Variance,SignalScope Confidence Lens,0.1,1.0773840458166415,-0.0988993396338742
2023-10-02,-0.0073253056275841,0.2425334618171473,0.0002425334618171,-0.0075678390894013,0,Minimum Variance,SignalScope Confidence Lens,0.1,1.069230576720413,-0.1057187244348781
2023-10-03,-0.0081659403206066,0.0,0.0,-0.0081659403206066,0,Minimum Variance,SignalScope Confidence Lens,0.1,1.0604993036419463,-0.1130213719609789
2023-10-04,0.0055423492843741,0.0,0.0,0.0055423492843741,0,Minimum Variance,SignalScope Confidence Lens,0.1,1.0663769611985656,-0.1081054265966117
2023-10-05,-0.0131314882673352,0.0,0.0,-0.0131314882673352,0,Minimum Variance,SignalScope Confidence Lens,0.1,1.05237384464403,-0.1198173297229582
2023-10-06,0.0053415702623834,0.0,0.0,0.0053415702623834,0,Minimum Variance,SignalScope Confidence Lens,0.1,1.0579951734774906,-0.1151157721459412
2023-10-09,0.0042146461368361,0.0,0.0,0.0042146461368361,0,Minimum Variance,SignalScope Confidence Lens,0.1,1.062454248748179,-0.1113862982534688
2023-10-10,0.0106377126091116,0.0,0.0,0.0106377126091116,0,Minimum Variance,SignalScope Confidence Lens,0.1,1.0737563317066918,-0.1019334810737702
2023-10-11,0.0018200178028882,0.0,0.0,0.0018200178028882,0,Minimum Variance,SignalScope Confidence Lens,0.1,1.075710587346362,-0.1002989840211466
2023-10-12,-0.0051812167198482,0.0,0.0,-0.0051812167198482,0,Minimum Variance,SignalScope Confidence Lens,0.1,1.0701370976654851,-0.1049605299680007
2023-10-13,0.0028246483133951,0.0,0.0,0.0028246483133951,0,Minimum Variance,SignalScope Confidence Lens,0.1,1.0731598586135076,-0.1024323582385527
2023-10-16,0.0063864650537589,0.0,0.0,0.0063864650537589,0,Minimum Variance,SignalScope Confidence Lens,0.1,1.0800135565476396,-0.0967000738610585
2023-10-17,0.0051863619118196,0.0,0.0,0.0051863619118196,0,Minimum Variance,SignalScope Confidence Lens,0.1,1.0856148977215672,-0.0920152335291819
2023-10-18,-0.0066394299943623,0.0,0.0,-0.0066394299943623,0,Minimum Variance,SignalScope Confidence Lens,0.1,1.078407033607308,-0.0980437348221124
2023-10-19,-0.0044827946327456,0.0,0.0,-0.0044827946327456,0,Minimum Variance,SignalScope Confidence Lens,0.1,1.073572756345138,-0.1020870195266231
2023-10-20,-3.361247710523846e-05,0.0,0.0,-3.361247710523846e-05,0,Minimum Variance,SignalScope Confidence Lens,0.1,1.0735366709054446,-0.1021172006061217
2023-10-23,-0.0044302392350424,0.0,0.0,-0.0044302392350424,0,Minimum Variance,SignalScope Confidence Lens,0.1,1.0687806466257423,-0.1060950362124664
2023-10-24,0.0156876018486389,0.0,0.0,0.0156876018486389,0,Minimum Variance,SignalScope Confidence Lens,0.1,1.0855472518735378,-0.0920718110500455
2023-10-25,-0.0012107195639488,0.0,0.0,-0.0012107195639488,0,Minimum Variance,SignalScope Confidence Lens,0.1,1.0842329585781036,-0.0931710574710679
2023-10-26,-0.0025070013644358,0.0,0.0,-0.0025070013644358,0,Minimum Variance,SignalScope Confidence Lens,0.1,1.081514785071582,-0.0954444788672977
2023-10-27,-0.0160379937303548,0.0,0.0,-0.0160379937303548,0,Minimum Variance,SignalScope Confidence Lens,0.1,1.064169457729318,-0.109951734643982
2023-10-30,0.0050669585186293,0.0,0.0,0.0050669585186293,0,Minimum Variance,SignalScope Confidence Lens,0.1,1.0695615602284247,-0.1054418970038449
2023-10-31,0.0060362950345227,0.0,0.0,0.0060362950345227,0,Minimum Variance,SignalScope Confidence Lens,0.1,1.076017749363548,-0.1000420803686372
2023-11-01,0.0041596772771587,0.3557478370056937,0.0003557478370056,0.003803929440153,0,Minimum Variance,SignalScope Confidence Lens,0.1,1.080110844958479,-0.0966187039432526
2023-11-02,0.0149285790679608,0.0,0.0,0.0149285790679608,0,Minimum Variance,SignalScope Confidence Lens,0.1,1.0962353651096035,-0.0831325048365525
2023-11-03,0.001733689428242,0.0,0.0,0.001733689428242,0,Minimum Variance,SignalScope Confidence Lens,0.1,1.0981358967729593,-0.0815429413530889
2023-11-06,0.0009429732249617,0.0,0.0,0.0009429732249617,0,Minimum Variance,SignalScope Confidence Lens,0.1,1.0991714095209857,-0.0806768609385079
2023-11-07,0.0014704544558915,0.0,0.0,0.0014704544558915,0,Minimum Variance,SignalScope Confidence Lens,0.1,1.100787691017904,-0.0793250381322708
2023-11-08,-0.0007818002705052,0.0,0.0,-0.0007818002705052,0,Minimum Variance,SignalScope Confidence Lens,0.1,1.099927094903297,-0.0800448220665064
2023-11-09,-0.0101490139171489,0.0,0.0,-0.0101490139171489,0,Minimum Variance,SignalScope Confidence Lens,0.1,1.0887639195092746,-0.0893814599705066
2023-11-10,0.0046950694208067,0.0,0.0,0.0046950694208067,0,Minimum Variance,SignalScope Confidence Lens,0.1,1.0938757416942404,-0.0851060427091944
2023-11-13,0.003248501011232,0.0,0.0,0.003248501011232,0,Minimum Variance,SignalScope Confidence Lens,0.1,1.0974291981472963,-0.0821340087637652
2023-11-14,0.007758880998701,0.0,0.0,0.007758880998701,0,Minimum Variance,SignalScope Confidence Lens,0.1,1.1059440207002211,-0.0750123957650084
2023-11-15,0.0034017833887365,0.0,0.0,0.0034017833887365,0,Minimum Variance,SignalScope Confidence Lens,0.1,1.1097062026987117,-0.0718657882981346
2023-11-16,-0.0144958233119959,0.0,0.0,-0.0144958233119959,0,Minimum Variance,SignalScope Confidence Lens,0.1,1.0936200976561652,-0.0853198578407834
2023-11-17,-6.078742624511664e-05,0.0,0.0,-6.078742624511664e-05,0,Minimum Variance,SignalScope Confidence Lens,0.1,1.0935536193051387,-0.0853754588924629
2023-11-20,0.0039528737017851,0.0,0.0,0.0039528737017851,0,Minimum Variance,SignalScope Confidence Lens,0.1,1.097876298648382,-0.0817600635969116
2023-11-21,0.0032326041549534,0.0,0.0,0.0032326041549534,0,Minimum Variance,SignalScope Confidence Lens,0.1,1.1014252981330177,-0.0787917573632509
2023-11-22,-0.0009203390355639,0.0,0.0,-0.0009203390355639,0,Minimum Variance,SignalScope Confidence Lens,0.1,1.100411613436388,-0.0796395812688328
2023-11-24,0.0045699186802018,0.0,0.0,0.0045699186802018,0,Minimum Variance,SignalScope Confidence Lens,0.1,1.105440405024542,-0.0754336089987547
2023-11-27,0.0004874356447934,0.0,0.0,0.0004874356447934,0,Minimum Variance,SignalScope Confidence Lens,0.1,1.105979236081146,-0.0749829423838026
2023-11-28,-0.0002473940058814,0.0,0.0,-0.0002473940058814,0,Minimum Variance,SignalScope Confidence Lens,0.1,1.1057056234475102,-0.0752117860591949
2023-11-29,-0.0019368107003294,0.0,0.0,-0.0019368107003294,0,Minimum Variance,SignalScope Confidence Lens,0.1,1.1035640809646026,-0.0770029257674941
2023-11-30,0.0088241022492266,0.0,0.0,0.0088241022492266,0,Minimum Variance,SignalScope Confidence Lens,0.1,1.113302043253608,-0.0688583052087294
2023-12-01,0.0035511139566413,0.2970568893887989,0.0002970568893887,0.0032540570672525,0,Minimum Variance,SignalScope Confidence Lens,0.1,1.116924791635444,-0.0658283169961805
2023-12-04,0.0012462871344997,0.0,0.0,0.0012462871344997,0,Minimum Variance,SignalScope Confidence Lens,0.1,1.1183168006334632,-0.0646640708462388
2023-12-05,0.0029648221490215,0.0,0.0,0.0029648221490215,0,Minimum Variance,SignalScope Confidence Lens,0.1,1.1216324110536042,-0.061890966166708
2023-12-06,-0.0031076981411035,0.0,0.0,-0.0031076981411035,0,Minimum Variance,SignalScope Confidence Lens,0.1,1.1181467160947711,-0.0648063258673043
2023-12-07,0.0004977040505932,0.0,0.0,0.0004977040505932,0,Minimum Variance,SignalScope Confidence Lens,0.1,1.118703222244529,-0.0643408761875995
2023-12-08,-0.0020721442498765,0.0,0.0,-0.0020721442498765,0,Minimum Variance,SignalScope Confidence Lens,0.1,1.1163851077952367,-0.0662796968608518
2023-12-11,0.0064926239900213,0.0,0.0,0.0064926239900213,0,Minimum Variance,SignalScope Confidence Lens,0.1,1.1236333765282107,-0.0602174020207205
2023-12-12,0.0035624797493027,0.0,0.0,0.0035624797493027,0,Minimum Variance,SignalScope Confidence Lens,0.1,1.1276362976777332,-0.0568694455466721
2023-12-13,0.015259234234334,0.0,0.0,0.015259234234334,0,Minimum Variance,SignalScope Confidence Lens,0.1,1.144843164075135,-0.0424779955027113
2023-12-14,-0.002633493926893,0.0,0.0,-0.002633493926893,0,Minimum Variance,SignalScope Confidence Lens,0.1,1.141828226555298,-0.0449996238864215
2023-12-15,-0.0042298418332374,0.0,0.0,-0.0042298418332374,0,Minimum Variance,SignalScope Confidence Lens,0.1,1.136998473756243,-0.0490391244280643
2023-12-18,0.0037964527533866,0.0,0.0,0.0037964527533866,0,Minimum Variance,SignalScope Confidence Lens,0.1,1.1413150347425314,-0.0454288463936363
2023-12-19,0.0040541469331121,0.0,0.0,0.0040541469331121,0,Minimum Variance,SignalScope Confidence Lens,0.1,1.1459420935903477,-0.0415588746788058
2023-12-20,-0.013032931711318,0.0,0.0,-0.013032931711318,0,Minimum Variance,SignalScope Confidence Lens,0.1,1.1310071085394595,-0.0540501724144358
2023-12-21,0.0076730703516357,0.0,0.0,0.0076730703516357,0,Minimum Variance,SignalScope Confidence Lens,0.1,1.139685405651483,-0.0467918328382541
2023-12-22,0.0064946071306948,0.0,0.0,0.0064946071306948,0,Minimum Variance,SignalScope Confidence Lens,0.1,1.1470872146137758,-0.0406011202787689
2023-12-26,0.0034048673573878,0.0,0.0,0.0034048673573878,0,Minimum Variance,SignalScope Confidence Lens,0.1,1.1509928944268912,-0.0373344943504916
2023-12-27,0.0036757665577317,0.0,0.0,0.0036757665577317,0,Minimum Variance,SignalScope Confidence Lens,0.1,1.1552236756164125,-0.0337959606785432
2023-12-28,0.0018864515508389,0.0,0.0,0.0018864515508389,0,Minimum Variance,SignalScope Confidence Lens,0.1,1.157402949110845,-0.0319732635701383
2023-12-29,-0.0003074563386304,0.0,0.0,-0.0003074563386304,0,Minimum Variance,SignalScope Confidence Lens,0.1,1.1570470982377914,-0.0322708895262173
2021-01-04,0.0042082481466122,1.0,0.001,0.0032082481466122,0,Minimum Variance,Standard Sentiment,0.1,1.0032082481466122,0.0
2021-01-05,0.0011208640078537,0.0,0.0,0.0011208640078537,0,Minimum Variance,Standard Sentiment,0.1,1.0043327081643418,0.0
2021-01-06,0.0065031054428093,0.0,0.0,0.0065031054428093,0,Minimum Variance,Standard Sentiment,0.1,1.0108639896651967,0.0
2021-01-07,0.0062191297992761,0.0,0.0,0.0062191297992761,0,Minimum Variance,Standard Sentiment,0.1,1.017150684026339,0.0
2021-01-08,-0.0021937669181519,0.0,0.0,-0.0021937669181519,0,Minimum Variance,Standard Sentiment,0.1,1.0149192925049462,-0.002193766918152
2021-01-11,0.0009045075592567,0.0,0.0,0.0009045075592567,0,Minimum Variance,Standard Sentiment,0.1,1.0158372946770522,-0.0012912436376562
2021-01-12,0.0015554788969463,0.0,0.0,0.0015554788969463,0,Minimum Variance,Standard Sentiment,0.1,1.0174174081516534,0.0
2021-01-13,-0.0015303322945023,0.0,0.0,-0.0015303322945023,0,Minimum Variance,Standard Sentiment,0.1,1.01586042143497,-0.0015303322945023
2021-01-14,0.0038539068535102,0.0,0.0,0.0038539068535102,0,Minimum Variance,Standard Sentiment,0.1,1.019775452875348,0.0
2021-01-15,-0.0052322591925638,0.0,0.0,-0.0052322591925638,0,Minimum Variance,Standard Sentiment,0.1,1.01443972338769,-0.0052322591925637
2021-01-19,0.0101543069752507,0.0,0.0,0.0101543069752507,0,Minimum Variance,Standard Sentiment,0.1,1.0247406557468572,0.0
2021-01-20,0.0145775239482082,0.0,0.0,0.0145775239482082,0,Minimum Variance,Standard Sentiment,0.1,1.0396788371967096,0.0
2021-01-21,-0.0094064845259273,0.0,0.0,-0.0094064845259273,0,Minimum Variance,Standard Sentiment,0.1,1.0298991143026848,-0.0094064845259271
2021-01-22,-0.0003185180094724,0.0,0.0,-0.0003185180094724,0,Minimum Variance,Standard Sentiment,0.1,1.0295710728868397,-0.0097220064006723
2021-01-25,0.0033007931235722,0.0,0.0,0.0033007931235722,0,Minimum Variance,Standard Sentiment,0.1,1.0329694740044535,-0.0064533036089746
2021-01-26,-0.0022029177930419,0.0,0.0,-0.0022029177930419,0,Minimum Variance,Standard Sentiment,0.1,1.0306939271705,-0.0086420053046724
2021-01-27,-0.0225438583533811,0.0,0.0,-0.0225438583533811,0,Minimum Variance,Standard Sentiment,0.1,1.007458109270678,-0.0309910395145759
2021-01-28,0.001161994794039,0.0,0.0,0.001161994794039,0,Minimum Variance,Standard Sentiment,0.1,1.008628770348863,-0.0298650561471146
2021-01-29,-0.0106476973516585,0.0,0.0,-0.0106476973516585,0,Minimum Variance,Standard Sentiment,0.1,0.9978891964620128,-0.0401947594195283
2021-02-01,0.0002758946046977,0.1211416268555913,0.0001211416268555,0.0001547529778421,0,Minimum Variance,Standard Sentiment,0.1,0.998043622786722,-0.0400462267004
2021-02-02,0.0063069458421524,0.0,0.0,0.0063069458421524,0,Minimum Variance,Standard Sentiment,0.1,1.004338229863743,-0.0339918502412296
2021-02-03,-0.0011846842160037,0.0,0.0,-0.0011846842160037,0,Minimum Variance,Standard Sentiment,0.1,1.0031484062152949,-0.0351362648487797
2021-02-04,0.0030735514594811,0.0,0.0,0.0030735514594811,0,Minimum Variance,Standard Sentiment,0.1,1.0062316344632938,-0.0321707065074053
2021-02-05,0.0144086564185533,0.0,0.0,0.0144086564185533,0,Minimum Variance,Standard Sentiment,0.1,1.0207300803617547,-0.0182255867456593
2021-02-08,0.0023857859942518,0.0,0.0,0.0023857859942518,0,Minimum Variance,Standard Sentiment,0.1,1.0231653238913934,-0.0158832831010022
2021-02-09,-0.0010682089229804,0.0,0.0,-0.0010682089229804,0,Minimum Variance,Standard Sentiment,0.1,1.0220723695627283,-0.0169345253592482
2021-02-10,-0.0070888202394994,0.0,0.0,-0.0070888202394994,0,Minimum Variance,Standard Sentiment,0.1,1.014827082263139,-0.0239032997926346
2021-02-11,-0.0048447390160722,0.0,0.0,-0.0048447390160722,0,Minimum Variance,Standard Sentiment,0.1,1.0099105099031318,-0.0286322335595887
2021-02-12,0.0041822207344107,0.0,0.0,0.0041822207344107,0,Minimum Variance,Standard Sentiment,0.1,1.014134178577548,-0.0245697591460434
2021-02-16,-0.0088869490955064,0.0,0.0,-0.0088869490955064,0,Minimum Variance,Standard Sentiment,0.1,1.005121619756516,-0.0332383580427301
2021-02-17,0.0072973456318371,0.0,0.0,0.0072973456318371,0,Minimum Variance,Standard Sentiment,0.1,1.0124563396179111,-0.0261835641977656
2021-02-18,-0.011765485302331,0.0,0.0,-0.011765485302331,0,Minimum Variance,Standard Sentiment,0.1,1.0005442994348848,-0.0376409871603652
2021-02-19,-0.0072405215461922,0.0,0.0,-0.0072405215461922,0,Minimum Variance,Standard Sentiment,0.1,0.9932998368769066,-0.0446089683280029
2021-02-22,0.0019514209496425,0.0,0.0,0.0019514209496425,0,Minimum Variance,Standard Sentiment,0.1,0.9952381829878648,-0.0427445982536976
2021-02-23,-0.0071096836166663,0.0,0.0,-0.0071096836166663,0,Minimum Variance,Standard Sentiment,0.1,0.9881623543835952,-0.0495503813004587
2021-02-24,-0.0005294934887566,0.0,0.0,-0.0005294934887566,0,Minimum Variance,Standard Sentiment,0.1,0.9876391288511146,-0.0500536381849513
2021-02-25,-0.0088417861489441,0.0,0.0,-0.0088417861489441,0,Minimum Variance,Standard Sentiment,0.1,0.9789066348814836,-0.0584528607690875
2021-02-26,-0.0172566600806674,0.0,0.0,-0.0172566600806674,0,Minimum Variance,Standard Sentiment,0.1,0.9620139758326238,-0.0747008197007201
2021-03-01,0.008916767334584,0.2456325315237113,0.0002456325315237,0.0086711348030603,0,Minimum Variance,Standard Sentiment,0.1,0.9703557286994966,-0.0666774257751837
2021-03-02,0.0047624102465778,0.0,0.0,0.0047624102465778,0,Minimum Variance,Standard Sentiment,0.1,0.9749769607646804,-0.0622325607843331
2021-03-03,-0.0132144763451791,0.0,0.0,-0.0132144763451791,0,Minimum Variance,Standard Sentiment,0.1,0.962093150779561,-0.0746246664271278
2021-03-04,-0.0028282440134194,0.0,0.0,-0.0028282440134194,0,Minimum Variance,Standard Sentiment,0.1,0.9593721165855168,-0.0772418536744714
2021-03-05,0.015240190474548,0.0,0.0,0.015240190474548,0,Minimum Variance,Standard Sentiment,0.1,0.9739931303782504,-0.0631788437625294
2021-03-08,-0.0051650592131615,0.0,0.0,-0.0051650592131615,0,Minimum Variance,Standard Sentiment,0.1,0.968962398186634,-0.0680175805066385
2021-03-09,0.00718514159024,0.0,0.0,0.00718514159024,0,Minimum Variance,Standard Sentiment,0.1,0.9759245302132236,-0.0613211548629643
2021-03-10,0.0092307672821334,0.0,0.0,0.0092307672821334,0,Minimum Variance,Standard Sentiment,0.1,0.9849330624365472,-0.0526564288908425
2021-03-11,-0.0005194033773927,0.0,0.0,-0.0005194033773927,0,Minimum Variance,Standard Sentiment,0.1,0.984421484877412,-0.0531484823412279
2021-03-12,0.0050277700798122,0.0,0.0,0.0050277700798122,0,Minimum Variance,Standard Sentiment,0.1,0.9893709297650028,-0.0483879306107184
2021-03-15,0.0136396875828281,0.0,0.0,0.0136396875828281,0,Minimum Variance,Standard Sentiment,0.1,1.0028656401505298,-0.0354082392841998
2021-03-16,0.0053786530818396,0.0,0.0,0.0053786530818396,0,Minimum Variance,Standard Sentiment,0.1,1.0082597065165966,-0.0302200348377087
2021-03-17,-0.0109033314397356,0.0,0.0,-0.0109033314397356,0,Minimum Variance,Standard Sentiment,0.1,0.9972663167591156,-0.0407938672214884
2021-03-18,-0.0079876488079414,0.0,0.0,-0.0079876488079414,0,Minimum Variance,Standard Sentiment,0.1,0.9893005036528544,-0.0484556689445468
2021-03-19,-0.0024132489696058,0.0,0.0,-0.0024132489696058,0,Minimum Variance,Standard Sentiment,0.1,0.9869130752317836,-0.0507519823210007
2021-03-22,0.0102758385414031,0.0,0.0,0.0102758385414031,0,Minimum Variance,Standard Sentiment,0.1,0.9970544346472652,-0.0409976629555842
2021-03-23,0.0003465906848581,0.0,0.0,0.0003465906848581,0,Minimum Variance,Standard Sentiment,0.1,0.9974000044266104,-0.0406652816788075
2021-03-24,-0.0068664362065435,0.0,0.0,-0.0068664362065435,0,Minimum Variance,Standard Sentiment,0.1,0.9905514209238088,-0.0472524923228824
2021-03-25,0.0025572175639971,0.0,0.0,0.0025572175639971,0,Minimum Variance,Standard Sentiment,0.1,0.9930844764154376,-0.0448161096621959
2021-03-26,0.0173051955544137,0.0,0.0,0.0173051955544137,0,Minimum Variance,Standard Sentiment,0.1,1.0102699974818594,-0.0282864656494743
2021-03-29,0.0109794484756777,0.0,0.0,0.0109794484756777,0,Minimum Variance,Standard Sentiment,0.1,1.0213622048657347,-0.0176175869659539
2021-03-30,-0.0088347276677731,0.0,0.0,-0.0088347276677731,0,Minimum Variance,Standard Sentiment,0.1,1.0123387479355896,-0.0262966680507195
2021-03-31,0.0016227764259305,0.0,0.0,0.0016227764259305,0,Minimum Variance,Standard Sentiment,0.1,1.0139815473907956,-0.0247165652377822
2021-04-01,0.0078304817943597,0.6504855727973763,0.0006504855727973,0.0071799962215623,0,Minimum Variance,Standard Sentiment,0.1,1.0212619310697957,-0.0177140338612371
2021-04-05,0.0120892692091907,0.0,0.0,0.0120892692091907,0,Minimum Variance,Standard Sentiment,0.1,1.0336082414875962,-0.0058389143761755
2021-04-06,0.000471540500553,0.0,0.0,0.000471540500553,0,Minimum Variance,Standard Sentiment,0.1,1.034095629635163,-0.0053701271602301
2021-04-07,-0.0007860751187326,0.0,0.0,-0.0007860751187326,0,Minimum Variance,Standard Sentiment,0.1,1.0332827527903166,-0.0061519809556178
2021-04-08,-0.0002166591666386,0.0,0.0,-0.0002166591666386,0,Minimum Variance,Standard Sentiment,0.1,1.033058882610195,-0.0063673072391894
2021-04-09,0.0035389293117871,0.0,0.0,0.0035389293117871,0,Minimum Variance,Standard Sentiment,0.1,1.0367148049706665,-0.0028509113776281
2021-04-12,0.001541767844243,0.0,0.0,0.001541767844243,0,Minimum Variance,Standard Sentiment,0.1,1.0383131785206208,-0.0013135389768739
2021-04-13,0.002554227437113,0.0,0.0,0.002554227437113,0,Minimum Variance,Standard Sentiment,0.1,1.0409652665295142,0.0
2021-04-14,-0.0027361003158255,0.0,0.0,-0.0027361003158255,0,Minimum Variance,Standard Sentiment,0.1,1.0381170811349991,-0.0027361003158254
2021-04-15,0.0073707860029616,0.0,0.0,0.0073707860029616,0,Minimum Variance,Standard Sentiment,0.1,1.0457688199860646,0.0
2021-04-16,0.0018456486620227,0.0,0.0,0.0018456486620227,0,Minimum Variance,Standard Sentiment,0.1,1.0476989418094569,0.0
2021-04-19,-0.0008662929348743,0.0,0.0,-0.0008662929348743,0,Minimum Variance,Standard Sentiment,0.1,1.046791327618292,-0.0008662929348742
2021-04-20,0.0060151954933424,0.0,0.0,0.0060151954933424,0,Minimum Variance,Standard Sentiment,0.1,1.0530879820946517,0.0
2021-04-21,0.0047019132620181,0.0,0.0,0.0047019132620181,0,Minimum Variance,Standard Sentiment,0.1,1.0580395104437343,0.0
2021-04-22,0.0005668333490811,0.0,0.0,0.0005668333490811,0,Minimum Variance,Standard Sentiment,0.1,1.0586392425228994,0.0
2021-04-23,0.002532571704224,0.0,0.0,0.002532571704224,0,Minimum Variance,Standard Sentiment,0.1,1.061320322313494,0.0
2021-04-26,-0.0069168781196359,0.0,0.0,-0.0069168781196359,0,Minimum Variance,Standard Sentiment,0.1,1.053979298998159,-0.006916878119636
2021-04-27,-0.0045098666582383,0.0,0.0,-0.0045098666582383,0,Minimum Variance,Standard Sentiment,0.1,1.0492259928991334,-0.0113955505798635
2021-04-28,-0.0006321239482578,0.0,0.0,-0.0006321239482578,0,Minimum Variance,Standard Sentiment,0.1,1.0485627520218872,-0.0120204711276963
2021-04-29,0.008952273039089,0.0,0.0,0.008952273039089,0,Minimum Variance,Standard Sentiment,0.1,1.0579497720766056,-0.0031758086282011
2021-04-30,-0.0007505901642407,0.0,0.0,-0.0007505901642407,0,Minimum Variance,Standard Sentiment,0.1,1.057155685383424,-0.003924015061722
2021-05-03,0.0078753652777466,0.4278262988463904,0.0004278262988463,0.0074475389789002,0,Minimum Variance,Standard Sentiment,0.1,1.0650288935570833,0.0
2021-05-04,-0.0045201476881806,0.0,0.0,-0.0045201476881806,0,Minimum Variance,Standard Sentiment,0.1,1.0602148056660257,-0.0045201476881806
2021-05-05,0.0016614265762577,0.0,0.0,0.0016614265762577,0,Minimum Variance,Standard Sentiment,0.1,1.061976274720701,-0.0028662310054207
2021-05-06,0.007024649473416,0.0,0.0,0.007024649473416,0,Minimum Variance,Standard Sentiment,0.1,1.0694362857996982,0.0
2021-05-07,0.0010246310898996,0.0,0.0,0.0010246310898996,0,Minimum Variance,Standard Sentiment,0.1,1.0705320634667952,0.0
2021-05-10,0.0051160415307941,0.0,0.0,0.0051160415307941,0,Minimum Variance,Standard Sentiment,0.1,1.076008949963538,0.0
2021-05-11,-0.0088138875211755,0.0,0.0,-0.0088138875211755,0,Minimum Variance,Standard Sentiment,0.1,1.0665251281067814,-0.0088138875211755
2021-05-12,-0.013725085303711,0.0,0.0,-0.013725085303711,0,Minimum Variance,Standard Sentiment,0.1,1.0518869797449644,-0.0224180014668011
2021-05-13,0.0122819236653974,0.0,0.0,0.0122819236653974,0,Minimum Variance,Standard Sentiment,0.1,1.0648061753348177,-0.0104114139841496
2021-05-14,0.0027691515576492,0.0,0.0,0.0027691515576492,0,Minimum Variance,Standard Sentiment,0.1,1.0677547850138405,-0.007671093209752
2021-05-17,-0.0013722526851044,0.0,0.0,-0.0013722526851044,0,Minimum Variance,Standard Sentiment,0.1,1.066289555643072,-0.0090328192166017
2021-05-18,-0.0042524366439509,0.0,0.0,-0.0042524366439509,0,Minimum Variance,Standard Sentiment,0.1,1.0617552268635932,-0.0132468443691178
2021-05-19,0.0004162917299349,0.0,0.0,0.0004162917299349,0,Minimum Variance,Standard Sentiment,0.1,1.0621972267837516,-0.0128360671909416
2021-05-20,0.009999522514911,0.0,0.0,0.009999522514911,0,Minimum Variance,Standard Sentiment,0.1,1.072818691868252,-0.002964899218909
2021-05-21,-0.0012522470268031,0.0,0.0,-0.0012522470268031,0,Minimum Variance,Standard Sentiment,0.1,1.0714752578510611,-0.0042134334594806
2021-05-24,-0.0017397301483197,0.0,0.0,-0.0017397301483197,0,Minimum Variance,Standard Sentiment,0.1,1.069611180041799,-0.005945833370583
2021-05-25,-0.0058221101296727,0.0,0.0,-0.0058221101296727,0,Minimum Variance,Standard Sentiment,0.1,1.0633837859556663,-0.0117333262035596
2021-05-26,0.0007201819953565,0.0,0.0,0.0007201819953565,0,Minimum Variance,Standard Sentiment,0.1,1.0641496158124657,-0.0110215943384804
2021-05-27,-0.0045088932203204,0.0,0.0,-0.0045088932203204,0,Minimum Variance,Standard Sentiment,0.1,1.0593514788243223,-0.0154807923668108
2021-05-28,0.0017297280866455,0.0,0.0,0.0017297280866455,0,Minimum Variance,Standard Sentiment,0.1,1.061183868830874,-0.0137778418415259
2021-06-01,-0.0044421105486901,0.2269758596330403,0.000226975859633,-0.0046690864083231,0,Minimum Variance,Standard Sentiment,0.1,1.056229109652184,-0.0183825983157708
2021-06-02,0.0016253245650136,0.0,0.0,0.0016253245650136,0,Minimum Variance,Standard Sentiment,0.1,1.0579458247703843,-0.0167871514393684
2021-06-03,0.0043278120050565,0.0,0.0,0.0043278120050565,0,Minimum Variance,Standard Sentiment,0.1,1.062524415411525,-0.012531991069842
2021-06-04,0.0057686589831989,0.0,0.0,0.0057686589831989,0,Minimum Variance,Standard Sentiment,0.1,1.0686537564253569,-0.0068356248695055
2021-06-07,-0.0040912184396149,0.0,0.0,-0.0040912184396149,0,Minimum Variance,Standard Sentiment,0.1,1.0642816604715055,-0.0108988772746079
2021-06-08,-0.0060423655837318,0.0,0.0,-0.0060423655837318,0,Minimum Variance,Standard Sentiment,0.1,1.0578508815948755,-0.0168753878573943
2021-06-09,0.0055269228039436,0.0,0.0,0.0055269228039436,0,Minimum Variance,Standard Sentiment,0.1,1.0636975417555343,-0.0114417340194251
2021-06-10,0.008469653768062,0.0,0.0,0.008469653768062,0,Minimum Variance,Standard Sentiment,0.1,1.0727066916481425,-0.0030689877770141
2021-06-11,0.0018306157351037,0.0,0.0,0.0018306157351037,0,Minimum Variance,Standard Sentiment,0.1,1.0746704053970244,-0.0012439901792258
2021-06-14,0.000582945613078,0.0,0.0,0.000582945613078,0,Minimum Variance,Standard Sentiment,0.1,1.0752968797953557,-0.0006617697447653
2021-06-15,-0.0041273384542614,0.0,0.0,-0.0041273384542614,0,Minimum Variance,Standard Sentiment,0.1,1.0708587656336288,-0.0047863768513113
2021-06-16,-0.0108315114614521,0.0,0.0,-0.0108315114614521,0,Minimum Variance,Standard Sentiment,0.1,1.0592597466400715,-0.0155660446170395
2021-06-17,-0.0001720605723276,0.0,0.0,-0.0001720605723276,0,Minimum Variance,Standard Sentiment,0.1,1.0590774898018211,-0.0157354268868216
2021-06-18,-0.0111887477160879,0.0,0.0,-0.0111887477160879,0,Minimum Variance,Standard Sentiment,0.1,1.047227738956641,-0.0267481148812679
2021-06-21,0.0104804483305443,0.0,0.0,0.0104804483305443,0,Minimum Variance,Standard Sentiment,0.1,1.0582031551650888,-0.0165479987866762
2021-06-22,-0.0009200942739951,0.0,0.0,-0.0009200942739951,0,Minimum Variance,Standard Sentiment,0.1,1.0572295085012977,-0.0174528673417416
2021-06-23,-0.007416905211787,0.0,0.0,-0.007416905211787,0,Minimum Variance,Standard Sentiment,0.1,1.0493881374496394,-0.0247403262907811
2021-06-24,0.0050100692229177,0.0,0.0,0.0050100692229177,0,Minimum Variance,Standard Sentiment,0.1,1.054645644659971,-0.0198542078151775
2021-06-25,0.0114927833744659,0.0,0.0,0.0114927833744659,0,Minimum Variance,Standard Sentiment,0.1,1.066766458590872,-0.008589604550203
2021-06-28,0.0020946439722175,0.0,0.0,0.0020946439722175,0,Minimum Variance,Standard Sentiment,0.1,1.0690009545231234,-0.0065129527413803
2021-06-29,-0.0034777157768054,0.0,0.0,-0.0034777157768054,0,Minimum Variance,Standard Sentiment,0.1,1.0652832730381585,-0.0099680183196834
2021-06-30,0.0074497298448335,0.0,0.0,0.0074497298448335,0,Minimum Variance,Standard Sentiment,0.1,1.0732193456305126,-0.0025925475184198
2021-07-01,0.0038060069595538,0.4164753598189522,0.0004164753598189,0.0033895315997348,0,Minimum Variance,Standard Sentiment,0.1,1.076857056515974,0.0
2021-07-02,0.0049065241562358,0.0,0.0,0.0049065241562358,0,Minimum Variance,Standard Sentiment,0.1,1.0821406816765826,0.0
2021-07-06,-0.0021613329051819,0.0,0.0,-0.0021613329051819,0,Minimum Variance,Standard Sentiment,0.1,1.079801815413239,-0.0021613329051819
2021-07-07,0.0023760763374298,0.0,0.0,0.0023760763374298,0,Minimum Variance,Standard Sentiment,0.1,1.0823675069559562,0.0
2021-07-08,-0.0048916001089852,0.0,0.0,-0.0048916001089852,0,Minimum Variance,Standard Sentiment,0.1,1.0770729979409683,-0.0048916001089852
2021-07-09,0.0065909683825412,0.0,0.0,0.0065909683825412,0,Minimum Variance,Standard Sentiment,0.1,1.0841719520160864,0.0
2021-07-12,0.0019896810366675,0.0,0.0,0.0019896810366675,0,Minimum Variance,Standard Sentiment,0.1,1.0863291083894997,0.0
2021-07-13,-0.00263061567544,0.0,0.0,-0.00263061567544,0,Minimum Variance,Standard Sentiment,0.1,1.0834713940082834,-0.00263061567544
2021-07-14,0.0041741986618151,0.0,0.0,0.0041741986618151,0,Minimum Variance,Standard Sentiment,0.1,1.0879940188512678,0.0
2021-07-15,0.0017200746698773,0.0,0.0,0.0017200746698773,0,Minimum Variance,Standard Sentiment,0.1,1.089865449804072,0.0
2021-07-16,-0.0011182790621998,0.0,0.0,-0.0011182790621998,0,Minimum Variance,Standard Sentiment,0.1,1.088646676090941,-0.0011182790621997
2021-07-19,-0.0137521538246112,0.0,0.0,-0.0137521538246112,0,Minimum Variance,Standard Sentiment,0.1,1.073675439540687,-0.0148550541411287
2021-07-20,0.0051291219264207,0.0,0.0,0.0051291219264207,0,Minimum Variance,Standard Sentiment,0.1,1.079182451779494,-0.0098021255986215
2021-07-21,-0.001898684247742,0.0,0.0,-0.001898684247742,0,Minimum Variance,Standard Sentiment,0.1,1.0771334250578608,-0.011682198704895
2021-07-22,-2.666629804383476e-05,0.0,0.0,-2.666629804383476e-05,0,Minimum Variance,Standard Sentiment,0.1,1.077104701896915,-0.0117085534819464
2021-07-23,0.0102249275307571,0.0,0.0,0.0102249275307571,0,Minimum Variance,Standard Sentiment,0.1,1.088118019416849,-0.0016033450620323
2021-07-26,0.0013201826558637,0.0,0.0,0.0013201826558637,0,Minimum Variance,Standard Sentiment,0.1,1.089554533953616,-0.0002852791145107
2021-07-27,0.0015434672997716,0.0,0.0,0.0015434672997716,0,Minimum Variance,Standard Sentiment,0.1,1.0912362257480912,0.0
2021-07-28,-0.0009707045086322,0.0,0.0,-0.0009707045086322,0,Minimum Variance,Standard Sentiment,0.1,1.0901769578237748,-0.0009707045086321
2021-07-29,-0.0006506662440518,0.0,0.0,-0.0006506662440518,0,Minimum Variance,Standard Sentiment,0.1,1.0894676164772756,-0.0016207391480274
2021-07-30,-0.0029227117067167,0.0,0.0,-0.0029227117067167,0,Minimum Variance,Standard Sentiment,0.1,1.0862834167205089,-0.0045387139014626
2021-08-02,-0.0014232336926448,0.1600434127004124,0.0001600434127004,-0.0015832771053452,0,Minimum Variance,Standard Sentiment,0.1,1.084563529056899,-0.006114804965
2021-08-03,0.0006460835285636,0.0,0.0,0.0006460835285636,0,Minimum Variance,Standard Sentiment,0.1,1.0852642476887036,-0.0054726721112045
2021-08-04,-0.008091988257928,0.0,0.0,-0.008091988257928,0,Minimum Variance,Standard Sentiment,0.1,1.0764823021396577,-0.0135203755706692
2021-08-05,0.004458679778857,0.0,0.0,0.004458679778857,0,Minimum Variance,Standard Sentiment,0.1,1.081281992012505,-0.0091219788169717
2021-08-06,-0.0011120858484944,0.0,0.0,-0.0011120858484944,0,Minimum Variance,Standard Sentiment,0.1,1.080079513610956,-0.0102239202419135
2021-08-09,0.000984629252585,0.0,0.0,0.000984629252585,0,Minimum Variance,Standard Sentiment,0.1,1.0811429914951751,-0.0092493577602748
2021-08-10,0.0044119123394905,0.0,0.0,0.0044119123394905,0,Minimum Variance,Standard Sentiment,0.1,1.0859128996001064,-0.0048782527764191
2021-08-11,0.0040792066468705,0.0,0.0,0.0040792066468705,0,Minimum Variance,Standard Sentiment,0.1,1.0903425627180778,-0.0008189455306991
2021-08-12,0.0026663786644447,0.0,0.0,0.0026663786644447,0,Minimum Variance,Standard Sentiment,0.1,1.0932498288642454,0.0
2021-08-13,0.004079639374103,0.0,0.0,0.004079639374103,0,Minimum Variance,Standard Sentiment,0.1,1.0977098939118115,0.0
2021-08-16,0.0068225718637342,0.0,0.0,0.0068225718637342,0,Minimum Variance,Standard Sentiment,0.1,1.105199098548557,0.0
2021-08-17,0.0029576805376772,0.0,0.0,0.0029576805376772,0,Minimum Variance,Standard Sentiment,0.1,1.1084679244125923,0.0
2021-08-18,-0.0109432347906013,0.0,0.0,-0.0109432347906013,0,Minimum Variance,Standard Sentiment,0.1,1.0963376996578948,-0.0109432347906013
2021-08-19,0.0015302643822105,0.0,0.0,0.0015302643822105,0,Minimum Variance,Standard Sentiment,0.1,1.098015386190556,-0.009429716450817
2021-08-20,0.003866636605061,0.0,0.0,0.003866636605061,0,Minimum Variance,Standard Sentiment,0.1,1.1022610126757206,-0.00559954113256
2021-08-23,-0.0015204200474293,0.0,0.0,-0.0015204200474293,0,Minimum Variance,Standard Sentiment,0.1,1.1005851129345487,-0.0071114475253949
2021-08-24,-0.0051838963653408,0.0,0.0,-0.0051838963653408,0,Minimum Variance,Standard Sentiment,0.1,1.0948797937678592,-0.0122584788837565
2021-08-25,-0.0034914672091103,0.0,0.0,-0.0034914672091103,0,Minimum Variance,Standard Sentiment,0.1,1.091057056870001,-0.0157071460158105
2021-08-26,-0.0061573327568445,0.0,0.0,-0.0061573327568445,0,Minimum Variance,Standard Sentiment,0.1,1.0843390555141492,-0.0217677646479754
2021-08-27,0.0016907033988365,0.0,0.0,0.0016907033988365,0,Minimum Variance,Standard Sentiment,0.1,1.086172351240798,-0.0201138640828143
2021-08-30,0.0036870037930456,0.0,0.0,0.0036870037930456,0,Minimum Variance,Standard Sentiment,0.1,1.0901770728197242,-0.0165010201829348
2021-08-31,0.0035942123755826,0.0,0.0,0.0035942123755826,0,Minimum Variance,Standard Sentiment,0.1,1.0940954007464294,-0.0129661159783034
2021-09-01,0.0014185935626539,0.1471444659194431,0.0001471444659194,0.0012714490967345,0,Minimum Variance,Standard Sentiment,0.1,1.0954864873554495,-0.0117111526380178
2021-09-02,0.0063157899657499,0.0,0.0,0.0063157899657499,0,Minimum Variance,Standard Sentiment,0.1,1.102405349919904,-0.0054693278525863
2021-09-03,-0.001117332807348,0.0,0.0,-0.001117332807348,0,Minimum Variance,Standard Sentiment,0.1,1.1011735962554423,-0.0065805496004904
2021-09-07,-0.013574133315342,0.0,0.0,-0.013574133315342,0,Minimum Variance,Standard Sentiment,0.1,1.0862261190565363,-0.0200653576582672
2021-09-08,0.0044259620786286,0.0,0.0,0.0044259620786286,0,Minimum Variance,Standard Sentiment,0.1,1.091033714668297,-0.0157282040917282
2021-09-09,-0.0114232826816331,0.0,0.0,-0.0114232826816331,0,Minimum Variance,Standard Sentiment,0.1,1.0785705281304483,-0.0269718190519471
2021-09-10,-0.0075366366659378,0.0,0.0,-0.0075366366659378,0,Minimum Variance,Standard Sentiment,0.1,1.0704417339413406,-0.034305178917471
2021-09-13,-0.0002957152562087,0.0,0.0,-0.0002957152562087,0,Minimum Variance,Standard Sentiment,0.1,1.0701251879897316,-0.0345907496089069
2021-09-14,-0.005554278271409,0.0,0.0,-0.005554278271409,0,Minimum Variance,Standard Sentiment,0.1,1.0641814149103923,-0.0399529012313716
2021-09-15,0.0030233170883139,0.0,0.0,0.0030233170883139,0,Minimum Variance,Standard Sentiment,0.1,1.067398772767157,-0.0370503744320783
2021-09-16,-0.0046601991050875,0.0,0.0,-0.0046601991050875,0,Minimum Variance,Standard Sentiment,0.1,1.062424481961536,-0.0415379114153943
2021-09-17,-0.0079880461256008,0.0,0.0,-0.0079880461256008,0,Minimum Variance,Standard Sentiment,0.1,1.0539377861946595,-0.0491941507886478
2021-09-20,-0.0087687271857376,0.0,0.0,-0.0087687271857376,0,Minimum Variance,Standard Sentiment,0.1,1.0446960932767784,-0.0575315078869859
2021-09-21,-0.0041171804628231,0.0,0.0,-0.0041171804628231,0,Minimum Variance,Standard Sentiment,0.1,1.0403948909319516,-0.0614118207495399
2021-09-22,0.0001540549173625,0.0,0.0,0.0001540549173625,0,Minimum Variance,Standard Sentiment,0.1,1.0405551688808985,-0.0612672266251481
2021-09-23,0.0028698922221044,0.0,0.0,0.0028698922221044,0,Minimum Variance,Standard Sentiment,0.1,1.0435414500667404,-0.0585731647402051
2021-09-24,-0.0025172304530386,0.0,0.0,-0.0025172304530386,0,Minimum Variance,Standard Sentiment,0.1,1.0409146157496243,-0.0609429530392288
2021-09-27,-0.0039040890926599,0.0,0.0,-0.0039040890926599,0,Minimum Variance,Standard Sentiment,0.1,1.036850792351886,-0.0646091154136537
2021-09-28,-0.0050270334034068,0.0,0.0,-0.0050270334034068,0,Minimum Variance,Standard Sentiment,0.1,1.0316385087843842,-0.0693113566357115
2021-09-29,0.0088536698492622,0.0,0.0,0.0088536698492622,0,Minimum Variance,Standard Sentiment,0.1,1.0407722955449463,-0.0610713466549062
2021-09-30,-0.0094184633965277,0.0,0.0,-0.0094184633965277,0,Minimum Variance,Standard Sentiment,0.1,1.0309698197752364,-0.0699146118083879
2021-10-01,0.0141322011316878,0.3660628008237878,0.0003660628008237,0.013766138330864,0,Minimum Variance,Standard Sentiment,0.1,1.0451622929292084,-0.0571109276950267
2021-10-04,0.0026235200263597,0.0,0.0,0.0026235200263597,0,Minimum Variance,Standard Sentiment,0.1,1.0479042971355044,-0.0546372393311987
2021-10-05,0.000739987803403,0.0,0.0,0.000739987803403,0,Minimum Variance,Standard Sentiment,0.1,1.0486797335345184,-0.0539376824185123
2021-10-06,0.0028515332192105,0.0,0.0,0.0028515332192105,0,Minimum Variance,Standard Sentiment,0.1,1.051670078631005,-0.0512399542924854
2021-10-07,0.008477829017375,0.0,0.0,0.008477829017375,0,Minimum Variance,Standard Sentiment,0.1,1.060585957740328,-0.04319652884646
2021-10-08,-0.0052419978926539,0.0,0.0,-0.0052419978926539,0,Minimum Variance,Standard Sentiment,0.1,1.0550263683848748,-0.048212090625931
2021-10-11,-0.0085709777323422,0.0,0.0,-0.0085709777323422,0,Minimum Variance,Standard Sentiment,0.1,1.0459837608744142,-0.0563698436030886
2021-10-12,-0.0006676501609555,0.0,0.0,-0.0006676501609555,0,Minimum Variance,Standard Sentiment,0.1,1.0452854096481097,-0.0569998584288894
2021-10-13,0.0007142226633137,0.0,0.0,0.0007142226633137,0,Minimum Variance,Standard Sentiment,0.1,1.0460319761773114,-0.0563263463562714
2021-10-14,0.0087781376954777,0.0,0.0,0.0087781376954777,0,Minimum Variance,Standard Sentiment,0.1,1.0552141888980686,-0.0480426490849921
2021-10-15,-0.001107908702318,0.0,0.0,-0.001107908702318,0,Minimum Variance,Standard Sentiment,0.1,1.054045107915379,-0.0490973309183064
2021-10-18,-0.0018179653579046,0.0,0.0,-0.0018179653579046,0,Minimum Variance,Standard Sentiment,0.1,1.05212889042352,-0.050826039029436
2021-10-19,0.0139654965109309,0.0,0.0,0.0139654965109309,0,Minimum Variance,Standard Sentiment,0.1,1.0668223927717797,-0.0375703533892349
2021-10-20,0.0106442519530567,0.0,0.0,0.0106442519530567,0,Minimum Variance,Standard Sentiment,0.1,1.0781779191096053,-0.0273260097436185
2021-10-21,0.0056669659577284,0.0,0.0,0.0056669659577284,0,Minimum Variance,Standard Sentiment,0.1,1.084287916673574,-0.0218138993528677
2021-10-22,0.0026035371627948,0.0,0.0,0.0026035371627948,0,Minimum Variance,Standard Sentiment,0.1,1.087110900559803,-0.0192671554877035
2021-10-25,0.004214112519787,0.0,0.0,0.004214112519787,0,Minimum Variance,Standard Sentiment,0.1,1.091692108216249,-0.0151342369290778
2021-10-26,-5.7003311692111706e-06,0.0,0.0,-5.7003311692111706e-06,0,Minimum Variance,Standard Sentiment,0.1,1.0916858852096971,-0.0151398509900846
2021-10-27,-0.0106371667972415,0.0,0.0,-0.0106371667972415,0,Minimum Variance,Standard Sentiment,0.1,1.0800734403585277,-0.0256159726670592
2021-10-28,0.0180868950066434,0.0,0.0,0.0180868950066434,0,Minimum Variance,Standard Sentiment,0.1,1.0996086152737563,-0.0079923910685379
2021-10-29,-0.0010600057132495,0.0,0.0,-0.0010600057132495,0,Minimum Variance,Standard Sentiment,0.1,1.0984430238592275,-0.0090439248015925
2021-11-01,0.0053111757957923,0.4117888153481009,0.0004117888153481,0.0048993869804442,0,Minimum Variance,Standard Sentiment,0.1,1.103824721309083,-0.0041888475085735
2021-11-02,0.004588663322486,0.0,0.0,0.004588663322486,0,Minimum Variance,Standard Sentiment,0.1,1.1088898013222075,0.0
2021-11-03,-0.0003421226113866,0.0,0.0,-0.0003421226113866,0,Minimum Variance,Standard Sentiment,0.1,1.1085104250476392,-0.0003421226113865
2021-11-04,0.0005158181440595,0.0,0.0,0.0005158181440595,0,Minimum Variance,Standard Sentiment,0.1,1.1090822148377577,0.0
2021-11-05,-0.0115881955116864,0.0,0.0,-0.0115881955116864,0,Minimum Variance,Standard Sentiment,0.1,1.0962299532936834,-0.0115881955116865
2021-11-08,0.0010682796513998,0.0,0.0,0.0010682796513998,0,Minimum Variance,Standard Sentiment,0.1,1.0974010334460422,-0.0105322952937481
2021-11-09,0.000783921751914,0.0,0.0,0.000783921751914,0,Minimum Variance,Standard Sentiment,0.1,1.0982613099867335,-0.0097566300372123
2021-11-10,0.0007833346941227,0.0,0.0,0.0007833346941227,0,Minimum Variance,Standard Sentiment,0.1,1.099121616174059,-0.0089809380498955
2021-11-11,0.002616654733244,0.0,0.0,0.002616654733244,0,Minimum Variance,Standard Sentiment,0.1,1.1019976379534315,-0.0063877833307087
2021-11-12,0.002179861240554,0.0,0.0,0.002179861240554,0,Minimum Variance,Standard Sentiment,0.1,1.1043998398915882,-0.0042218465714505
2021-11-15,-0.0025357223776403,0.0,0.0,-0.0025357223776403,0,Minimum Variance,Standard Sentiment,0.1,1.1015993885037128,-0.0067468635182645
2021-11-16,-0.0055299534170254,0.0,0.0,-0.0055299534170254,0,Minimum Variance,Standard Sentiment,0.1,1.0955075952010636,-0.0122395070943229
2021-11-17,-0.0021555174780673,0.0,0.0,-0.0021555174780673,0,Minimum Variance,Standard Sentiment,0.1,1.0931462094322522,-0.0143686421009255
2021-11-18,-0.0021171260674224,0.0,0.0,-0.0021171260674224,0,Minimum Variance,Standard Sentiment,0.1,1.0908318810967592,-0.0164553479416025
2021-11-19,-0.0082781904639377,0.0,0.0,-0.0082781904639377,0,Minimum Variance,Standard Sentiment,0.1,1.0818017670209048,-0.0245973179011292
2021-11-22,0.0033195812633878,0.0,0.0,0.0033195812633878,0,Minimum Variance,Standard Sentiment,0.1,1.0853928958974073,-0.0213593894333755
2021-11-23,0.0066130360994706,0.0,0.0,0.0066130360994706,0,Minimum Variance,Standard Sentiment,0.1,1.092570638300086,-0.0148876037472904
2021-11-24,-0.0006007014105426,0.0,0.0,-0.0006007014105426,0,Minimum Variance,Standard Sentiment,0.1,1.0919143295765414,-0.0154793621532626
2021-11-26,-0.01462939422728,0.0,0.0,-0.01462939422728,0,Minimum Variance,Standard Sentiment,0.1,1.07594028438675,-0.0298823026892157
2021-11-29,-0.0003300811172375,0.0,0.0,-0.0003300811172375,0,Minimum Variance,Standard Sentiment,0.1,1.0755851368155986,-0.030202520222596
2021-11-30,-0.0218322728243109,0.0,0.0,-0.0218322728243109,0,Minimum Variance,Standard Sentiment,0.1,1.0521026686628667,-0.0513754033854255
2021-12-01,-0.0112685212408042,0.402399654137312,0.0004023996541373,-0.0116709208949415,0,Minimum Variance,Standard Sentiment,0.1,1.0398236616435454,-0.0624467260115101
2021-12-02,0.01388715669294,0.0,0.0,0.01388715669294,0,Minimum Variance,Standard Sentiment,0.1,1.0542638557658162,-0.0494267767876529
2021-12-03,0.0088437919456328,0.0,0.0,0.0088437919456328,0,Minimum Variance,Standard Sentiment,0.1,1.0635875459620097,-0.0410201049724733
2021-12-06,0.0105391307510627,0.0,0.0,0.0105391307510627,0,Minimum Variance,Standard Sentiment,0.1,1.0747968341741052,-0.0309132904711377
2021-12-07,0.0030805349748331,0.0,0.0,0.0030805349748331,0,Minimum Variance,Standard Sentiment,0.1,1.0781077834126187,-0.027927984968788
2021-12-08,0.0008368440883659,0.0,0.0,0.0008368440883659,0,Minimum Variance,Standard Sentiment,0.1,1.0790099915377889,-0.0271145122495432
2021-12-09,-0.0027704827341297,0.0,0.0,-0.0027704827341297,0,Minimum Variance,Standard Sentiment,0.1,1.07602061298628,-0.0298098746956412
2021-12-10,0.0080841788181903,0.0,0.0,0.0080841788181903,0,Minimum Variance,Standard Sentiment,0.1,1.0847193560337198,-0.0219666842350382
2021-12-13,0.0058112895320211,0.0,0.0,0.0058112895320211,0,Minimum Variance,Standard Sentiment,0.1,1.0910229742726194,-0.0162830494651653
2021-12-14,-0.0001568845170628,0.0,0.0,-0.0001568845170628,0,Minimum Variance,Standard Sentiment,0.1,1.0908518096601962,-0.0164373794238764
2021-12-15,0.0135757910743111,0.0,0.0,0.0135757910743111,0,Minimum Variance,Standard Sentiment,0.1,1.1056609859211772,-0.003084738778433
2021-12-16,0.0094935909657064,0.0,0.0,0.0094935909657064,0,Minimum Variance,Standard Sentiment,0.1,1.1161576790682526,0.0
2021-12-17,-0.0125443014390385,0.0,0.0,-0.0125443014390385,0,Minimum Variance,Standard Sentiment,0.1,1.102156260688523,-0.0125443014390383
2021-12-20,0.0020210015732785,0.0,0.0,0.0020210015732785,0,Minimum Variance,Standard Sentiment,0.1,1.1043837202253732,-0.0105486519187038
2021-12-21,0.0031538963148445,0.0,0.0,0.0031538963148445,0,Minimum Variance,Standard Sentiment,0.1,1.1078668319707663,-0.0074280249582723
2021-12-22,0.0062924353511373,0.0,0.0,0.0062924353511373,0,Minimum Variance,Standard Sentiment,0.1,1.1148380123886117,-0.0011823299739714
2021-12-23,0.0014007170783125,0.0,0.0,0.0014007170783125,0,Minimum Variance,Standard Sentiment,0.1,1.1163995850321164,0.0
2021-12-27,0.0107164805706512,0.0,0.0,0.0107164805706512,0,Minimum Variance,Standard Sentiment,0.1,1.1283634594941965,0.0
2021-12-28,0.0048022576918666,0.0,0.0,0.0048022576918666,0,Minimum Variance,Standard Sentiment,0.1,1.1337821515967736,0.0
2021-12-29,0.001147863956931,0.0,0.0,0.001147863956931,0,Minimum Variance,Standard Sentiment,0.1,1.1350835792636034,0.0
2021-12-30,0.0005473023626281,0.0,0.0,0.0005473023626281,0,Minimum Variance,Standard Sentiment,0.1,1.1357048131883147,0.0
2021-12-31,-0.0006920975834461,0.0,0.0,-0.0006920975834461,0,Minimum Variance,Standard Sentiment,0.1,1.134918794631599,-0.000692097583446
2022-01-03,0.0014132754287844,0.2511061872874687,0.0002511061872874,0.001162169241497,0,Minimum Variance,Standard Sentiment,0.1,1.136237762346317,0.0
2022-01-04,-0.0008677479867306,0.0,0.0,-0.0008677479867306,0,Minimum Variance,Standard Sentiment,0.1,1.1352517943155933,-0.0008677479867306
2022-01-05,-0.0016910305213031,0.0,0.0,-0.0016910305213031,0,Minimum Variance,Standard Sentiment,0.1,1.1333320488820415,-0.0025573111197033
2022-01-06,-0.0037103164428301,0.0,0.0,-0.0037103164428301,0,Minimum Variance,Standard Sentiment,0.1,1.129127028345888,-0.0062581391290367
2022-01-07,0.0041299334502121,0.0,0.0,0.0041299334502121,0,Minimum Variance,Standard Sentiment,0.1,1.1337902478297923,-0.0021540513769495
2022-01-10,-0.0007764077447088,0.0,0.0,-0.0007764077447088,0,Minimum Variance,Standard Sentiment,0.1,1.132909964300502,-0.0029287866994869
2022-01-11,0.0034166091545989,0.0,0.0,0.0034166091545989,0,Minimum Variance,Standard Sentiment,0.1,1.136780674855867,0.0
2022-01-12,0.0014957269642825,0.0,0.0,0.0014957269642825,0,Minimum Variance,Standard Sentiment,0.1,1.1384809883637246,0.0
2022-01-13,-0.0022263090051199,0.0,0.0,-0.0022263090051199,0,Minimum Variance,Standard Sentiment,0.1,1.1359463778871726,-0.0022263090051199
2022-01-14,-0.0021713025605099,0.0,0.0,-0.0021713025605099,0,Minimum Variance,Standard Sentiment,0.1,1.133479894608264,-0.0043927775751866
2022-01-18,-0.0091259644468508,0.0,0.0,-0.0091259644468508,0,Minimum Variance,Standard Sentiment,0.1,1.123135797388849,-0.0134786536900632
2022-01-19,-0.0005660926195143,0.0,0.0,-0.0005660926195143,0,Minimum Variance,Standard Sentiment,0.1,1.122499998503235,-0.0140371161432027
2022-01-20,-0.0109344877670077,0.0,0.0,-0.0109344877670077,0,Minimum Variance,Standard Sentiment,0.1,1.110226036001135,-0.0248181152354585
2022-01-21,-0.0040960213766646,0.0,0.0,-0.0040960213766646,0,Minimum Variance,Standard Sentiment,0.1,1.1056785264247446,-0.0288124810815901
2022-01-24,-0.0050999366862587,0.0,0.0,-0.0050999366862587,0,Minimum Variance,Standard Sentiment,0.1,1.1000396359446225,-0.0337654759385588
2022-01-25,-0.0048789169376921,0.0,0.0,-0.0048789169376921,0,Minimum Variance,Standard Sentiment,0.1,1.0946726339326796,-0.0384796539237851
2022-01-26,-0.0155052299735695,0.0,0.0,-0.0155052299735695,0,Minimum Variance,Standard Sentiment,0.1,1.0776994829977802,-0.0533882480139631
2022-01-27,0.0003036566205429,0.0,0.0,0.0003036566205429,0,Minimum Variance,Standard Sentiment,0.1,1.0780267335807483,-0.0531008030883887
2022-01-28,0.0164369558568897,0.0,0.0,0.0164369558568897,0,Minimum Variance,Standard Sentiment,0.1,1.0957462114131622,-0.037536662787828
2022-01-31,0.0105647881509659,0.0,0.0,0.0105647881509659,0,Minimum Variance,Standard Sentiment,0.1,1.1073225380039655,-0.0273684415271098
2022-02-01,-0.0036223491645504,0.6038478080537538,0.0006038478080537,-0.0042261969726042,0,Minimum Variance,Standard Sentiment,0.1,1.102642774846157,-0.0314789740749873
2022-02-02,0.0123995308733891,0.0,0.0,0.0123995308733891,0,Minimum Variance,Standard Sentiment,0.1,1.1163150279751812,-0.0194697677125037
2022-02-03,-0.0054399842905463,0.0,0.0,-0.0054399842905463,0,Minimum Variance,Standard Sentiment,0.1,1.1102422917596957,-0.0248038367725533
2022-02-04,-0.0036877314825842,0.0,0.0,-0.0036877314825842,0,Minimum Variance,Standard Sentiment,0.1,1.1061480163070767,-0.0284000983653827
2022-02-07,-0.0011363773010673,0.0,0.0,-0.0011363773010673,0,Minimum Variance,Standard Sentiment,0.1,1.1048910148097246,-0.0295042024393196
2022-02-08,-0.0011673527578498,0.0,0.0,-0.0011673527578498,0,Minimum Variance,Standard Sentiment,0.1,1.1036012172364629,-0.0306371133850837
2022-02-09,0.0065982406803552,0.0,0.0,0.0065982406803552,0,Minimum Variance,Standard Sentiment,0.1,1.1108830436829222,-0.0242410237525945
2022-02-10,-0.0184584471586825,0.0,0.0,-0.0184584471586825,0,Minimum Variance,Standard Sentiment,0.1,1.0903778677216245,-0.0422520192552675
2022-02-11,-0.0020952686802845,0.0,0.0,-0.0020952686802845,0,Minimum Variance,Standard Sentiment,0.1,1.0880932331257118,-0.0442587586029278
2022-02-14,-0.0081362784243826,0.0,0.0,-0.0081362784243826,0,Minimum Variance,Standard Sentiment,0.1,1.0792402036293145,-0.0520349354445993
2022-02-15,0.0012932167167972,0.0,0.0,0.0012932167167972,0,Minimum Variance,Standard Sentiment,0.1,1.0806358951020878,-0.0508090111761763
2022-02-16,-0.0018418761347263,0.0,0.0,-0.0018418761347263,0,Minimum Variance,Standard Sentiment,0.1,1.0786454976365707,-0.0525573034057882
2022-02-17,-0.0071289467810584,0.0,0.0,-0.0071289467810584,0,Minimum Variance,Standard Sentiment,0.1,1.0709558912882913,-0.0593115719679108
2022-02-18,-0.0052838827999475,0.0,0.0,-0.0052838827999475,0,Minimum Variance,Standard Sentiment,0.1,1.0652970858748103,-0.0642820593728993
2022-02-22,-0.0035618126284611,0.0,0.0,-0.0035618126284611,0,Minimum Variance,Standard Sentiment,0.1,1.0615026972612789,-0.0676149113505024
2022-02-23,-0.0028782690266191,0.0,0.0,-0.0028782690266191,0,Minimum Variance,Standard Sentiment,0.1,1.058447406926079,-0.070298566472044
2022-02-24,-0.0006595025974964,0.0,0.0,-0.0006595025974964,0,Minimum Variance,Standard Sentiment,0.1,1.0577493581118975,-0.0709117069823519
2022-02-25,0.0267899230793889,0.0,0.0,0.0267899230793889,0,Minimum Variance,Standard Sentiment,0.1,1.0860863820529885,-0.0460215030784484
2022-02-28,-0.0045633995615782,0.0,0.0,-0.0045633995615782,0,Minimum Variance,Standard Sentiment,0.1,1.0811301359332917,-0.0503748881330553
2022-03-01,-0.0018151334455318,0.5494370800272157,0.0005494370800272,-0.002364570525559,0,Minimum Variance,Standard Sentiment,0.1,1.07857372747957,-0.0526203436829066
2022-03-02,0.0121135704293434,0.0,0.0,0.0121135704293434,0,Minimum Variance,Standard Sentiment,0.1,1.0916391062906332,-0.0411441934927825
2022-03-03,0.0091867797580616,0.0,0.0,0.0091867797580616,0,Minimum Variance,Standard Sentiment,0.1,1.1016677543354123,-0.0323353963786621
2022-03-04,0.0071997206158712,0.0,0.0,0.0071997206158712,0,Minimum Variance,Standard Sentiment,0.1,1.109599454378142,-0.0253684815827205
2022-03-07,-0.0077690238127667,0.0,0.0,-0.0077690238127667,0,Minimum Variance,Standard Sentiment,0.1,1.100978949794445,-0.0329404170579774
2022-03-08,-0.0137253693834296,0.0,0.0,-0.0137253693834296,0,Minimum Variance,Standard Sentiment,0.1,1.085867607025136,-0.0462136670496421
2022-03-09,0.0038217153006016,0.0,0.0,0.0038217153006016,0,Minimum Variance,Standard Sentiment,0.1,1.0900174838733316,-0.0425685672275009
2022-03-10,0.002082824209654,0.0,0.0,0.002082824209654,0,Minimum Variance,Standard Sentiment,0.1,1.092287798677689,-0.0405744058602387
2022-03-11,-0.0052502136641977,0.0,0.0,-0.0052502136641977,0,Minimum Variance,Standard Sentiment,0.1,1.086553054351835,-0.0456115952243724
2022-03-14,-0.0047372396505578,0.0,0.0,-0.0047372396505578,0,Minimum Variance,Standard Sentiment,0.1,1.0814057921403246,-0.0501327618175082
2022-03-15,0.0068412106846194,0.0,0.0,0.0068412106846194,0,Minimum Variance,Standard Sentiment,0.1,1.0888039169999244,-0.0436345199186841
2022-03-16,0.0054361150620433,0.0,0.0,0.0054361150620433,0,Minimum Variance,Standard Sentiment,0.1,1.0947227803727395,-0.0384356071275957
2022-03-17,0.0111591349475012,0.0,0.0,0.0111591349475012,0,Minimum Variance,Standard Sentiment,0.1,1.1069389396090228,-0.0277053803068204
2022-03-18,0.0028850870598503,0.0,0.0,0.0028850870598503,0,Minimum Variance,Standard Sentiment,0.1,1.1101325548197332,-0.0249002256811815
2022-03-21,0.0029484276463657,0.0,0.0,0.0029484276463657,0,Minimum Variance,Standard Sentiment,0.1,1.1134057003354945,-0.0220252145486148
2022-03-22,0.0044135458681188,0.0,0.0,0.0044135458681188,0,Minimum Variance,Standard Sentiment,0.1,1.1183197674637502,-0.0177088779751614
2022-03-23,-0.0091226407491341,0.0,0.0,-0.0091226407491341,0,Minimum Variance,Standard Sentiment,0.1,1.108117737982523,-0.0266699669924579
2022-03-24,0.0065660651170631,0.0,0.0,0.0065660651170631,0,Minimum Variance,Standard Sentiment,0.1,1.115393711207489,-0.0202790186153373
2022-03-25,0.0088952369315881,0.0,0.0,0.0088952369315881,0,Minimum Variance,Standard Sentiment,0.1,1.125315402540683,-0.0115641683590725
2022-03-28,0.0055601822239081,0.0,0.0,0.0055601822239081,0,Minimum Variance,Standard Sentiment,0.1,1.1315723612381798,-0.0060682850185088
2022-03-29,0.012952887460484,0.0,0.0,0.012952887460484,0,Minimum Variance,Standard Sentiment,0.1,1.146229490686692,0.0
2022-03-30,0.0005692479974171,0.0,0.0,0.0005692479974171,0,Minimum Variance,Standard Sentiment,0.1,1.146881979528846,0.0
2022-03-31,-0.0086094230918742,0.0,0.0,-0.0086094230918742,0,Minimum Variance,Standard Sentiment,0.1,1.1370079873306358,-0.0086094230918741
2022-04-01,0.0098581023094329,0.3006054987864369,0.0003006054987864,0.0095574968106465,0,Minimum Variance,Standard Sentiment,0.1,1.1478749375432278,0.0
2022-04-04,0.0019402273684891,0.0,0.0,0.0019402273684891,0,Minimum Variance,Standard Sentiment,0.1,1.150102075912652,0.0
2022-04-05,-0.0035929546625004,0.0,0.0,-0.0035929546625004,0,Minimum Variance,Standard Sentiment,0.1,1.14596981129665,-0.0035929546625004
2022-04-06,0.0118518394927984,0.0,0.0,0.0118518394927984,0,Minimum Variance,Standard Sentiment,0.1,1.1595516615637305,0.0
2022-04-07,0.0033335377622684,0.0,0.0,0.0033335377622684,0,Minimum Variance,Standard Sentiment,0.1,1.1634170708148543,0.0
2022-04-08,0.0071005340216656,0.0,0.0,0.0071005340216656,0,Minimum Variance,Standard Sentiment,0.1,1.171677953307562,0.0
2022-04-11,-0.014771243443663,0.0,0.0,-0.014771243443663,0,Minimum Variance,Standard Sentiment,0.1,1.154370813021683,-0.014771243443663
2022-04-12,0.0034532736031935,0.0,0.0,0.0034532736031935,0,Minimum Variance,Standard Sentiment,0.1,1.1583571712785878,-0.0113689789855399
2022-04-13,0.006106229758751,0.0,0.0,0.006106229758751,0,Minimum Variance,Standard Sentiment,0.1,1.165430366309112,-0.0053321708245969
2022-04-14,0.0020354416009378,0.0,0.0,0.0020354416009378,0,Minimum Variance,Standard Sentiment,0.1,1.1678025317596936,-0.0033075825459787
2022-04-18,-0.0041583736175149,0.0,0.0,-0.0041583736175149,0,Minimum Variance,Standard Sentiment,0.1,1.162946372521157,-0.0074522019994966
2022-04-19,0.0081566773597613,0.0,0.0,0.0081566773597613,0,Minimum Variance,Standard Sentiment,0.1,1.1724321508685172,0.0
2022-04-20,0.0027508235431935,0.0,0.0,0.0027508235431935,0,Minimum Variance,Standard Sentiment,0.1,1.1756573048319232,0.0
2022-04-21,-0.0111867861982968,0.0,0.0,-0.0111867861982968,0,Minimum Variance,Standard Sentiment,0.1,1.1625054779203026,-0.0111867861982968
2022-04-22,-0.0162149394955646,0.0,0.0,-0.0162149394955646,0,Minimum Variance,Standard Sentiment,0.1,1.1436555219325624,-0.0272203326325063
2022-04-25,-0.0020642552162128,0.0,0.0,-0.0020642552162128,0,Minimum Variance,Standard Sentiment,0.1,1.1412947250558625,-0.0292283981350954
2022-04-26,-0.0155748778305297,0.0,0.0,-0.0155748778305297,0,Minimum Variance,Standard Sentiment,0.1,1.1235191991444893,-0.0443480472354891
2022-04-27,-0.0027624188211042,0.0,0.0,-0.0027624188211042,0,Minimum Variance,Standard Sentiment,0.1,1.1204155685629005,-0.0469879581762309
2022-04-28,0.0160416338170808,0.0,0.0,0.0160416338170808,0,Minimum Variance,Standard Sentiment,0.1,1.1383888648367428,-0.0317000879780255
2022-04-29,-0.0313236948570215,0.0,0.0,-0.0313236948570215,0,Minimum Variance,Standard Sentiment,0.1,1.1027303194059654,-0.0620308189522827
2022-05-02,0.0003770042540438,0.4775042197239917,0.0004775042197239,-0.0001004999656801,0,Minimum Variance,Standard Sentiment,0.1,1.1026194950467108,-0.0621250848227871
2022-05-03,0.0025946987194346,0.0,0.0,0.0025946987194346,0,Minimum Variance,Standard Sentiment,0.1,1.1054804604385322,-0.0596915819813868
2022-05-04,0.0245473313924563,0.0,0.0,0.0245473313924563,0,Minimum Variance,Standard Sentiment,0.1,1.1326170556488022,-0.0366095196331673
2022-05-05,-0.0144118974760652,0.0,0.0,-0.0144118974760652,0,Minimum Variance,Standard Sentiment,0.1,1.1162938947631489,-0.0504938044656315
2022-05-06,-0.0046859826276891,0.0,0.0,-0.0046859826276891,0,Minimum Variance,Standard Sentiment,0.1,1.111062960964893,-0.0549431740027889
2022-05-09,-0.0142054634700771,0.0,0.0,-0.0142054634700771,0,Minimum Variance,Standard Sentiment,0.1,1.0952797966599503,-0.0683681442216395
2022-05-10,-0.0081181995141253,0.0,0.0,-0.0081181995141253,0,Minimum Variance,Standard Sentiment,0.1,1.0863880967468742,-0.075931317500563
2022-05-11,0.0068554048978662,0.0,0.0,0.0068554048978662,0,Minimum Variance,Standard Sentiment,0.1,1.0938357270262962,-0.0695964525285917
2022-05-12,0.007202658179274,0.0,0.0,0.007202658179274,0,Minimum Variance,Standard Sentiment,0.1,1.1017142518723444,-0.0628950738073711
2022-05-13,0.0094374435580423,0.0,0.0,0.0094374435580423,0,Minimum Variance,Standard Sentiment,0.1,1.1121116179414805,-0.0540511989584648
2022-05-16,0.0063536294943571,0.0,0.0,0.0063536294943571,0,Minimum Variance,Standard Sentiment,0.1,1.1191775631182506,-0.0480409907560156
2022-05-17,-0.0025205772696689,0.0,0.0,-0.0025205772696689,0,Minimum Variance,Standard Sentiment,0.1,1.1163565895919312,-0.0504404769963725
2022-05-18,-0.0233291488069436,0.0,0.0,-0.0233291488069436,0,Minimum Variance,Standard Sentiment,0.1,1.090312940591729,-0.0725928924095746
2022-05-19,-0.0048155057508793,0.0,0.0,-0.0048155057508793,0,Minimum Variance,Standard Sentiment,0.1,1.0850625323560512,-0.0770588266695827
2022-05-20,0.0032884530238552,0.0,0.0,0.0032884530238552,0,Minimum Variance,Standard Sentiment,0.1,1.0886307095216496,-0.0740237779773037
2022-05-23,0.0163762129751307,0.0,0.0,0.0163762129751307,0,Minimum Variance,Standard Sentiment,0.1,1.106458357872044,-0.058859794155553
2022-05-24,0.0101842054205932,0.0,0.0,0.0101842054205932,0,Minimum Variance,Standard Sentiment,0.1,1.117726757077945,-0.0492750289696538
2022-05-25,0.0053569891539837,0.0,0.0,0.0053569891539837,0,Minimum Variance,Standard Sentiment,0.1,1.123714407192729,-0.0441820056114228
2022-05-26,0.0053680012972502,0.0,0.0,0.0053680012972502,0,Minimum Variance,Standard Sentiment,0.1,1.1297465075882784,-0.0390511733776096
2022-05-27,0.0107845224694254,0.0,0.0,0.0107845224694254,0,Minimum Variance,Standard Sentiment,0.1,1.141930284184119,-0.0286877991649325
2022-05-31,-0.0096172044275639,0.0,0.0,-0.0096172044275639,0,Minimum Variance,Standard Sentiment,0.1,1.130948107199094,-0.0380291071633505
2022-06-01,-0.0053489360328997,0.4440024864557335,0.0004440024864557,-0.0057929385193555,0,Minimum Variance,Standard Sentiment,0.1,1.1243965943455083,-0.0436017454029628
2022-06-02,0.0033977380311774,0.0,0.0,0.0033977380311774,0,Minimum Variance,Standard Sentiment,0.1,1.1282169994162423,-0.0403521546803667
2022-06-03,-0.0052856588875583,0.0,0.0,-0.0052856588875583,0,Minimum Variance,Standard Sentiment,0.1,1.122253629206183,-0.0454245258429067
2022-06-06,-0.0040203854369284,0.0,0.0,-0.0040203854369284,0,Minimum Variance,Standard Sentiment,0.1,1.1177417370587828,-0.049262287177657
2022-06-07,0.0078944043885187,0.0,0.0,0.0078944043885187,0,Minimum Variance,Standard Sentiment,0.1,1.12656564233305,-0.041756779205222
2022-06-08,-0.009943210372879,0.0,0.0,-0.009943210372879,0,Minimum Variance,Standard Sentiment,0.1,1.115363963152475,-0.0512847931379697
2022-06-09,-0.022964277816811,0.0,0.0,-0.022964277816811,0,Minimum Variance,Standard Sentiment,0.1,1.089750435235782,-0.0730713527173828
2022-06-10,-0.0092925607390108,0.0,0.0,-0.0092925607390108,0,Minimum Variance,Standard Sentiment,0.1,1.07962386312599,-0.0816848934729858
2022-06-13,-0.0331954541802733,0.0,0.0,-0.0331954541802733,0,Minimum Variance,Standard Sentiment,0.1,1.0437852586456615,-0.1121687805147561
2022-06-14,-0.0143954805764864,0.0,0.0,-0.0143954805764864,0,Minimum Variance,Standard Sentiment,0.1,1.028759468228805,-0.1249495375900542
2022-06-15,0.0020366116596714,0.0,0.0,0.0020366116596714,0,Minimum Variance,Standard Sentiment,0.1,1.0308546517567974,-0.123167399615509
2022-06-16,-0.008354750334063,0.0,0.0,-0.008354750334063,0,Minimum Variance,Standard Sentiment,0.1,1.0222421185106618,-0.1304931170764888
2022-06-17,-0.0053011136816835,0.0,0.0,-0.0053011136816835,0,Minimum Variance,Standard Sentiment,0.1,1.0168230968302316,-0.1351024719098726
2022-06-21,0.0218885570723462,0.0,0.0,0.0218885570723462,0,Minimum Variance,Standard Sentiment,0.1,1.03907988721768,-0.1161711130045408
2022-06-22,0.0027795459684839,0.0,0.0,0.0027795459684839,0,Minimum Variance,Standard Sentiment,0.1,1.0419680575291284,-0.1137144699848631
2022-06-23,0.0129191048546861,0.0,0.0,0.0129191048546861,0,Minimum Variance,Standard Sentiment,0.1,1.0554293521195808,-0.1022644542914065
2022-06-24,0.0143159413014567,0.0,0.0,0.0143159413014567,0,Minimum Variance,Standard Sentiment,0.1,1.070538816772359,-0.0894125249148112
2022-06-27,-0.0022786248362352,0.0,0.0,-0.0022786248362352,0,Minimum Variance,Standard Sentiment,0.1,1.0680994604363077,-0.0914874121511051
2022-06-28,-0.0079167898316212,0.0,0.0,-0.0079167898316212,0,Minimum Variance,Standard Sentiment,0.1,1.0596435414887653,-0.0986799153684871
2022-06-29,0.0002163127545533,0.0,0.0,0.0002163127545533,0,Minimum Variance,Standard Sentiment,0.1,1.0598727559020693,-0.0984849483382463
2022-06-30,-0.0068789160222636,0.0,0.0,-0.0068789160222636,0,Minimum Variance,Standard Sentiment,0.1,1.052581980219934,-0.1046863946714341
2022-07-01,0.0150739187585898,0.2938727182565729,0.0002938727182565,0.0147800460403332,0,Minimum Variance,Standard Sentiment,0.1,1.0681391903488098,-0.0914536183641411
2022-07-05,-0.0050256413664277,0.0,0.0,-0.0050256413664277,0,Minimum Variance,Standard Sentiment,0.1,1.0627711058486902,-0.0960196466430085
2022-07-06,0.0019272214576172,0.0,0.0,0.0019272214576172,0,Minimum Variance,Standard Sentiment,0.1,1.0648193011284173,-0.0942774763087546
2022-07-07,0.0019866867791893,0.0,0.0,0.0019866867791893,0,Minimum Variance,Standard Sentiment,0.1,1.0669347635561948,-0.0924780893453232
2022-07-08,-0.0029643868831069,0.0,0.0,-0.0029643868831069,0,Minimum Variance,Standard Sentiment,0.1,1.063771956137978,-0.0951683353934
2022-07-11,0.0010023454065956,0.0,0.0,0.0010023454065956,0,Minimum Variance,Standard Sentiment,0.1,1.0648382230718785,-0.0942613815306392
2022-07-12,-0.0056778048142431,0.0,0.0,-0.0056778048142431,0,Minimum Variance,Standard Sentiment,0.1,1.0587922794825306,-0.0994039886190305
2022-07-13,-0.0013572597378291,0.0,0.0,-0.0013572597378291,0,Minimum Variance,Standard Sentiment,0.1,1.0573552233508643,-0.1006263313253275
2022-07-14,-0.005094458225565,0.0,0.0,-0.005094458225565,0,Minimum Variance,Standard Sentiment,0.1,1.0519685713359206,-0.1052081529095637
2022-07-15,0.0102573664168723,0.0,0.0,0.0102573664168723,0,Minimum Variance,Standard Sentiment,0.1,1.062758998431147,-0.096029945067127
2022-07-18,-0.0128432287978774,0.0,0.0,-0.0128432287978774,0,Minimum Variance,Standard Sentiment,0.1,1.0491097414572927,-0.1076398393090597
2022-07-19,0.0131673005505116,0.0,0.0,0.0131673005505116,0,Minimum Variance,Standard Sentiment,0.1,1.0629236847335306,-0.0958898648739391
2022-07-20,-0.0077974889192977,0.0,0.0,-0.0077974889192977,0,Minimum Variance,Standard Sentiment,0.1,1.0546355490797616,-0.1029396536344094
2022-07-21,0.0036385911686448,0.0,0.0,0.0036385911686448,0,Minimum Variance,Standard Sentiment,0.1,1.058472936674782,-0.0996756177803822
2022-07-22,0.0004657109126496,0.0,0.0,0.0004657109126496,0,Minimum Variance,Standard Sentiment,0.1,1.0589658790721357,-0.0992563268906582
2022-07-25,-0.002560434587684,0.0,0.0,-0.002560434587684,0,Minimum Variance,Standard Sentiment,0.1,1.056254466208182,-0.1015626221459249
2022-07-26,-0.0035302318405582,0.0,0.0,-0.0035302318405582,0,Minimum Variance,Standard Sentiment,0.1,1.0525256430598422,-0.1047343143839729
2022-07-27,0.0040778464066658,0.0,0.0,0.0040778464066658,0,Minimum Variance,Standard Sentiment,0.1,1.0568176809713177,-0.1010835584248722
2022-07-28,0.0078852365154732,0.0,0.0,0.0078852365154732,0,Minimum Variance,Standard Sentiment,0.1,1.0651509383395104,-0.0939953896754048
2022-07-29,0.0029310992030343,0.0,0.0,0.0029310992030343,0,Minimum Variance,Standard Sentiment,0.1,1.068273001405989,-0.0913398002841369
2022-08-01,-0.0048630459750592,0.1392430536637114,0.0001392430536637,-0.0050022890287229,0,Minimum Variance,Standard Sentiment,0.1,1.0629291910913743,-0.0958851812320128
2022-08-02,-0.0050766929076957,0.0,0.0,-0.0050766929076957,0,Minimum Variance,Standard Sentiment,0.1,1.0575330260055782,-0.1004750945201948
2022-08-03,0.0130554334224227,0.0,0.0,0.0130554334224227,0,Minimum Variance,Standard Sentiment,0.1,1.0713395780186077,-0.088731407004892
2022-08-04,-0.0082284639476761,0.0,0.0,-0.0082284639476761,0,Minimum Variance,Standard Sentiment,0.1,1.0625240989251628,-0.0962297477690018
2022-08-05,-0.0041318766079607,0.0,0.0,-0.0041318766079607,0,Minimum Variance,Standard Sentiment,0.1,1.0581338804554197,-0.0999640149331657
2022-08-08,0.0039618543010797,0.0,0.0,0.0039618543010797,0,Minimum Variance,Standard Sentiment,0.1,1.06232605272082,-0.096398203494602
2022-08-09,0.0024640410920441,0.0,0.0,0.0024640410920441,0,Minimum Variance,Standard Sentiment,0.1,1.0649436677678732,-0.0941716915371678
2022-08-10,0.0108931434821789,0.0,0.0,0.0108931434821789,0,Minimum Variance,Standard Sentiment,0.1,1.0765442519413069,-0.0843043738028627
2022-08-11,-0.0010745892883384,0.0,0.0,-0.0010745892883384,0,Minimum Variance,Standard Sentiment,0.1,1.0753874090197484,-0.0852883705141523
2022-08-12,0.014265808982152,0.0,0.0,0.014265808982152,0,Minimum Variance,Standard Sentiment,0.1,1.0907286803786356,-0.0722392691341541
2022-08-15,0.0112635455637175,0.0,0.0,0.0112635455637175,0,Minimum Variance,Standard Sentiment,0.1,1.103014152567734,-0.0617893938698187
2022-08-16,0.0125971792703629,0.0,0.0,0.0125971792703629,0,Minimum Variance,Standard Sentiment,0.1,1.1169090195853772,-0.0499705866710409
2022-08-17,-0.0057933129159463,0.0,0.0,-0.0057933129159463,0,Minimum Variance,Standard Sentiment,0.1,1.1104384161362764,-0.0554744043418083
2022-08-18,-0.001953997555854,0.0,0.0,-0.001953997555854,0,Minimum Variance,Standard Sentiment,0.1,1.1082686221852196,-0.0573200050471661
2022-08-19,-0.0041224317097697,0.0,0.0,-0.0041224317097697,0,Minimum Variance,Standard Sentiment,0.1,1.1036998604741806,-0.0612061389505251
2022-08-22,-0.0138330594004144,0.0,0.0,-0.0138330594004144,0,Minimum Variance,Standard Sentiment,0.1,1.088432314744012,-0.074192530195167
2022-08-23,-0.0047507426284427,0.0,0.0,-0.0047507426284427,0,Minimum Variance,Standard Sentiment,0.1,1.083261452948183,-0.0785908032076996
2022-08-24,0.0003107803306209,0.0,0.0,0.0003107803306209,0,Minimum Variance,Standard Sentiment,0.1,1.083598109300679,-0.0783044473528834
2022-08-25,0.0054601603273105,0.0,0.0,0.0054601603273105,0,Minimum Variance,Standard Sentiment,0.1,1.0895147287078313,-0.0732718418624611
2022-08-26,-0.0182373089689543,0.0,0.0,-0.0182373089689543,0,Minimum Variance,Standard Sentiment,0.1,1.06964491197416,-0.0901728696126454
2022-08-29,-0.0035498732735031,0.0,0.0,-0.0035498732735031,0,Minimum Variance,Standard Sentiment,0.1,1.065847808089004,-0.0934026406263157
2022-08-30,-0.0087593780660383,0.0,0.0,-0.0087593780660383,0,Minimum Variance,Standard Sentiment,0.1,1.0565116441770943,-0.1013438696507418
2022-08-31,-0.0025090310106561,0.0,0.0,-0.0025090310106561,0,Minimum Variance,Standard Sentiment,0.1,1.0538608236987346,-0.1035986257497044
2022-09-01,0.0115528901660383,0.3289133726736299,0.0003289133726736,0.0112239767933646,0,Minimum Variance,Standard Sentiment,0.1,1.0656893331273654,-0.0935374375275789
2022-09-02,-0.0090407808675878,0.0,0.0,-0.0090407808675878,0,Minimum Variance,Standard Sentiment,0.1,1.056054669393635,-0.1017325669195642
2022-09-06,-0.0024687491208285,0.0,0.0,-0.0024687491208285,0,Minimum Variance,Standard Sentiment,0.1,1.0534475353570223,-0.1039501638552505
2022-09-07,0.0168569495311462,0.0,0.0,0.0168569495311462,0,Minimum Variance,Standard Sentiment,0.1,1.071205447294246,-0.0888454969899668
2022-09-08,0.0021040549198694,0.0,0.0,0.0021040549198694,0,Minimum Variance,Standard Sentiment,0.1,1.0734593223858164,-0.0869283778751474
2022-09-09,0.0090360528310329,0.0,0.0,0.0090360528310329,0,Minimum Variance,Standard Sentiment,0.1,1.0831591575348594,-0.0786778144591103
2022-09-12,0.0085280922840968,0.0,0.0,0.0085280922840968,0,Minimum Variance,Standard Sentiment,0.1,1.092396438788681,-0.0708206938374318
2022-09-13,-0.0297816410028197,0.0,0.0,-0.0297816410028197,0,Minimum Variance,Standard Sentiment,0.1,1.059863080215918,-0.0984931783608145
2022-09-14,0.006731478956385,0.0,0.0,0.006731478956385,0,Minimum Variance,Standard Sentiment,0.1,1.066997526237041,-0.0924247041619127
2022-09-15,-0.011282740827644,0.0,0.0,-0.011282740827644,0,Minimum Variance,Standard Sentiment,0.1,1.0549588696847711,-0.1026646410064262
2022-09-16,0.0005490686458075,0.0,0.0,0.0005490686458075,0,Minimum Variance,Standard Sentiment,0.1,1.0555381145227316,-0.1021719422960284
2022-09-19,0.0038438809690181,0.0,0.0,0.0038438809690181,0,Minimum Variance,Standard Sentiment,0.1,1.059595477393219,-0.0987207981115695
2022-09-20,-0.0132189073769356,0.0,0.0,-0.0132189073769356,0,Minimum Variance,Standard Sentiment,0.1,1.045588782920538,-0.1106347244020911
2022-09-21,-0.0128103002139312,0.0,0.0,-0.0128103002139312,0,Minimum Variance,Standard Sentiment,0.1,1.032194476711007,-0.1220277605823461
2022-09-22,0.0031931036248308,0.0,0.0,0.0031931036248308,0,Minimum Variance,Standard Sentiment,0.1,1.0354903806361233,-0.1192243042421606
2022-09-23,-0.0169413367561539,0.0,0.0,-0.0169413367561539,0,Minimum Variance,Standard Sentiment,0.1,1.0179477893900086,-0.1341458219106301
2022-09-26,-0.0114613544216977,0.0,0.0,-0.0114613544216977,0,Minimum Variance,Standard Sentiment,0.1,1.006280728993026,-0.1440696835232202
2022-09-27,-0.0065206479684278,0.0,0.0,-0.0065206479684278,0,Minimum Variance,Standard Sentiment,0.1,0.9997191266018496,-0.1496509038024703
2022-09-28,0.0218686397909246,0.0,0.0,0.0218686397909246,0,Minimum Variance,Standard Sentiment,0.1,1.021581624073603,-0.1310549257211882
2022-09-29,-0.0173291819431816,0.0,0.0,-0.0173291819431816,0,Minimum Variance,Standard Sentiment,0.1,1.0038784502402207,-0.1461130330119973
2022-09-30,-0.0167712315352243,0.0,0.0,-0.0167712315352243,0,Minimum Variance,Standard Sentiment,0.1,0.9870421723180198,-0.1604337690402634
2022-10-03,0.0259792590020727,0.4146765775194239,0.0004146765775194,0.0255645824245533,0,Minimum Variance,Standard Sentiment,0.1,1.012275493288754,-0.1389706089280216
2022-10-04,0.0210856079968215,0.0,0.0,0.0210856079968215,0,Minimum Variance,Standard Sentiment,0.1,1.03361993752503,-0.1208152807141359
2022-10-05,-0.004378824807117,0.0,0.0,-0.004378824807117,0,Minimum Variance,Standard Sentiment,0.1,1.0290938969014645,-0.1246650765729832
2022-10-06,-0.0079728143791359,0.0,0.0,-0.0079728143791359,0,Minimum Variance,Standard Sentiment,0.1,1.0208891222827674,-0.131643959437042
2022-10-07,-0.0139600764628237,0.0,0.0,-0.0139600764628237,0,Minimum Variance,Standard Sentiment,0.1,1.006637432075635,-0.1437662761602557
2022-10-10,0.0009008490261991,0.0,0.0,0.0009008490261991,0,Minimum Variance,Standard Sentiment,0.1,1.007544260426056,-0.1429949388439357
2022-10-11,0.0151929443530538,0.0,0.0,0.0151929443530538,0,Minimum Variance,Standard Sentiment,0.1,1.022851824307948,-0.1299745086395062
2022-10-12,-0.0049296668769539,0.0,0.0,-0.0049296668769539,0,Minimum Variance,Standard Sentiment,0.1,1.017809505549625,-0.1342634444863716
2022-10-13,0.0192409865680763,0.0,0.0,0.0192409865680763,0,Minimum Variance,Standard Sentiment,0.1,1.0373931645747656,-0.1176058190502413
2022-10-14,-0.0123192045970145,0.0,0.0,-0.0123192045970145,0,Minimum Variance,Standard Sentiment,0.1,1.0246133059328246,-0.1284762135005765
2022-10-17,0.0123934009828205,0.0,0.0,0.0123934009828205,0,Minimum Variance,Standard Sentiment,0.1,1.0373117494855837,-0.1176750697484231
2022-10-18,0.0109701256559329,0.0,0.0,0.0109701256559329,0,Minimum Variance,Standard Sentiment,0.1,1.048691189721816,-0.1079958543942011
2022-10-19,-0.0072628837956333,0.0,0.0,-0.0072628837956333,0,Minimum Variance,Standard Sentiment,0.1,1.0410746674733615,-0.1144743768489593
2022-10-20,-0.0028488051789566,0.0,0.0,-0.0028488051789566,0,Minimum Variance,Standard Sentiment,0.1,1.0381088485689831,-0.1169970668302907
2022-10-21,0.0198596815737798,0.0,0.0,0.0198596815737798,0,Minimum Variance,Standard Sentiment,0.1,1.0587253597404864,-0.0994609097488267
2022-10-24,0.0172785396563492,0.0,0.0,0.0172785396563492,0,Minimum Variance,Standard Sentiment,0.1,1.077018587853945,-0.083900909365829
2022-10-25,0.0090855186802591,0.0,0.0,0.0090855186802591,0,Minimum Variance,Standard Sentiment,0.1,1.0868038603528785,-0.0755776739649038
2022-10-26,0.0119007491755427,0.0,0.0,0.0119007491755427,0,Minimum Variance,Standard Sentiment,0.1,1.0997376404979495,-0.0645763557304885
2022-10-27,0.0015826161397405,0.0,0.0,0.0015826161397405,0,Minimum Variance,Standard Sentiment,0.1,1.1014781030372818,-0.0630959391735727
2022-10-28,0.0225631945279899,0.0,0.0,0.0225631945279899,0,Minimum Variance,Standard Sentiment,0.1,1.126330967744433,-0.0419563905950824
2022-10-31,-0.0071376822016148,0.0,0.0,-0.0071376822016148,0,Minimum Variance,Standard Sentiment,0.1,1.118291575242836,-0.0487946014143029
2022-11-01,-0.0011267003465696,0.2923651097461646,0.0002923651097461,-0.0014190654563158,0,Minimum Variance,Standard Sentiment,0.1,1.11670464629832,-0.0501444241372969
2022-11-02,-0.0110842211323985,0.0,0.0,-0.0110842211323985,0,Minimum Variance,Standard Sentiment,0.1,1.1043268450591723,-0.0606728333840009
2022-11-03,-0.0046114361725028,0.0,0.0,-0.0046114361725028,0,Minimum Variance,Standard Sentiment,0.1,1.0992343122996004,-0.0650044806579486
2022-11-04,0.0144301443221732,0.0,0.0,0.0144301443221732,0,Minimum Variance,Standard Sentiment,0.1,1.1150964220699686,-0.0515123603732574
2022-11-07,0.0133374904456748,0.0,0.0,0.0133374904456748,0,Minimum Variance,Standard Sentiment,0.1,1.129969009945333,-0.0388619155418951
2022-11-08,0.0093600264548978,0.0,0.0,0.0093600264548978,0,Minimum Variance,Standard Sentiment,0.1,1.140545549771636,-0.0298656376445572
2022-11-09,-0.0123406743944105,0.0,0.0,-0.0123406743944105,0,Minimum Variance,Standard Sentiment,0.1,1.1264704485099104,-0.0418377499292149
2022-11-10,0.022855529262288,0.0,0.0,0.022855529262288,0,Minimum Variance,Standard Sentiment,0.1,1.1522165268089315,-0.0199384445847022
2022-11-11,-0.0036668530828942,0.0,0.0,-0.0036668530828942,0,Minimum Variance,Standard Sentiment,0.1,1.1479915180854403,-0.0235321863206029
2022-11-14,-0.003159364700976,0.0,0.0,-0.003159364700976,0,Minimum Variance,Standard Sentiment,0.1,1.1443645942061813,-0.026617204262781
2022-11-15,0.0074032560512456,0.0,0.0,0.0074032560512456,0,Minimum Variance,Standard Sentiment,0.1,1.1528366183130694,-0.019411002190061
2022-11-16,-0.0010523883049527,0.0,0.0,-0.0010523883049527,0,Minimum Variance,Standard Sentiment,0.1,1.151623386538435,-0.0204429625833217
2022-11-17,0.0040469894031642,0.0,0.0,0.0040469894031642,0,Minimum Variance,Standard Sentiment,0.1,1.1562839941801926,-0.0164787056331013
2022-11-18,0.0082986790669174,0.0,0.0,0.0082986790669174,0,Minimum Variance,Standard Sentiment,0.1,1.1658796239581075,-0.0083167780556712
2022-11-21,0.0034279630480884,0.0,0.0,0.0034279630480884,0,Minimum Variance,Standard Sentiment,0.1,1.169876216227555,-0.0049173246154368
2022-11-22,0.0092629807983811,0.0,0.0,0.0092629807983811,0,Minimum Variance,Standard Sentiment,0.1,1.1807127571549538,0.0
2022-11-23,-0.0009188062589985,0.0,0.0,-0.0009188062589985,0,Minimum Variance,Standard Sentiment,0.1,1.1796279108836003,-0.0009188062589984
2022-11-25,0.0006055030576396,0.0,0.0,0.0006055030576396,0,Minimum Variance,Standard Sentiment,0.1,1.1803421791905175,-0.000313859541358
2022-11-28,-0.0106347835323524,0.0,0.0,-0.0106347835323524,0,Minimum Variance,Standard Sentiment,0.1,1.167789495620721,-0.0109453052454286
2022-11-29,0.0031390711680889,0.0,0.0,0.0031390711680889,0,Minimum Variance,Standard Sentiment,0.1,1.1714552699568213,-0.0078405921694616
2022-11-30,0.0173228849467134,0.0,0.0,0.0173228849467134,0,Minimum Variance,Standard Sentiment,0.1,1.1917482548185043,0.0
2022-12-01,0.0009752294428293,0.3384307058278974,0.0003384307058278,0.0006367987370014,0,Minimum Variance,Standard Sentiment,0.1,1.1925071586019964,0.0
2022-12-02,0.0028403663473449,0.0,0.0,0.0028403663473449,0,Minimum Variance,Standard Sentiment,0.1,1.1958943158042574,0.0
2022-12-05,-0.0082474365814729,0.0,0.0,-0.0082474365814729,0,Minimum Variance,Standard Sentiment,0.1,1.1860312532765178,-0.0082474365814729
2022-12-06,-0.011008693950584,0.0,0.0,-0.011008693950584,0,Minimum Variance,Standard Sentiment,0.1,1.1729745981933688,-0.0191653370268548
2022-12-07,0.0030848795191266,0.0,0.0,0.0030848795191266,0,Minimum Variance,Standard Sentiment,0.1,1.1765930835077911,-0.0161395802633995
2022-12-08,0.0043654209119685,0.0,0.0,0.0043654209119685,0,Minimum Variance,Standard Sentiment,0.1,1.1817294075594138,-0.0118446154126232
2022-12-09,-0.0162152438493209,0.0,0.0,-0.0162152438493209,0,Minimum Variance,Standard Sentiment,0.1,1.1625673770519245,-0.0278677959347271
2022-12-12,0.0062563183102484,0.0,0.0,0.0062563183102484,0,Minimum Variance,Standard Sentiment,0.1,1.1698407686198715,-0.0217858274264514
2022-12-13,0.0038228694893364,0.0,0.0,0.0038228694893364,0,Minimum Variance,Standard Sentiment,0.1,1.174312917201611,-0.0180462423120832
2022-12-14,7.697463767474693e-05,0.0,0.0,7.697463767474693e-05,0,Minimum Variance,Standard Sentiment,0.1,1.1744033095129291,-0.0179706567773718
2022-12-15,-0.0155472886352976,0.0,0.0,-0.0155472886352976,0,Minimum Variance,Standard Sentiment,0.1,1.1561445222856828,-0.0332385504247859
2022-12-16,-0.0057774998967709,0.0,0.0,-0.0057774998967709,0,Minimum Variance,Standard Sentiment,0.1,1.149464897427525,-0.0388240145999088
2022-12-19,-0.0013441887083197,0.0,0.0,-0.0013441887083197,0,Minimum Variance,Standard Sentiment,0.1,1.1479197996917931,-0.0401160165061915
2022-12-20,0.0011359725735694,0.0,0.0,0.0011359725735694,0,Minimum Variance,Standard Sentiment,0.1,1.1492238051009005,-0.039025614627134
2022-12-21,0.0116023621538505,0.0,0.0,0.0116023621538505,0,Minimum Variance,Standard Sentiment,0.1,1.162557515883507,-0.0278760417874641
2022-12-22,-0.004831053740781,0.0,0.0,-0.004831053740781,0,Minimum Variance,Standard Sentiment,0.1,1.156941138047525,-0.0325724248722897
2022-12-23,0.0047938493797804,0.0,0.0,0.0047938493797804,0,Minimum Variance,Standard Sentiment,0.1,1.1624873396045965,-0.0279347227912812
2022-12-27,0.0013263798776843,0.0,0.0,0.0013263798776843,0,Minimum Variance,Standard Sentiment,0.1,1.1640292394199108,-0.026645394967796
2022-12-28,-0.0101301914641856,0.0,0.0,-0.0101301914641856,0,Minimum Variance,Standard Sentiment,0.1,1.1522374003546767,-0.036505663479319
2022-12-29,0.0065243128762418,0.0,0.0,0.0065243128762418,0,Minimum Variance,Standard Sentiment,0.1,1.159754957662298,-0.0302195249733711
2022-12-30,0.0001742285120738,0.0,0.0,0.0001742285120738,0,Minimum Variance,Standard Sentiment,0.1,1.159957020042942,-0.0300505615641689
2023-01-03,0.0002785341115517,0.1363551717879403,0.0001363551717879,0.0001421789397638,0,Minimum Variance,Standard Sentiment,0.1,1.160121941502223,-0.0299126551813877
2023-01-04,0.0084055573495667,0.0,0.0,0.0084055573495667,0,Minimum Variance,Standard Sentiment,0.1,1.1698734130140107,-0.0217585303704259
2023-01-05,0.0014781687171628,0.0,0.0,0.0014781687171628,0,Minimum Variance,Standard Sentiment,0.1,1.1716026832961686,-0.0203125244321881
2023-01-06,0.0150253759512178,0.0,0.0,0.0150253759512178,0,Minimum Variance,Standard Sentiment,0.1,1.189206454078149,-0.0055923517970821
2023-01-09,-0.016266384189871,0.0,0.0,-0.016266384189871,0,Minimum Variance,Standard Sentiment,0.1,1.1698623650150397,-0.021767768644097
2023-01-10,0.0019277289247793,0.0,0.0,0.0019277289247793,0,Minimum Variance,Standard Sentiment,0.1,1.1721175425340902,-0.0198820020765605
2023-01-11,0.0030516033358405,0.0,0.0,0.0030516033358405,0,Minimum Variance,Standard Sentiment,0.1,1.1756943803368844,-0.01689107072458
2023-01-12,-0.0024063401715971,0.0,0.0,-0.0024063401715971,0,Minimum Variance,Standard Sentiment,0.1,1.1728652597199587,-0.0192567652341514
2023-01-13,0.002347090775532,0.0,0.0,0.002347090775532,0,Minimum Variance,Standard Sentiment,0.1,1.1756180809519894,-0.016954871834667
2023-01-17,-0.0062126432700628,0.0,0.0,-0.0062126432700628,0,Minimum Variance,Standard Sentiment,0.1,1.1683143851931987,-0.0230621805343315
2023-01-18,-0.0174494764610028,0.0,0.0,-0.0174494764610028,0,Minimum Variance,Standard Sentiment,0.1,1.147927910829719,-0.0401092340189612
2023-01-19,-0.0015703058432814,0.0,0.0,-0.0015703058432814,0,Minimum Variance,Standard Sentiment,0.1,1.146125312923677,-0.0416165560976933
2023-01-20,0.0087023076216534,0.0,0.0,0.0087023076216534,0,Minimum Variance,Standard Sentiment,0.1,1.1560992479697028,-0.0332764085493556
2023-01-23,0.0027175089927531,0.0,0.0,0.0027175089927531,0,Minimum Variance,Standard Sentiment,0.1,1.1592409580725755,-0.0306493284960819
2023-01-24,-0.0024900633040089,0.0,0.0,-0.0024900633040089,0,Minimum Variance,Standard Sentiment,0.1,1.1563543747023748,-0.0330630730319103
2023-01-25,-0.0017323306750665,0.0,0.0,-0.0017323306750665,0,Minimum Variance,Standard Sentiment,0.1,1.1543511865478304,-0.0347381275313517
2023-01-26,0.0002838780250615,0.0,0.0,0.0002838780250615,0,Minimum Variance,Standard Sentiment,0.1,1.1546788814828952,-0.034464110897328
2023-01-27,-0.0060251344422376,0.0,0.0,-0.0060251344422376,0,Minimum Variance,Standard Sentiment,0.1,1.1477217859843485,-0.040281594437977
2023-01-30,-0.0037806507168626,0.0,0.0,-0.0037806507168626,0,Minimum Variance,Standard Sentiment,0.1,1.1433826507914078,-0.0439099545159512
2023-01-31,0.0077078034610073,0.0,0.0,0.0077078034610073,0,Minimum Variance,Standard Sentiment,0.1,1.1521956195444336,-0.0365406003543345
2023-02-01,-0.0191154164909342,0.1886641160329995,0.0001886641160329,-0.0193040806069672,0,Minimum Variance,Standard Sentiment,0.1,1.129953542429753,-0.0551392982666347
2023-02-02,-0.0116263497625673,0.0,0.0,-0.0116263497625673,0,Minimum Variance,Standard Sentiment,0.1,1.116816307330013,-0.0661245792618917
2023-02-03,-0.0095695232720074,0.0,0.0,-0.0095695232720074,0,Minimum Variance,Standard Sentiment,0.1,1.106128907686461,-0.0750613218338007
2023-02-06,-0.0014928256633803,0.0,0.0,-0.0014928256633803,0,Minimum Variance,Standard Sentiment,0.1,1.1044776500660598,-0.0764420940296204
2023-02-07,0.0087197939942434,0.0,0.0,0.0087197939942434,0,Minimum Variance,Standard Sentiment,0.1,1.114108467645882,-0.0683888593478039
2023-02-08,-0.0077539662485205,0.0,0.0,-0.0077539662485205,0,Minimum Variance,Standard Sentiment,0.1,1.105469708190565,-0.0756125406891667
2023-02-09,-0.0018892037686712,0.0,0.0,-0.0018892037686712,0,Minimum Variance,Standard Sentiment,0.1,1.1033812506516991,-0.0773588969610092
2023-02-10,0.0121312446529685,0.0,0.0,0.0121312446529685,0,Minimum Variance,Standard Sentiment,0.1,1.1167666385488535,-0.0661661120131583
2023-02-13,0.0077365331007289,0.0,0.0,0.0077365331007289,0,Minimum Variance,Standard Sentiment,0.1,1.1254065406137763,-0.0589414752281659
2023-02-14,-0.006836685232368,0.0,0.0,-0.006836685232368,0,Minimum Variance,Standard Sentiment,0.1,1.1177124903371516,-0.0653751961472677
2023-02-15,-9.951586492266163e-05,0.0,0.0,-9.951586492266163e-05,0,Minimum Variance,Standard Sentiment,0.1,1.117601260211941,-0.0654682061430012
2023-02-16,-0.0128289033067889,0.0,0.0,-0.0128289033067889,0,Minimum Variance,Standard Sentiment,0.1,1.1032636617091365,-0.0774572241635126
2023-02-17,0.0128712763493672,0.0,0.0,0.0128712763493672,0,Minimum Variance,Standard Sentiment,0.1,1.1174640731852097,-0.0655829211516088
2023-02-21,-0.0047946446104118,0.0,0.0,-0.0047946446104118,0,Minimum Variance,Standard Sentiment,0.1,1.1121062300893834,-0.0700631189625859
2023-02-22,-0.0043493598824207,0.0,0.0,-0.0043493598824207,0,Minimum Variance,Standard Sentiment,0.1,1.1072692798672423,-0.0741077491261537
2023-02-23,0.0024294234873797,0.0,0.0,0.0024294234873797,0,Minimum Variance,Standard Sentiment,0.1,1.109959305862606,-0.0718583647450976
2023-02-24,-0.0068641833348923,0.0,0.0,-0.0068641833348923,0,Minimum Variance,Standard Sentiment,0.1,1.1023403416928952,-0.0782292990902342
2023-02-27,0.0002361224788651,0.0,0.0,0.0002361224788651,0,Minimum Variance,Standard Sentiment,0.1,1.1026006290269288,-0.07801164830739
2023-02-28,-0.0102502472785175,0.0,0.0,-0.0102502472785175,0,Minimum Variance,Standard Sentiment,0.1,1.091298699929954,-0.087462256900152
2023-03-01,-8.171469151103918e-05,0.2204522319525873,0.0002204522319525,-0.0003021669234636,0,Minimum Variance,Standard Sentiment,0.1,1.0909689455592162,-0.0877379956225289
2023-03-02,0.0061526067362941,0.0,0.0,0.0061526067362941,0,Minimum Variance,Standard Sentiment,0.1,1.0976812484427516,-0.0821252062691308
2023-03-03,0.0039959611500972,0.0,0.0,0.0039959611500972,0,Minimum Variance,Standard Sentiment,0.1,1.102067540066719,-0.0784574142527289
2023-03-06,0.0093684800129163,0.0,0.0,0.0093684800129163,0,Minimum Variance,Standard Sentiment,0.1,1.112392237788718,-0.0698239609571044
2023-03-07,-0.0108148612326475,0.0,0.0,-0.0108148612326475,0,Minimum Variance,Standard Sentiment,0.1,1.1003618701007587,-0.079883685741287
2023-03-08,-0.0063057332149887,0.0,0.0,-0.0063057332149887,0,Minimum Variance,Standard Sentiment,0.1,1.0934232817079572,-0.0856856937457611
2023-03-09,-0.0115066178132451,0.0,0.0,-0.0115066178132451,0,Minimum Variance,Standard Sentiment,0.1,1.0808416778972394,-0.0962063590290112
2023-03-10,-0.0035715093190669,0.0,0.0,-0.0035715093190669,0,Minimum Variance,Standard Sentiment,0.1,1.0769814417721937,-0.0994342664402524
2023-03-13,0.0062370742226741,0.0,0.0,0.0062370742226741,0,Minimum Variance,Standard Sentiment,0.1,1.083698654960969,-0.0938173711176434
2023-03-14,0.0071025505426001,0.0,0.0,0.0071025505426001,0,Minimum Variance,Standard Sentiment,0.1,1.091395679430777,-0.0873811631951803
2023-03-15,0.0044833167483328,0.0,0.0,0.0044833167483328,0,Minimum Variance,Standard Sentiment,0.1,1.096288751959427,-0.0832896038792891
2023-03-16,0.0013900967124635,0.0,0.0,0.0013900967124635,0,Minimum Variance,Standard Sentiment,0.1,1.097812699349437,-0.0820152877713604
2023-03-17,-0.0134017233558357,0.0,0.0,-0.0134017233558357,0,Minimum Variance,Standard Sentiment,0.1,1.0831001172562325,-0.0943178649295353
2023-03-20,0.0132714395586491,0.0,0.0,0.0132714395586491,0,Minimum Variance,Standard Sentiment,0.1,1.0974744149983642,-0.0822981592145994
2023-03-21,-0.0017515004785674,0.0,0.0,-0.0017515004785674,0,Minimum Variance,Standard Sentiment,0.1,1.095552188035279,-0.0839055144279172
2023-03-22,-0.0149398254339485,0.0,0.0,-0.0149398254339485,0,Minimum Variance,Standard Sentiment,0.1,1.0791848295922517,-0.0975918061233671
2023-03-23,0.005239670045666,0.0,0.0,0.005239670045666,0,Minimum Variance,Standard Sentiment,0.1,1.084839402017603,-0.0928634849409481
2023-03-24,0.0164685044783087,0.0,0.0,0.0164685044783087,0,Minimum Variance,Standard Sentiment,0.1,1.102705084567976,-0.0779243031802607
2023-03-27,0.005384802512449,0.0,0.0,0.005384802512449,0,Minimum Variance,Standard Sentiment,0.1,1.1086429336778478,-0.0729591076513577
2023-03-28,-0.0010421686060268,0.0,0.0,-0.0010421686060268,0,Minimum Variance,Standard Sentiment,0.1,1.1074875408170752,-0.0739252405658665
2023-03-29,0.0067265394100401,0.0,0.0,0.0067265394100401,0,Minimum Variance,Standard Sentiment,0.1,1.1149370994065098,-0.0676959621998894
2023-03-30,0.0046971170397384,0.0,0.0,0.0046971170397384,0,Minimum Variance,Standard Sentiment,0.1,1.1201740894543688,-0.0633168210177214
2023-03-31,0.0069637070709546,0.0,0.0,0.0069637070709546,0,Minimum Variance,Standard Sentiment,0.1,1.1279746536818025,-0.0567940337409982
2023-04-03,0.0106790340877966,0.1961541508865559,0.0001961541508865,0.0104828799369101,0,Minimum Variance,Standard Sentiment,0.1,1.1397990765482269,-0.0469065188409277
2023-04-04,0.0059165164780184,0.0,0.0,0.0059165164780184,0,Minimum Variance,Standard Sentiment,0.1,1.1465427165662545,-0.0412675255545582
2023-04-05,0.0151599001748339,0.0,0.0,0.0151599001748339,0,Minimum Variance,Standard Sentiment,0.1,1.1639241896955816,-0.0267332369475937
2023-04-06,8.821480275974744e-05,0.0,0.0,8.821480275974744e-05,0,Minimum Variance,Standard Sentiment,0.1,1.164026865038403,-0.0266473804120584
2023-04-10,-0.0013276062907695,0.0,0.0,-0.0013276062907695,0,Minimum Variance,Standard Sentiment,0.1,1.1624814956497531,-0.0279396094729605
2023-04-11,-0.0005356028643553,0.0,0.0,-0.0005356028643553,0,Minimum Variance,Standard Sentiment,0.1,1.1618588672309231,-0.0284602478024531
2023-04-12,0.0010055509505424,0.0,0.0,0.0010055509505424,0,Minimum Variance,Standard Sentiment,0.1,1.1630271755192634,-0.0274833150811411
2023-04-13,0.0092270495722018,0.0,0.0,0.0092270495722018,0,Minimum Variance,Standard Sentiment,0.1,1.1737584849215974,-0.0185098554196014
2023-04-14,-0.00435406136159,0.0,0.0,-0.00435406136159,0,Minimum Variance,Standard Sentiment,0.1,1.1686478684545618,-0.0227833237349004
2023-04-17,0.000257407468379,0.0,0.0,0.000257407468379,0,Minimum Variance,Standard Sentiment,0.1,1.1689486871438073,-0.0225317808642051
2023-04-18,-0.0020321056771515,0.0,0.0,-0.0020321056771515,0,Minimum Variance,Standard Sentiment,0.1,1.1665732598803635,-0.0245180995815462
2023-04-19,-0.0006167811231451,0.0,0.0,-0.0006167811231451,0,Minimum Variance,Standard Sentiment,0.1,1.1658537395149036,-0.0251197584036939
2023-04-20,-0.0054089301535112,0.0,0.0,-0.0054089301535112,0,Minimum Variance,Standard Sentiment,0.1,1.1595477180686575,-0.0303928175385266
2023-04-21,0.0056873447961122,0.0,0.0,0.0056873447961122,0,Minimum Variance,Standard Sentiment,0.1,1.1661424657488593,-0.0248783271750812
2023-04-24,0.00166085997912,0.0,0.0,0.00166085997912,0,Minimum Variance,Standard Sentiment,0.1,1.168079265100174,-0.0232587866139134
2023-04-25,-0.0001760651840812,0.0,0.0,-0.0001760651840812,0,Minimum Variance,Standard Sentiment,0.1,1.1678736070093427,-0.0234307567354481
2023-04-26,-0.0198143521526059,0.0,0.0,-0.0198143521526059,0,Minimum Variance,Standard Sentiment,0.1,1.1447329480903254,-0.0427808436228959
2023-04-27,0.0054848623603774,0.0,0.0,0.0054848623603774,0,Minimum Variance,Standard Sentiment,0.1,1.15101165074999,-0.0375306283014509
2023-04-28,0.0037228050043892,0.0,0.0,0.0037228050043892,0,Minimum Variance,Standard Sentiment,0.1,1.1552966426835125,-0.0339475425079202
2023-05-01,0.0009813167975976,0.2580803643253375,0.0002580803643253,0.0007232364332723,0,Minimum Variance,Standard Sentiment,0.1,1.1561321953067385,-0.0332488581742095
2023-05-02,-0.0077071320089703,0.0,0.0,-0.0077071320089703,0,Minimum Variance,Standard Sentiment,0.1,1.1472217318576885,-0.0406997368440837
2023-05-03,-0.0090535086040756,0.0,0.0,-0.0090535086040756,0,Minimum Variance,Standard Sentiment,0.1,1.1368353500375323,-0.0493847700304579
2023-05-04,0.0008780313578673,0.0,0.0,0.0008780313578673,0,Minimum Variance,Standard Sentiment,0.1,1.1378335271235973,-0.0485501000492785
2023-05-05,0.0111211540513711,0.0,0.0,0.0111211540513711,0,Minimum Variance,Standard Sentiment,0.1,1.1504875490635538,-0.0379688791397648
2023-05-08,-0.0002974694579245,0.0,0.0,-0.0002974694579245,0,Minimum Variance,Standard Sentiment,0.1,1.150145314155985,-0.0382550540157936
2023-05-09,-0.004623805391461,0.0,0.0,-0.004623805391461,0,Minimum Variance,Standard Sentiment,0.1,1.144827266051427,-0.0427019754822457
2023-05-10,-0.0005608330410729,0.0,0.0,-0.0005608330410729,0,Minimum Variance,Standard Sentiment,0.1,1.144185209094304,-0.0432388598445492
2023-05-11,-0.0016726702635263,0.0,0.0,-0.0016726702635263,0,Minimum Variance,Standard Sentiment,0.1,1.1422713645190854,-0.0448392057529847
2023-05-12,0.0014407286896414,0.0,0.0,0.0014407286896414,0,Minimum Variance,Standard Sentiment,0.1,1.143917067645304,-0.0434630781934923
2023-05-15,-0.0028734853641216,0.0,0.0,-0.0028734853641216,0,Minimum Variance,Standard Sentiment,0.1,1.1406300386936563,-0.0462116730385452
2023-05-16,-0.0151993876688951,0.0,0.0,-0.0151993876688951,0,Minimum Variance,Standard Sentiment,0.1,1.1232931605487646,-0.0607086715740993
2023-05-17,-0.0010755382132082,0.0,0.0,-0.0010755382132082,0,Minimum Variance,Standard Sentiment,0.1,1.122085015829959,-0.0617189152911564
2023-05-18,0.0008355146356297,0.0,0.0,0.0008355146356297,0,Minimum Variance,Standard Sentiment,0.1,1.1230225342831055,-0.0609349677125476
2023-05-19,0.000134243058323,0.0,0.0,0.000134243058323,0,Minimum Variance,Standard Sentiment,0.1,1.1231732922626736,-0.0608089047506491
2023-05-22,-0.0058834095323043,0.0,0.0,-0.0058834095323043,0,Minimum Variance,Standard Sentiment,0.1,1.1165652038085458,-0.0663345505930944
2023-05-23,-0.0030378536728408,0.0,0.0,-0.0030378536728408,0,Minimum Variance,Standard Sentiment,0.1,1.11317324210319,-0.0691708896077797
2023-05-24,-0.0067722428768151,0.0,0.0,-0.0067722428768151,0,Minimum Variance,Standard Sentiment,0.1,1.1056345625436954,-0.0754746904201655
2023-05-25,-0.0125941432068339,0.0,0.0,-0.0125941432068339,0,Minimum Variance,Standard Sentiment,0.1,1.0917100425285948,-0.0871182945673565
2023-05-26,-0.0007475565539046,0.0,0.0,-0.0007475565539046,0,Minimum Variance,Standard Sentiment,0.1,1.0908939275313392,-0.0878007252691922
2023-05-30,-0.0034624228742946,0.0,0.0,-0.0034624228742946,0,Minimum Variance,Standard Sentiment,0.1,1.0871167914432256,-0.0909591449039352
2023-05-31,0.0066679382143926,0.0,0.0,0.0066679382143926,0,Minimum Variance,Standard Sentiment,0.1,1.0943656190403976,-0.0848977166477961
2023-06-01,-0.0012145647907016,0.3827234898857587,0.0003827234898857,-0.0015972882805874,0,Minimum Variance,Standard Sentiment,0.1,1.0926176016624265,-0.0863593988005334
2023-06-02,0.012421202854016,0.0,0.0,0.012421202854016,0,Minimum Variance,Standard Sentiment,0.1,1.106189226534544,-0.0750108835573696
2023-06-05,0.0012469552379357,0.0,0.0,0.0012469552379357,0,Minimum Variance,Standard Sentiment,0.1,1.1075685949847194,-0.0738574635335879
2023-06-06,-0.0063705333301759,0.0,0.0,-0.0063705333301759,0,Minimum Variance,Standard Sentiment,0.1,1.1005127923349132,-0.0797574854306408
2023-06-07,0.0005844538170634,0.0,0.0,0.0005844538170634,0,Minimum Variance,Standard Sentiment,0.1,1.1011559912371205,-0.0792196461803766
2023-06-08,0.0060108129085103,0.0,0.0,0.0060108129085103,0,Minimum Variance,Standard Sentiment,0.1,1.107774833883532,-0.0736850077437349
2023-06-09,-0.0001222701246304,0.0,0.0,-0.0001222701246304,0,Minimum Variance,Standard Sentiment,0.1,1.1076393861165308,-0.073798268393285
2023-06-12,-0.0026424830974871,0.0,0.0,-0.0026424830974871,0,Minimum Variance,Standard Sentiment,0.1,1.1047124677606068,-0.0762457408139191
2023-06-13,0.0064667314149245,0.0,0.0,0.0064667314149245,0,Minimum Variance,Standard Sentiment,0.1,1.111856346580333,-0.0702720701263702
2023-06-14,0.0020297165397319,0.0,0.0,0.0020297165397319,0,Minimum Variance,Standard Sentiment,0.1,1.1141130997967932,-0.0683849859696549
2023-06-15,0.0095421827759194,0.0,0.0,0.0095421827759194,0,Minimum Variance,Standard Sentiment,0.1,1.1247441706281005,-0.0594953452289866
2023-06-16,0.0009107672572209,0.0,0.0,0.0009107672572209,0,Minimum Variance,Standard Sentiment,0.1,1.1257685507914583,-0.0586387643841572
2023-06-20,-0.0078144524923165,0.0,0.0,-0.0078144524923165,0,Minimum Variance,Standard Sentiment,0.1,1.116971285933955,-0.0659949870379856
2023-06-21,-0.0015665498678129,0.0,0.0,-0.0015665498678129,0,Minimum Variance,Standard Sentiment,0.1,1.115221494713624,-0.0674581524675779
2023-06-22,0.0079078769564016,0.0,0.0,0.0079078769564016,0,Minimum Variance,Standard Sentiment,0.1,1.1240405290729536,-0.0600837262805961
2023-06-23,-0.005207451247883,0.0,0.0,-0.005207451247883,0,Minimum Variance,Standard Sentiment,0.1,1.1181871428171617,-0.0649782944530819
2023-06-26,0.0008874028764331,0.0,0.0,0.0008874028764331,0,Minimum Variance,Standard Sentiment,0.1,1.119179425304088,-0.064148553502052
2023-06-27,0.0032653729587541,0.0,0.0,0.0032653729587541,0,Minimum Variance,Standard Sentiment,0.1,1.12283396353547,-0.0610926494952467
2023-06-28,-0.0039854657068746,0.0,0.0,-0.0039854657068746,0,Minimum Variance,Standard Sentiment,0.1,1.1183589472792852,-0.064834632542616
2023-06-29,-0.000851009251226,0.0,0.0,-0.000851009251226,0,Minimum Variance,Standard Sentiment,0.1,1.117407213468959,-0.0656304669217485
2023-06-30,0.0062667910961129,0.0,0.0,0.0062667910961129,0,Minimum Variance,Standard Sentiment,0.1,1.124409771045059,-0.0597749682513745
2023-07-03,0.0034205383705993,0.3388876228193794,0.0003388876228193,0.0030816507477799,0,Minimum Variance,Standard Sentiment,0.1,1.1278748092568107,-0.056877523079205
2023-07-05,0.0019971854049321,0.0,0.0,0.0019971854049321,0,Minimum Variance,Standard Sentiment,0.1,1.130127384364449,-0.0549939326332353
2023-07-06,-0.0081663221264676,0.0,0.0,-0.0081663221264676,0,Minimum Variance,Standard Sentiment,0.1,1.1208984000997866,-0.0627111565908187
2023-07-07,-0.0138812646202544,0.0,0.0,-0.0138812646202544,0,Minimum Variance,Standard Sentiment,0.1,1.1053389127955815,-0.0757219110517937
2023-07-10,0.0007874552648917,0.0,0.0,0.0007874552648917,0,Minimum Variance,Standard Sentiment,0.1,1.1062093177419523,-0.0749940834044273
2023-07-11,0.0092337569744902,0.0,0.0,0.0092337569744902,0,Minimum Variance,Standard Sentiment,0.1,1.1164237857448982,-0.0664528035706182
2023-07-12,-0.0030610979224614,0.0,0.0,-0.0030610979224614,0,Minimum Variance,Standard Sentiment,0.1,1.113006303213768,-0.0693104829541279
2023-07-13,0.0014171685186406,0.0,0.0,0.0014171685186406,0,Minimum Variance,Standard Sentiment,0.1,1.114583620707731,-0.0679915390699417
2023-07-14,0.0033889393000531,0.0,0.0,0.0033889393000531,0,Minimum Variance,Standard Sentiment,0.1,1.1183608769431432,-0.0648330189687136
2023-07-17,-0.0056739389728979,0.0,0.0,-0.0056739389728979,0,Minimum Variance,Standard Sentiment,0.1,1.1120153655776912,-0.0701390993485543
2023-07-18,0.0009528029826277,0.0,0.0,0.0009528029826277,0,Minimum Variance,Standard Sentiment,0.1,1.1130748971347415,-0.0692531251089847
2023-07-19,0.0079983710495002,0.0,0.0,0.0079983710495002,0,Minimum Variance,Standard Sentiment,0.1,1.1219776831679094,-0.0618086662504436
2023-07-20,0.0157716650556521,0.0,0.0,0.0157716650556521,0,Minimum Variance,Standard Sentiment,0.1,1.13967313938675,-0.0470118267764302
2023-07-21,0.0062982887291727,0.0,0.0,0.0062982887291727,0,Minimum Variance,Standard Sentiment,0.1,1.1468511298754904,-0.0410096321059814
2023-07-24,0.0008349437252231,0.0,0.0,0.0008349437252231,0,Minimum Variance,Standard Sentiment,0.1,1.147808686030145,-0.0402089291157589
2023-07-25,-0.002915850542816,0.0,0.0,-0.002915850542816,0,Minimum Variance,Standard Sentiment,0.1,1.144461847449935,-0.0430075364307867
2023-07-26,0.0031050941645904,0.0,0.0,0.0031050941645904,0,Minimum Variance,Standard Sentiment,0.1,1.1480155092540485,-0.0400359847166008
2023-07-27,-0.0071694191414212,0.0,0.0,-0.0071694191414212,0,Minimum Variance,Standard Sentiment,0.1,1.1397849048873538,-0.0469183691028493
2023-07-28,0.0027220492367311,0.0,0.0,0.0027220492367311,0,Minimum Variance,Standard Sentiment,0.1,1.14288745551774,-0.0443240339769234
2023-07-31,-0.0040006964854093,0.0,0.0,-0.0040006964854093,0,Minimum Variance,Standard Sentiment,0.1,1.1383151096912316,-0.0481474034553821
2023-08-01,-0.0053225154896687,0.1688744996007443,0.0001688744996007,-0.0054913899892695,0,Minimum Variance,Standard Sentiment,0.1,1.132064177493239,-0.0533743972753074
2023-08-02,-0.0082259762754411,0.0,0.0,-0.0082259762754411,0,Minimum Variance,Standard Sentiment,0.1,1.122751844426903,-0.061161317025046
2023-08-03,-0.007213353498763,0.0,0.0,-0.007213353498763,0,Minimum Variance,Standard Sentiment,0.1,1.1146530384816633,-0.0679334923236574
2023-08-04,-0.0058578124347683,0.0,0.0,-0.0058578124347683,0,Minimum Variance,Standard Sentiment,0.1,1.108123610052393,-0.0733933631023551
2023-08-07,0.0118199159321548,0.0,0.0,0.0118199159321548,0,Minimum Variance,Standard Sentiment,0.1,1.1212215379656485,-0.0624409505520482
2023-08-08,-0.0041498635810859,0.0,0.0,-0.0041498635810859,0,Minimum Variance,Standard Sentiment,0.1,1.1165686215389157,-0.0663316927064697
2023-08-09,0.0023108933712517,0.0,0.0,0.0023108933712517,0,Minimum Variance,Standard Sentiment,0.1,1.1191488925649773,-0.0641740848041975
2023-08-10,-0.0022238705194588,0.0,0.0,-0.0022238705194588,0,Minimum Variance,Standard Sentiment,0.1,1.116660050335917,-0.066255240468347
2023-08-11,0.0059272454393045,0.0,0.0,0.0059272454393045,0,Minimum Variance,Standard Sentiment,0.1,1.123278768526524,-0.0607207061009387
2023-08-14,-0.0008335892636271,0.0,0.0,-0.0008335892636271,0,Minimum Variance,Standard Sentiment,0.1,1.12234241540502,-0.0615036792358802
2023-08-15,-0.0064836086113586,0.0,0.0,-0.0064836086113586,0,Minimum Variance,Standard Sentiment,0.1,1.1150655864556067,-0.0675885220629149
2023-08-16,-0.0027438192641976,0.0,0.0,-0.0027438192641976,0,Minimum Variance,Standard Sentiment,0.1,1.112006048018646,-0.0701468906382377
2023-08-17,-0.0054071423339485,0.0,0.0,-0.0054071423339485,0,Minimum Variance,Standard Sentiment,0.1,1.1059932730407975,-0.0751747387502215
2023-08-18,0.0037675981489516,0.0,0.0,0.0037675981489516,0,Minimum Variance,Standard Sentiment,0.1,1.1101602112490592,-0.0716903688078329
2023-08-21,-0.0033969372507921,0.0,0.0,-0.0033969372507921,0,Minimum Variance,Standard Sentiment,0.1,1.10638906667312,-0.0748437783742986
2023-08-22,-0.005580606941188,0.0,0.0,-0.005580606941188,0,Minimum Variance,Standard Sentiment,0.1,1.1002147441679897,-0.0800067116063864
2023-08-23,0.0107560232763205,0.0,0.0,0.0107560232763205,0,Minimum Variance,Standard Sentiment,0.1,1.1120486795652116,-0.0701112423823658
2023-08-24,-0.0092707238055261,0.0,0.0,-0.0092707238055261,0,Minimum Variance,Standard Sentiment,0.1,1.1017391833986625,-0.0787319842241027
2023-08-25,0.0024112649525993,0.0,0.0,0.0024112649525993,0,Minimum Variance,Standard Sentiment,0.1,1.104395768478497,-0.0765105629457115
2023-08-28,0.0031542408368251,0.0,0.0,0.0031542408368251,0,Minimum Variance,Standard Sentiment,0.1,1.1078792987114487,-0.0735976548509783
2023-08-29,0.0050450176636234,0.0,0.0,0.0050450176636234,0,Minimum Variance,Standard Sentiment,0.1,1.1134685693426107,-0.0689239386560793
2023-08-30,0.0017297155978641,0.0,0.0,0.0017297155978641,0,Minimum Variance,Standard Sentiment,0.1,1.1153945532947342,-0.0673134418699747
2023-08-31,-0.0052399180743638,0.0,0.0,-0.0052399180743638,0,Minimum Variance,Standard Sentiment,0.1,1.1095499772148782,-0.0722006430236364
2023-09-01,0.0002179500515077,0.2318061861527091,0.0002318061861527,-1.385613464495626e-05,0,Minimum Variance,Standard Sentiment,0.1,1.1095346031409985,-0.0722134987364503
2023-09-05,-0.0094799231931449,0.0,0.0,-0.0094799231931449,0,Minimum Variance,Standard Sentiment,0.1,1.0990163003230853,-0.0810088435080654
2023-09-06,-0.0026567952753016,0.0,0.0,-0.0026567952753016,0,Minimum Variance,Standard Sentiment,0.1,1.0960964390089074,-0.0834504148706772
2023-09-07,0.0058371917114918,0.0,0.0,0.0058371917114918,0,Minimum Variance,Standard Sentiment,0.1,1.102494564057686,-0.078100339229189
2023-09-08,0.003842929800548,0.0,0.0,0.003842929800548,0,Minimum Variance,Standard Sentiment,0.1,1.1067313732728454,-0.0745575435496977
2023-09-11,0.0034738254127083,0.0,0.0,0.0034738254127083,0,Minimum Variance,Standard Sentiment,0.1,1.1105759648423623,-0.0713427180264815
2023-09-12,-0.0016421737732974,0.0,0.0,-0.0016421737732974,0,Minimum Variance,Standard Sentiment,0.1,1.1087522061196438,-0.0728677346593199
2023-09-13,0.0001313775252804,0.0,0.0,0.0001313775252804,0,Minimum Variance,Standard Sentiment,0.1,1.108897871240633,-0.0727459303166918
2023-09-14,0.0089687423046626,0.0,0.0,0.0089687423046626,0,Minimum Variance,Standard Sentiment,0.1,1.1188432904899792,-0.0644296275147525
2023-09-15,-0.008997966066692,0.0,0.0,-0.008997966066692,0,Minimum Variance,Standard Sentiment,0.1,1.1087759765282044,-0.0728478579793772
2023-09-18,0.0010573479729668,0.0,0.0,0.0010573479729668,0,Minimum Variance,Standard Sentiment,0.1,1.1099483385594608,-0.0718675355413798
2023-09-19,0.0001896211158913,0.0,0.0,0.0001896211158913,0,Minimum Variance,Standard Sentiment,0.1,1.1101588082020002,-0.0716915420277742
2023-09-20,0.0016809184195298,0.0,0.0,0.0016809184195298,0,Minimum Variance,Standard Sentiment,0.1,1.1120248945913105,-0.0701311312417634
2023-09-21,-0.0140525508833233,0.0,0.0,-0.0140525508833233,0,Minimum Variance,Standard Sentiment,0.1,1.0963981081765437,-0.0831981608348069
2023-09-22,-0.0015432623036937,0.0,0.0,-0.0015432623036937,0,Minimum Variance,Standard Sentiment,0.1,1.0947060783063536,-0.0846130265531475
2023-09-25,-0.0017264069647254,0.0,0.0,-0.0017264069647254,0,Minimum Variance,Standard Sentiment,0.1,1.0928161701084382,-0.0861933569995251
2023-09-26,-0.0063517754441679,0.0,0.0,-0.0063517754441679,0,Minimum Variance,Standard Sentiment,0.1,1.0858748471941535,-0.091997651595253
2023-09-27,-0.006489295194661,0.0,0.0,-0.006489295194661,0,Minimum Variance,Standard Sentiment,0.1,1.0788282847662534,-0.0978899468714969
2023-09-28,0.0020386590204723,0.0,0.0,0.0020386590204723,0,Minimum Variance,Standard Sentiment,0.1,1.081027647780533,-0.0960508520742277
2023-09-29,-0.0045153076048509,0.0,0.0,-0.0045153076048509,0,Minimum Variance,Standard Sentiment,0.1,1.0761464754214554,-0.1001324605362554
2023-10-02,-0.0074085874809781,0.2498742584945585,0.0002498742584945,-0.0076584617394727,0,Minimum Variance,Standard Sentiment,0.1,1.0679048488133718,-0.1070240616578319
2023-10-03,-0.0081181994848552,0.0,0.0,-0.0081181994848552,0,Minimum Variance,Standard Sentiment,0.1,1.0592353842198603,-0.1142734184604695
2023-10-04,0.0055694956351042,0.0,0.0,0.0055694956351042,0,Minimum Variance,Standard Sentiment,0.1,1.065134791068821,-0.1093403681306894
2023-10-05,-0.0131083456393109,0.0,0.0,-0.0131083456393109,0,Minimum Variance,Standard Sentiment,0.1,1.0511726360750355,-0.1210154424322138
2023-10-06,0.0053254806251693,0.0,0.0,0.0053254806251693,0,Minimum Variance,Standard Sentiment,0.1,1.056770635582161,-0.1163344272010635
2023-10-09,0.0042268594491502,0.0,0.0,0.0042268594491502,0,Minimum Variance,Standard Sentiment,0.1,1.0612374565287563,-0.1125992970247895
2023-10-10,0.0106256526383965,0.0,0.0,0.0106256526383965,0,Minimum Variance,Standard Sentiment,0.1,1.0725137971086864,-0.103170085403906
2023-10-11,0.0018333819629787,0.0,0.0,0.0018333819629787,0,Minimum Variance,Standard Sentiment,0.1,1.0744801245593514,-0.1015258536146257
2023-10-12,-0.0052696172381059,0.0,0.0,-0.0052696172381059,0,Minimum Variance,Standard Sentiment,0.1,1.0688180255729711,-0.1062604684644107
2023-10-13,0.0028603241240178,0.0,0.0,0.0028603241240178,0,Minimum Variance,Standard Sentiment,0.1,1.0718751915557023,-0.103704083721771
2023-10-16,0.0064004665623936,0.0,0.0,0.0064004665623936,0,Minimum Variance,Standard Sentiment,0.1,1.0787356928783145,-0.0979673716796222
2023-10-17,0.0052058684089755,0.0,0.0,0.0052058684089755,0,Minimum Variance,Standard Sentiment,0.1,1.0843514489435038,-0.0932715085159839
2023-10-18,-0.0066857414112715,0.0,0.0,-0.0066857414112715,0,Minimum Variance,Standard Sentiment,0.1,1.07710175555693,-0.0993336607402783
2023-10-19,-0.004438502513581,0.0,0.0,-0.004438502513581,0,Minimum Variance,Standard Sentiment,0.1,1.072321036707508,-0.1033312705509804
2023-10-20,-0.0001231407645795,0.0,0.0,-0.0001231407645795,0,Minimum Variance,Standard Sentiment,0.1,1.0721889902751731,-0.1034416870238994
2023-10-23,-0.004465396253684,0.0,0.0,-0.004465396253684,0,Minimum Variance,Standard Sentiment,0.1,1.067401241574757,-0.1074451751558722
2023-10-24,0.0157326537377208,0.0,0.0,0.0157326537377208,0,Minimum Variance,Standard Sentiment,0.1,1.084194295707666,-0.0934029191546674
2023-10-25,-0.0012323840186001,0.0,0.0,-0.0012323840186001,0,Minimum Variance,Standard Sentiment,0.1,1.0828581519845784,-0.0945201949084109
2023-10-26,-0.0025097348200874,0.0,0.0,-0.0025097348200874,0,Minimum Variance,Standard Sentiment,0.1,1.080140465175327,-0.0967927091041352
2023-10-27,-0.0159587160017707,0.0,0.0,-0.0159587160017707,0,Minimum Variance,Standard Sentiment,0.1,1.0629028102495734,-0.1112067377502711
2023-10-30,0.0047224443517106,0.0,0.0,0.0047224443517106,0,Minimum Variance,Standard Sentiment,0.1,1.067922309622254,-0.1070094610291214
2023-10-31,0.0062474656027546,0.0,0.0,0.0062474656027546,0,Minimum Variance,Standard Sentiment,0.1,1.0745941175180334,-0.1014305333533154
2023-11-01,0.0042628105608492,0.3625620088715206,0.0003625620088715,0.0039002485519777,0,Minimum Variance,Standard Sentiment,0.1,1.078785301668847,-0.0979258890921752
2023-11-02,0.0150898842100762,0.0,0.0,0.0150898842100762,0,Minimum Variance,Standard Sentiment,0.1,1.095064046958562,-0.0843136952096687
2023-11-03,0.001779718676071,0.0,0.0,0.001779718676071,0,Minimum Variance,Standard Sentiment,0.1,1.097012952894428,-0.0826840311916108
2023-11-06,0.0009038052879295,0.0,0.0,0.0009038052879295,0,Minimum Variance,Standard Sentiment,0.1,1.0980044390021813,-0.0818549561682996
2023-11-07,0.0014953638796802,0.0,0.0,0.0014953638796802,0,Minimum Variance,Standard Sentiment,0.1,1.0996463551799935,-0.0804819952334463
2023-11-08,-0.0007115135175489,0.0,0.0,-0.0007115135175489,0,Minimum Variance,Standard Sentiment,0.1,1.0988639419337596,-0.0811362447234673
2023-11-09,-0.0102907458460213,0.0,0.0,-0.0102907458460213,0,Minimum Variance,Standard Sentiment,0.1,1.087555812387962,-0.090592038096139
2023-11-10,0.0046224430858753,0.0,0.0,0.0046224430858753,0,Minimum Variance,Standard Sentiment,0.1,1.0925829772334386,-0.0863883515503963
2023-11-13,0.0032412847666868,0.0,0.0,0.0032412847666868,0,Minimum Variance,Standard Sentiment,0.1,1.0961243497938866,-0.083427076031609
2023-11-14,0.0080124543828796,0.0,0.0,0.0080124543828796,0,Minimum Variance,Standard Sentiment,0.1,1.104906996144574,-0.0760830772897295
2023-11-15,0.0034251392593149,0.0,0.0,0.0034251392593149,0,Minimum Variance,Standard Sentiment,0.1,1.1086914564749604,-0.0729185331654092
2023-11-16,-0.0144061522910391,0.0,0.0,-0.0144061522910391,0,Minimum Variance,Standard Sentiment,0.1,1.092719478509208,-0.0862742099628283
2023-11-17,-0.0001024282843271,0.0,0.0,-0.0001024282843271,0,Minimum Variance,Standard Sentiment,0.1,1.0926075531277737,-0.0863678013278472
2023-11-20,0.0039356801997901,0.0,0.0,0.0039356801997901,0,Minimum Variance,Standard Sentiment,0.1,1.0969077070407596,-0.0827720371736425
2023-11-21,0.0032552367011375,0.0,0.0,0.0032552367011375,0,Minimum Variance,Standard Sentiment,0.1,1.1004784012664792,-0.0797862430457406
2023-11-22,-0.0009622639895655,0.0,0.0,-0.0009622639895655,0,Minimum Variance,Standard Sentiment,0.1,1.099419450529646,-0.0806717316067604
2023-11-24,0.0046303567339128,0.0,0.0,0.0046303567339128,0,Minimum Variance,Standard Sentiment,0.1,1.1045101547858005,-0.0764149137685294
2023-11-27,0.0005121538145678,0.0,0.0,0.0005121538145678,0,Minimum Variance,Standard Sentiment,0.1,1.105075833874803,-0.075941896143538
2023-11-28,-0.0002697509683955,0.0,0.0,-0.0002697509683955,0,Minimum Variance,Standard Sentiment,0.1,1.1047777385984647,-0.0761911617119071
2023-11-29,-0.0020003353026254,0.0,0.0,-0.0020003353026254,0,Minimum Variance,Standard Sentiment,0.1,1.1025678126863916,-0.0780390891440121
2023-11-30,0.0088283585821886,0.0,0.0,0.0088283585821886,0,Minimum Variance,Standard Sentiment,0.1,1.1123016766979663,-0.0698996876242141
2023-12-01,0.0035641764845953,0.3023743892018276,0.0003023743892018,0.0032618020953935,0,Minimum Variance,Standard Sentiment,0.1,1.1159297846377298,-0.0668658844763805
2023-12-04,0.001227318607408,0.0,0.0,0.001227318607408,0,Minimum Variance,Standard Sentiment,0.1,1.1172993860269766,-0.065720631613191
2023-12-05,0.0029272775693136,0.0,0.0,0.0029272775693136,0,Minimum Variance,Standard Sentiment,0.1,1.1205700314579012,-0.0629857365746399
2023-12-06,-0.0031268412273743,0.0,0.0,-0.0031268412273743,0,Minimum Variance,Standard Sentiment,0.1,1.1170661868853786,-0.065915631404156
2023-12-07,0.0005312766977387,0.0,0.0,0.0005312766977387,0,Minimum Variance,Standard Sentiment,0.1,1.1176596581203029,-0.0654193741453991
2023-12-08,-0.0020642275530496,0.0,0.0,-0.0020642275530496,0,Minimum Variance,Standard Sentiment,0.1,1.1153525542590788,-0.0673485612238344
2023-12-11,0.0064989307247264,0.0,0.0,0.0064989307247264,0,Minimum Variance,Standard Sentiment,0.1,1.1226011532428553,-0.0612873241329117
2023-12-12,0.0035279023412757,0.0,0.0,0.0035279023412757,0,Minimum Variance,Standard Sentiment,0.1,1.1265615804796996,-0.0579756374859349
2023-12-13,0.0153126442714658,0.0,0.0,0.0153126442714658,0,Minimum Variance,Standard Sentiment,0.1,1.1438122172114855,-0.0435507535277025
2023-12-14,-0.0025409765906071,0.0,0.0,-0.0025409765906071,0,Minimum Variance,Standard Sentiment,0.1,1.140905817143501,-0.0459810686730924
2023-12-15,-0.0042182316847144,0.0,0.0,-0.0042182316847144,0,Minimum Variance,Standard Sentiment,0.1,1.1360932120763512,-0.050005341557033
2023-12-18,0.0037991922639058,0.0,0.0,0.0037991922639058,0,Minimum Variance,Standard Sentiment,0.1,1.1404094486187475,-0.0463961291999247
2023-12-19,0.0040777001936396,0.0,0.0,0.0040777001936396,0,Minimum Variance,Standard Sentiment,0.1,1.1450596964482087,-0.0425076185113076
2023-12-20,-0.0130378785894102,0.0,0.0,-0.0130378785894102,0,Minimum Variance,Standard Sentiment,0.1,1.13013054714829,-0.0549912879314427
2023-12-21,0.0076862382198119,0.0,0.0,0.0076862382198119,0,Minimum Variance,Standard Sentiment,0.1,1.138816999753158,-0.047727725850686
2023-12-22,0.0065040968657323,0.0,0.0,0.0065040968657323,0,Minimum Variance,Standard Sentiment,0.1,1.1462239758318953,-0.0415340547370677
2023-12-26,0.0034311265446302,0.0,0.0,0.0034311265446302,0,Minimum Variance,Standard Sentiment,0.1,1.150156815341464,-0.0382454367901518
2023-12-27,0.0036803521535847,0.0,0.0,0.0036803521535847,0,Minimum Variance,Standard Sentiment,0.1,1.154389797453766,-0.0347058413122224
2023-12-28,0.0018654619288573,0.0,0.0,0.0018654619288573,0,Minimum Variance,Standard Sentiment,0.1,1.1565432676719771,-0.032905121809042
2023-12-29,-0.0003323560735258,0.0,0.0,-0.0003323560735258,0,Minimum Variance,Standard Sentiment,0.1,1.156158883492671,-0.0332265416654846
