live_rebalance_date,signal_cutoff_date,sector,s21,z_score,z_star,b63,a21,confidence,standard_multiplier,confidence_multiplier,raw_tilt,confidence_adjusted_tilt,direction_window_observation_count,breadth_observed_ticker_days,breadth_possible_ticker_days,disagreement_observation_count,direction_window_start,direction_window_end,breadth_window_start,breadth_window_end
2021-01-04,2020-12-31,Comm,0.09542108408346503,-0.9735042446184905,-0.9735042446184905,0.6730158730158731,0.9011777832176718,0.6065069525147506,0.902649575538151,0.9409562907336265,-0.09735042446184905,-0.0590437092663735,21,212,315,21,2020-12-02,2020-12-31,2020-10-02,2020-12-31
2021-01-04,2020-12-31,Consumer,0.16476102740798607,0.6389687627844215,0.6389687627844215,0.9079365079365079,0.842861890816971,0.765265081821123,1.0638968762784422,1.048898048253336,0.06389687627844215,0.048898048253336206,21,286,315,21,2020-12-02,2020-12-31,2020-10-02,2020-12-31
2021-01-04,2020-12-31,Energy,0.08924642403628119,-1.1170935263312745,-1.1170935263312745,0.7142857142857143,0.8763099463682328,0.6259356759773091,0.8882906473668726,0.9300771308465958,-0.11170935263312745,-0.06992286915340423,21,225,315,21,2020-12-02,2020-12-31,2020-10-02,2020-12-31
2021-01-04,2020-12-31,Financials,0.11919615253411306,-0.4206244139211191,-0.4206244139211191,0.8380952380952381,0.8129410709452839,0.6813220404112855,0.9579375586078881,0.9713419316060462,-0.04206244139211191,-0.028658068393953802,21,264,315,21,2020-12-02,2020-12-31,2020-10-02,2020-12-31
2021-01-04,2020-12-31,Healthcare,0.17470431657848323,0.8701960269486025,0.8701960269486025,0.7396825396825397,0.82513340809902,0.6103367748795926,1.0870196026948602,1.0531112636600846,0.08701960269486025,0.053111263660084514,21,233,315,21,2020-12-02,2020-12-31,2020-10-02,2020-12-31
2021-01-04,2020-12-31,Industrials,0.12517398578320216,-0.28161226169308146,-0.28161226169308146,0.819047619047619,0.8547863959323112,0.7001107623826549,0.9718387738306918,0.9802840224769753,-0.02816122616930815,-0.0197159775230247,21,258,315,21,2020-12-02,2020-12-31,2020-10-02,2020-12-31
2021-01-04,2020-12-31,Materials,0.11424044117647059,-0.5358675250854837,-0.5358675250854837,0.3142857142857143,0.9427096494377982,0.2962801755375937,0.9464132474914516,0.9841233075602777,-0.05358675250854838,-0.015876692439722305,17,99,315,17,2020-12-02,2020-12-31,2020-10-02,2020-12-31
2021-01-04,2020-12-31,RealEstate,0.09733149999999999,-0.9290782766896106,-0.9290782766896106,0.29523809523809524,0.9584742957364324,0.2829781254078991,0.9070921723310389,0.9737091170905172,-0.09290782766896107,-0.02629088290948274,20,93,315,20,2020-12-02,2020-12-31,2020-10-02,2020-12-31
2021-01-04,2020-12-31,Tech,0.15970591458805744,0.5214141098571416,0.5214141098571416,0.6825396825396826,0.8530475214802768,0.5822387845024112,1.0521414109857141,1.030358751754563,0.05214141098571417,0.030358751754562888,21,215,315,21,2020-12-02,2020-12-31,2020-10-02,2020-12-31
2021-01-04,2020-12-31,Utilities,0.23305857843137257,2.2272013487488915,2.0,0.40634920634920635,0.909500403120986,0.3695747669824959,1.2,1.0739149533964991,0.2,0.07391495339649919,17,128,315,17,2020-12-02,2020-12-31,2020-10-02,2020-12-31
2021-02-01,2021-01-29,Comm,0.06286546957671957,-1.3312127600493553,-1.3312127600493553,0.7015873015873015,0.8890493093060471,0.6237457058940837,0.8668787239950645,0.9169661757287804,-0.13312127600493553,-0.08303382427121966,21,221,315,21,2020-12-30,2021-01-29,2020-10-29,2021-01-29
2021-02-01,2021-01-29,Consumer,0.1170818405053941,0.14974663096211435,0.14974663096211435,0.9174603174603174,0.8716542121004491,0.799708150149301,1.0149746630962115,1.0119753601237802,0.014974663096211436,0.01197536012378025,21,289,315,21,2020-12-30,2021-01-29,2020-10-29,2021-01-29
2021-02-01,2021-01-29,Energy,0.06620768598465027,-1.239917701170751,-1.239917701170751,0.7365079365079366,0.8761008469505646,0.6452552269604158,0.8760082298829249,0.919993662231883,-0.1239917701170751,-0.080006337768117,21,232,315,21,2020-12-30,2021-01-29,2020-10-29,2021-01-29
2021-02-01,2021-01-29,Financials,0.13018803898239137,0.5077519231367645,0.5077519231367645,0.8285714285714286,0.868541127968368,0.7196483631737907,1.0507751923136766,1.0365402840383717,0.05077519231367646,0.0365402840383717,21,261,315,21,2020-12-30,2021-01-29,2020-10-29,2021-01-29
2021-02-01,2021-01-29,Healthcare,0.13273380234315948,0.5772912908930903,0.5772912908930903,0.7301587301587301,0.8564105239889542,0.6253156206903475,1.057729129089309,1.0360989261883944,0.05772912908930903,0.03609892618839447,21,230,315,21,2020-12-30,2021-01-29,2020-10-29,2021-01-29
2021-02-01,2021-01-29,Industrials,0.11367086889340831,0.05657347394853461,0.05657347394853461,0.834920634920635,0.8342612702980342,0.6965419494869302,1.0056573473948534,1.003940579783336,0.005657347394853462,0.003940579783336035,21,263,315,21,2020-12-30,2021-01-29,2020-10-29,2021-01-29
2021-02-01,2021-01-29,Materials,0.07384490079365079,-1.0313016540465194,-1.0313016540465194,0.37777777777777777,0.9411428429108939,0.3555428517663377,0.8968698345953481,0.963332806888896,-0.10313016540465195,-0.03666719311110406,21,119,315,21,2020-12-30,2021-01-29,2020-10-29,2021-01-29
2021-02-01,2021-01-29,RealEstate,0.09995540935672516,-0.3180742247993337,-0.3180742247993337,0.3619047619047619,0.9385102725049265,0.3396513367160686,0.9681925775200666,0.9891965664371979,-0.03180742247993337,-0.0108034335628021,19,114,315,19,2020-12-30,2021-01-29,2020-10-29,2021-01-29
2021-02-01,2021-01-29,Tech,0.128523119479583,0.4622734425463545,0.4622734425463545,0.7015873015873015,0.8563380250089611,0.6007958842126361,1.0462273442546355,1.0277731981662657,0.046227344254635455,0.027773198166265632,21,221,315,21,2020-12-30,2021-01-29,2020-10-29,2021-01-29
2021-02-01,2021-01-29,Utilities,0.19092659722222222,2.1668695785791017,2.0,0.40634920634920635,0.887233995408841,0.3605268298804179,1.2,1.0721053659760835,0.2,0.07210536597608358,20,128,315,20,2020-12-30,2021-01-29,2020-10-29,2021-01-29
2021-03-01,2021-02-26,Comm,0.10930800908747337,-0.07084224322776528,-0.07084224322776528,0.6761904761904762,0.8283909877531298,0.5601500964806878,0.9929157756772234,0.9960317710621059,-0.007084224322776528,-0.003968228937894108,21,213,315,21,2021-01-28,2021-02-26,2020-11-25,2021-02-26
2021-03-01,2021-02-26,Consumer,0.09820319907407409,-0.3437618802347502,-0.3437618802347502,0.9333333333333333,0.8591196120992142,0.8018449712925999,0.965623811976525,0.9724356265011677,-0.03437618802347502,-0.027564373498832347,21,294,315,21,2021-01-28,2021-02-26,2020-11-25,2021-02-26
2021-03-01,2021-02-26,Energy,0.06389937050644287,-1.186836946744771,-1.186836946744771,0.746031746031746,0.868683975912982,0.6480658233001612,0.8813163053255229,0.9230851536984801,-0.1186836946744771,-0.07691484630151996,21,235,315,21,2021-01-28,2021-02-26,2020-11-25,2021-02-26
2021-03-01,2021-02-26,Financials,0.09249353401360545,-0.4840866326487322,-0.4840866326487322,0.8063492063492064,0.8938862776129299,0.7207844905196324,0.9515913367351267,0.9651077863118919,-0.048408663264873225,-0.0348922136881081,21,254,315,21,2021-01-28,2021-02-26,2020-11-25,2021-02-26
2021-03-01,2021-02-26,Healthcare,0.12737951924001925,0.37329592618258284,0.37329592618258284,0.7301587301587301,0.7999668693854017,0.5841027935194997,1.0373295926182582,1.0218043193292696,0.03732959261825829,0.02180431932926956,21,230,315,21,2021-01-28,2021-02-26,2020-11-25,2021-02-26
2021-03-01,2021-02-26,Industrials,0.06993744642130356,-1.0384409377256165,-1.0384409377256165,0.8126984126984127,0.8495457374144878,0.6904244723114568,0.8961559062274383,0.9283034963544177,-0.10384409377256165,-0.07169650364558232,21,256,315,21,2021-01-28,2021-02-26,2020-11-25,2021-02-26
2021-03-01,2021-02-26,Materials,0.0856581712962963,-0.6520773240129372,-0.6520773240129372,0.4,0.9114904846092531,0.36459619384370123,0.9347922675987063,0.9762255089573098,-0.06520773240129372,-0.023774491042690284,18,126,315,18,2021-01-28,2021-02-26,2020-11-25,2021-02-26
2021-03-01,2021-02-26,RealEstate,0.12202245614035089,0.24163696805354978,0.24163696805354978,0.4222222222222222,0.9078578365844012,0.38331775322452494,1.024163696805355,1.0092623739690274,0.02416369680535498,0.009262373969027302,19,133,315,19,2021-01-28,2021-02-26,2020-11-25,2021-02-26
2021-03-01,2021-02-26,Tech,0.14084057651343365,0.7041243564175554,0.7041243564175554,0.7015873015873015,0.8473329106487187,0.5944780103281486,1.0704124356417555,1.0418586446426696,0.07041243564175555,0.041858644642669654,21,221,315,21,2021-01-28,2021-02-26,2020-11-25,2021-02-26
2021-03-01,2021-02-26,Utilities,0.21216276455026456,2.4569887139408877,2.0,0.42857142857142855,0.8637005126174555,0.37015736255033804,1.2,1.0740314725100677,0.2,0.07403147251006761,21,135,315,21,2021-01-28,2021-02-26,2020-11-25,2021-02-26
2021-04-01,2021-03-31,Comm,0.10137126483371126,-0.7701187090238929,-0.7701187090238929,0.746031746031746,0.8570216536225306,0.6393653606390307,0.9229881290976107,0.9507612773870074,-0.0770118709023893,-0.04923872261299261,21,235,315,21,2021-03-03,2021-03-31,2020-12-30,2021-03-31
2021-04-01,2021-03-31,Consumer,0.12366147026386312,-0.07122724381637598,-0.07122724381637598,0.9238095238095239,0.8803669646805479,0.8132913864191729,0.9928772756183624,0.9942071496125763,-0.007122724381637598,-0.005792850387423687,21,291,315,21,2021-03-03,2021-03-31,2020-12-30,2021-03-31
2021-04-01,2021-03-31,Energy,0.11384716312787743,-0.37894695127978517,-0.37894695127978517,0.7301587301587301,0.8937300453221221,0.652564794997105,0.9621053048720215,0.9752712560423329,-0.03789469512797852,-0.024728743957667096,21,230,315,21,2021-03-03,2021-03-31,2020-12-30,2021-03-31
2021-04-01,2021-03-31,Financials,0.12073689803186233,-0.16292485417412525,-0.16292485417412525,0.819047619047619,0.8529436718538048,0.6986014836135925,0.9837075145825874,0.9886180455156428,-0.016292485417412527,-0.011381954484357212,21,258,315,21,2021-03-03,2021-03-31,2020-12-30,2021-03-31
2021-04-01,2021-03-31,Healthcare,0.10225638047996977,-0.7423666197562484,-0.7423666197562484,0.7396825396825397,0.8378594910532738,0.6197500362394057,0.9257633380243752,0.953991826050314,-0.07423666197562484,-0.04600817394968601,21,233,315,21,2021-03-03,2021-03-31,2020-12-30,2021-03-31
2021-04-01,2021-03-31,Industrials,0.09246149007209721,-1.0494775313248397,-1.0494775313248397,0.7841269841269841,0.8088074352082792,0.6342077349093491,0.895052246867516,0.9334413232020218,-0.10494775313248397,-0.06655867679797821,21,247,315,21,2021-03-03,2021-03-31,2020-12-30,2021-03-31
2021-04-01,2021-03-31,Materials,0.11072385620915032,-0.47687572791498084,-0.47687572791498084,0.3968253968253968,0.9136937753762008,0.36257689499055584,0.952312427208502,0.9827095879276225,-0.04768757279149809,-0.01729041207237749,17,125,315,17,2021-03-03,2021-03-31,2020-12-30,2021-03-31
2021-04-01,2021-03-31,RealEstate,0.14612708333333335,0.6331639868570067,0.6331639868570067,0.4444444444444444,0.8900536048307324,0.39557937992476994,1.0633163986857006,1.0250466617311589,0.06331639868570067,0.02504666173115899,16,140,315,16,2021-03-03,2021-03-31,2020-12-30,2021-03-31
2021-04-01,2021-03-31,Tech,0.13917619142101284,0.4152243609381951,0.4152243609381951,0.6952380952380952,0.8529429367100281,0.5929984226650671,1.0415224360938196,1.024622739108846,0.04152243609381951,0.02462273910884602,21,219,315,21,2021-03-03,2021-03-31,2020-12-30,2021-03-31
2021-04-01,2021-03-31,Utilities,0.2089698784722222,2.603549289495046,2.0,0.4126984126984127,0.9219023304183586,0.3804676284266241,1.2,1.0760935256853248,0.2,0.07609352568532483,16,130,315,16,2021-03-03,2021-03-31,2020-12-30,2021-03-31
2021-05-03,2021-04-30,Comm,0.11563631876589021,-0.2127013753034761,-0.2127013753034761,0.7428571428571429,0.8559503603878204,0.635848839145238,0.9787298624696524,0.9864754077428689,-0.02127013753034761,-0.01352459225713109,21,234,315,21,2021-04-01,2021-04-30,2021-02-01,2021-04-30
2021-05-03,2021-04-30,Consumer,0.1074166719743453,-0.5164083595415411,-0.5164083595415411,0.9174603174603174,0.8846734677812025,0.8116528005992619,0.9483591640458459,0.9580855708725238,-0.05164083595415411,-0.04191442912747624,21,289,315,21,2021-04-01,2021-04-30,2021-02-01,2021-04-30
2021-05-03,2021-04-30,Energy,0.0740063029100529,-1.7508850576442618,-1.7508850576442618,0.7333333333333333,0.8592366303397191,0.6301068622491273,0.8249114942355738,0.8896755310168891,-0.1750885057644262,-0.11032446898311082,21,231,315,21,2021-04-01,2021-04-30,2021-02-01,2021-04-30
2021-05-03,2021-04-30,Financials,0.14120821458550836,0.7321522853933594,0.7321522853933594,0.8380952380952381,0.8746687309652956,0.7330556983328192,1.073215228539336,1.0536708404855,0.07321522853933594,0.05367084048549987,21,264,315,21,2021-04-01,2021-04-30,2021-02-01,2021-04-30
2021-05-03,2021-04-30,Healthcare,0.12959998246991106,0.30324076917224935,0.30324076917224935,0.7777777777777778,0.8098884378407771,0.6299132294317156,1.0303240769172248,1.0191015372204648,0.030324076917224937,0.0191015372204649,21,245,315,21,2021-04-01,2021-04-30,2021-02-01,2021-04-30
2021-05-03,2021-04-30,Industrials,0.11374745558255099,-0.28249280985031816,-0.28249280985031816,0.780952380952381,0.8562201505938144,0.6686671652256455,0.9717507190149682,0.981110633364076,-0.028249280985031818,-0.018889366635923957,21,246,315,21,2021-04-01,2021-04-30,2021-02-01,2021-04-30
2021-05-03,2021-04-30,Materials,0.11200125661375661,-0.3470129572656164,-0.3470129572656164,0.38095238095238093,0.8812260591680682,0.3357051653973593,0.9652987042734383,0.988350595778612,-0.03470129572656164,-0.01164940422138805,18,120,315,18,2021-04-01,2021-04-30,2021-02-01,2021-04-30
2021-05-03,2021-04-30,RealEstate,0.13697203216374268,0.575629965076607,0.575629965076607,0.4222222222222222,0.9336996606669608,0.394228745614939,1.0575629965076607,1.022692987907052,0.0575629965076607,0.02269298790705219,19,133,315,19,2021-04-01,2021-04-30,2021-02-01,2021-04-30
2021-05-03,2021-04-30,Tech,0.10180141708379804,-0.7238859035024805,-0.7238859035024805,0.692063492063492,0.8858796522216577,0.6130849656645123,0.927611409649752,0.9556196435706157,-0.07238859035024806,-0.044380356429384274,21,218,315,21,2021-04-01,2021-04-30,2021-02-01,2021-04-30
2021-05-03,2021-04-30,Utilities,0.18153988293650794,2.222363443465475,2.0,0.4444444444444444,0.8581712475959566,0.3814094433759807,1.2,1.0762818886751961,0.2,0.07628188867519614,20,140,315,20,2021-04-01,2021-04-30,2021-02-01,2021-04-30
2021-06-01,2021-05-28,Comm,0.1037616580033723,-0.7351893122136138,-0.7351893122136138,0.7555555555555555,0.8595644839887799,0.6494487212359671,0.9264810687786387,0.9522532241316518,-0.07351893122136138,-0.04774677586834817,21,238,315,21,2021-04-30,2021-05-28,2021-03-02,2021-05-28
2021-06-01,2021-05-28,Consumer,0.11732024948034712,-0.4620301486994828,-0.4620301486994828,0.8984126984126984,0.842848016048631,0.75722536045004,0.9537969851300517,0.9650139054112249,-0.04620301486994828,-0.03498609458877514,21,283,315,21,2021-04-30,2021-05-28,2021-03-02,2021-05-28
2021-06-01,2021-05-28,Energy,0.07938266250944823,-1.2263425435609816,-1.2263425435609816,0.7206349206349206,0.8584125299979475,0.6186020454270923,0.8773657456439018,0.9241381994158914,-0.12263425435609816,-0.07586180058410863,21,227,315,21,2021-04-30,2021-05-28,2021-03-02,2021-05-28
2021-06-01,2021-05-28,Financials,0.11928511857520785,-0.42244476851612206,-0.42244476851612206,0.8317460317460318,0.8479124516384797,0.7052478169183546,0.9577555231483877,0.9702071749235426,-0.04224447685161221,-0.029792825076457474,21,262,315,21,2021-04-30,2021-05-28,2021-03-02,2021-05-28
2021-06-01,2021-05-28,Healthcare,0.14741713024013026,0.14431888000959772,0.14431888000959772,0.765079365079365,0.8315524455777717,0.6362036170928348,1.0144318880009597,1.0091816193476892,0.014431888000959773,0.009181619347689287,21,241,315,21,2021-04-30,2021-05-28,2021-03-02,2021-05-28
2021-06-01,2021-05-28,Industrials,0.12727657142857143,-0.2614443740139,-0.2614443740139,0.7492063492063492,0.8544308039870092,0.6401449833045529,0.97385556259861,0.9832637695561802,-0.026144437401390004,-0.016736230443819732,21,236,315,21,2021-04-30,2021-05-28,2021-03-02,2021-05-28
2021-06-01,2021-05-28,Materials,0.14291923958333333,0.05370179404789234,0.05370179404789234,0.37777777777777777,0.9076898997288972,0.34290507323091673,1.0053701794047893,1.0018414617620623,0.005370179404789234,0.0018414617620624131,20,119,315,20,2021-04-30,2021-05-28,2021-03-02,2021-05-28
2021-06-01,2021-05-28,RealEstate,0.15494166666666667,0.2959125082706723,0.2959125082706723,0.3492063492063492,0.934392753016021,0.3262958820055946,1.0295912508270673,1.0096555032882666,0.02959125082706723,0.009655503288266682,15,110,315,15,2021-04-30,2021-05-28,2021-03-02,2021-05-28
2021-06-01,2021-05-28,Tech,0.13519450491307636,-0.10192514290048744,-0.10192514290048744,0.6793650793650794,0.863088964655184,0.5863525029720933,0.9898074857099513,0.994023593734451,-0.010192514290048745,-0.00597640626554891,21,214,315,21,2021-04-30,2021-05-28,2021-03-02,2021-05-28
2021-06-01,2021-05-28,Utilities,0.2750380476190476,2.715443107576426,2.0,0.4095238095238095,0.8319641265302008,0.3407091184837965,1.2,1.0681418236967593,0.2,0.0681418236967593,20,129,315,20,2021-04-30,2021-05-28,2021-03-02,2021-05-28
2021-07-01,2021-06-30,Comm,0.13554448302755445,0.029480763480720967,0.029480763480720967,0.7301587301587301,0.8602815597405055,0.6281420912390991,1.002948076348072,1.0018518108424106,0.0029480763480720967,0.0018518108424105332,21,230,315,21,2021-06-02,2021-06-30,2021-04-01,2021-06-30
2021-07-01,2021-06-30,Consumer,0.10229806802721088,-0.7101449050503233,-0.7101449050503233,0.9111111111111111,0.8587961262206352,0.7824586927788009,0.9289855094949677,0.9444340945910799,-0.07101449050503233,-0.05556590540892017,21,287,315,21,2021-06-02,2021-06-30,2021-04-01,2021-06-30
2021-07-01,2021-06-30,Energy,0.14161832539682542,0.16460419627423567,0.16460419627423567,0.7619047619047619,0.8308419195281214,0.6330224148785686,1.0164604196274236,1.0104198145824663,0.01646041962742357,0.010419814582466255,21,240,315,21,2021-06-02,2021-06-30,2021-04-01,2021-06-30
2021-07-01,2021-06-30,Financials,0.1176191753590325,-0.3692996063070649,-0.3692996063070649,0.834920634920635,0.8669921102979241,0.7238696032011239,0.9630700393692935,0.9732675240520173,-0.03692996063070649,-0.026732475947982635,21,263,315,21,2021-06-02,2021-06-30,2021-04-01,2021-06-30
2021-07-01,2021-06-30,Healthcare,0.14070881204906205,0.14437045324147735,0.14437045324147735,0.7682539682539683,0.8461124873979772,0.6500292760327318,1.0144370453241478,1.0093845021201076,0.014437045324147735,0.009384502120107488,21,242,315,21,2021-06-02,2021-06-30,2021-04-01,2021-06-30
2021-07-01,2021-06-30,Industrials,0.13098005952380953,-0.07206296041796884,-0.07206296041796884,0.7142857142857143,0.8576257471582682,0.612589819398763,0.9927937039582031,0.9955854964092217,-0.007206296041796884,-0.0044145035907783734,21,225,315,21,2021-06-02,2021-06-30,2021-04-01,2021-06-30
2021-07-01,2021-06-30,Materials,0.06914351608187135,-1.4477269164390874,-1.4477269164390874,0.41904761904761906,0.92863016887421,0.3891402612425261,0.8552273083560913,0.9436631169529057,-0.14477269164390874,-0.056336883047094326,19,132,315,19,2021-06-02,2021-06-30,2021-04-01,2021-06-30
2021-07-01,2021-06-30,RealEstate,0.11098901234567901,-0.5167993818819864,-0.5167993818819864,0.32063492063492066,0.9192855835629236,0.29475506012652475,0.9483200618118014,0.9847670767120025,-0.05167993818819864,-0.015232923287997573,18,101,315,18,2021-06-02,2021-06-30,2021-04-01,2021-06-30
2021-07-01,2021-06-30,Tech,0.14082007826278659,0.14684576818024828,0.14684576818024828,0.6857142857142857,0.8456011275799473,0.5798407731976781,1.0146845768180248,1.0085147163762442,0.014684576818024828,0.008514716376244217,21,216,315,21,2021-06-02,2021-06-30,2021-04-01,2021-06-30
2021-07-01,2021-06-30,Utilities,0.252471600877193,2.6307325889197464,2.0,0.44126984126984126,0.9171685756364536,0.40471883178878426,1.2,1.0809437663577568,0.2,0.08094376635775685,19,139,315,19,2021-06-02,2021-06-30,2021-04-01,2021-06-30
2021-08-02,2021-07-30,Comm,0.11756143943688586,-0.19920118269814852,-0.19920118269814852,0.746031746031746,0.8539397521956582,0.6370661643364435,0.9800798817301851,0.9873095666607208,-0.01992011826981485,-0.012690433339279258,21,235,315,21,2021-07-01,2021-07-30,2021-05-03,2021-07-30
2021-08-02,2021-07-30,Consumer,0.11249799936439223,-0.6092760832419889,-0.6092760832419889,0.9079365079365079,0.8533447565124388,0.7747828582938333,0.9390723916758011,0.95279433347357,-0.06092760832419889,-0.04720566652642997,21,286,315,21,2021-07-01,2021-07-30,2021-05-03,2021-07-30
2021-08-02,2021-07-30,Energy,0.12626426875901875,0.5056184295869229,0.5056184295869229,0.7619047619047619,0.8684286530919869,0.6616599261653233,1.0505618429586923,1.033454745278831,0.050561842958692295,0.033454745278831015,21,240,315,21,2021-07-01,2021-07-30,2021-05-03,2021-07-30
2021-08-02,2021-07-30,Financials,0.1231028153215832,0.24958050174157545,0.24958050174157545,0.8285714285714286,0.872139479113283,0.7226298541224345,1.0249580501741575,1.018035432156532,0.024958050174157545,0.018035432156531868,21,261,315,21,2021-07-01,2021-07-30,2021-05-03,2021-07-30
2021-08-02,2021-07-30,Healthcare,0.12141596768707483,0.11296707963130512,0.11296707963130512,0.707936507936508,0.8861474172137851,0.6273361080592829,1.0112967079631305,1.0070868328074727,0.011296707963130512,0.007086832807472604,21,223,315,21,2021-07-01,2021-07-30,2021-05-03,2021-07-30
2021-08-02,2021-07-30,Industrials,0.11178486835474931,-0.6670307171800239,-0.6670307171800239,0.6349206349206349,0.8772951493181147,0.5570127932178506,0.9332969282819976,0.9628455357061448,-0.0667030717180024,-0.037154464293855126,21,200,315,21,2021-07-01,2021-07-30,2021-05-03,2021-07-30
2021-08-02,2021-07-30,Materials,0.11111415204678363,-0.7213502942549641,-0.7213502942549641,0.4444444444444444,0.9011864369735914,0.40052730532159614,0.9278649705745036,0.9711079510449119,-0.07213502942549642,-0.028892048955088127,19,140,315,19,2021-07-01,2021-07-30,2021-05-03,2021-07-30
2021-08-02,2021-07-30,RealEstate,0.10733925438596491,-1.027069481341355,-1.027069481341355,0.3238095238095238,0.9272183167119439,0.3002421216019628,0.8972930518658645,0.9691630479889444,-0.1027069481341355,-0.030836952011055595,19,102,315,19,2021-07-01,2021-07-30,2021-05-03,2021-07-30
2021-08-02,2021-07-30,Tech,0.11611907939833535,-0.3160141874713485,-0.3160141874713485,0.6761904761904762,0.859305696636885,0.5810543282020842,0.9683985812528652,0.9816378588596508,-0.03160141874713485,-0.018362141140349193,21,213,315,21,2021-07-01,2021-07-30,2021-05-03,2021-07-30
2021-08-02,2021-07-30,Utilities,0.1530111111111111,2.67177593522803,2.0,0.39365079365079364,0.9118714334561594,0.358958913487504,1.2,1.0717917826975008,0.2,0.0717917826975008,21,124,315,21,2021-07-01,2021-07-30,2021-05-03,2021-07-30
2021-09-01,2021-08-31,Comm,0.14159085789871503,0.7079241322766594,0.7079241322766594,0.7142857142857143,0.837827131662667,0.5984479511876193,1.0707924132276658,1.042365574655724,0.07079241322766594,0.042365574655724,21,225,315,21,2021-08-03,2021-08-31,2021-06-03,2021-08-31
2021-09-01,2021-08-31,Consumer,0.11190810397943513,0.04321938987241223,0.04321938987241223,0.9015873015873016,0.8979232344215063,0.809556185954628,1.0043219389872413,1.0034988524424395,0.004321938987241223,0.0034988524424396116,21,284,315,21,2021-08-03,2021-08-31,2021-06-03,2021-08-31
2021-09-01,2021-08-31,Energy,0.017014247423211712,-2.081798950726366,-2.0,0.7904761904761904,0.8660571428353943,0.6845975510032164,0.8,0.8630804897993567,-0.2,-0.13691951020064327,21,249,315,21,2021-08-03,2021-08-31,2021-06-03,2021-08-31
2021-09-01,2021-08-31,Financials,0.09990737518896448,-0.22552054446877923,-0.22552054446877923,0.834920634920635,0.8811171781486388,0.7356629138193397,0.9774479455531221,0.9834092899129974,-0.022552054446877925,-0.01659071008700261,21,263,315,21,2021-08-03,2021-08-31,2021-06-03,2021-08-31
2021-09-01,2021-08-31,Healthcare,0.1510625701058201,0.9200301935899784,0.9200301935899784,0.7174603174603175,0.8121477715384644,0.582683797992676,1.0920030193589978,1.0536086687468946,0.09200301935899785,0.053608668746894565,21,226,315,21,2021-08-03,2021-08-31,2021-06-03,2021-08-31
2021-09-01,2021-08-31,Industrials,0.09254314814814815,-0.39043235324110215,-0.39043235324110215,0.5936507936507937,0.8648226104194974,0.5134026290426857,0.9609567646758898,0.9799551003382696,-0.03904323532411022,-0.020044899661730443,21,187,315,21,2021-08-03,2021-08-31,2021-06-03,2021-08-31
2021-09-01,2021-08-31,Materials,0.08188169312169312,-0.6291810804072565,-0.6291810804072565,0.4507936507936508,0.8858928198251131,0.3993548584608447,0.9370818919592744,0.9748733478687719,-0.06291810804072566,-0.02512665213122813,21,142,315,21,2021-08-03,2021-08-31,2021-06-03,2021-08-31
2021-09-01,2021-08-31,RealEstate,0.1865837962962963,1.7154795501096671,1.7154795501096671,0.33650793650793653,0.9367775210118837,0.31523307056272915,1.1715479550109666,1.054077588606864,0.17154795501096673,0.05407758860686396,18,106,315,18,2021-08-03,2021-08-31,2021-06-03,2021-08-31
2021-09-01,2021-08-31,Tech,0.08088607473831283,-0.6514765945922754,-0.6514765945922754,0.6888888888888889,0.9041511563959448,0.6228596855172064,0.9348523405407725,0.9594221493170435,-0.06514765945922754,-0.04057785068295652,21,217,315,21,2021-08-03,2021-08-31,2021-06-03,2021-08-31
2021-09-01,2021-08-31,Utilities,0.13640331790123458,0.5917562575870652,0.5917562575870652,0.3873015873015873,0.8807783065337818,0.3411268361813377,1.0591756257587066,1.0201863939941185,0.059175625758706524,0.020186393994118427,18,122,315,18,2021-08-03,2021-08-31,2021-06-03,2021-08-31
2021-10-01,2021-09-30,Comm,0.11666345398629148,0.15611065200256952,0.15611065200256952,0.7428571428571429,0.8266713653683782,0.6140987285593666,1.015611065200257,1.0095867352909351,0.015611065200256952,0.009586735290935169,20,234,315,20,2021-09-01,2021-09-30,2021-07-02,2021-09-30
2021-10-01,2021-09-30,Consumer,0.139193384492822,0.7598547702346882,0.7598547702346882,0.9015873015873016,0.8421408896843295,0.7592635322868241,1.075985477023469,1.0576930016873383,0.07598547702346882,0.05769300168733825,21,284,315,21,2021-09-01,2021-09-30,2021-07-02,2021-09-30
2021-10-01,2021-09-30,Energy,0.07167749645328217,-1.0493971615133948,-1.0493971615133948,0.7968253968253968,0.8833746885444945,0.7038953867449781,0.8950602838486605,0.9261334179147447,-0.10493971615133948,-0.07386658208525533,21,251,315,21,2021-09-01,2021-09-30,2021-07-02,2021-09-30
2021-10-01,2021-09-30,Financials,0.07759082029478458,-0.8909353106224658,-0.8909353106224658,0.8539682539682539,0.8433174774439207,0.7201663537536973,0.9109064689377534,0.9358378365918602,-0.08909353106224659,-0.06416216340813989,21,269,315,21,2021-09-01,2021-09-30,2021-07-02,2021-09-30
2021-10-01,2021-09-30,Healthcare,0.12696285257936507,0.43210801116414926,0.43210801116414926,0.7555555555555555,0.8461209802696908,0.6392914073148775,1.043210801116415,1.0276242938569162,0.043210801116414926,0.02762429385691618,20,238,315,20,2021-09-01,2021-09-30,2021-07-02,2021-09-30
2021-10-01,2021-09-30,Industrials,0.082215582010582,-0.7670036063800387,-0.7670036063800387,0.5777777777777777,0.8847202500697524,0.5111717000403013,0.9232996393619961,0.9607929462589674,-0.07670036063800388,-0.03920705374103266,21,182,315,21,2021-09-01,2021-09-30,2021-07-02,2021-09-30
2021-10-01,2021-09-30,Materials,0.049431447368421054,-1.6455339886995601,-1.6455339886995601,0.4507936507936508,0.8992204574560747,0.40536287288496065,0.835446601130044,0.9332961614910897,-0.164553398869956,-0.06670383850891021,19,142,315,19,2021-09-01,2021-09-30,2021-07-02,2021-09-30
2021-10-01,2021-09-30,RealEstate,0.13094854166666667,0.5389142147102622,0.5389142147102622,0.3619047619047619,0.9248420576529239,0.3347047446743915,1.0538914214710262,1.0180377144636,0.05389142147102623,0.018037714463599853,20,114,315,20,2021-09-01,2021-09-30,2021-07-02,2021-09-30
2021-10-01,2021-09-30,Tech,0.13493291232048374,0.6456850876342355,0.6456850876342355,0.765079365079365,0.8519505108892272,0.6518097559501707,1.0645685087634236,1.0420863839391536,0.06456850876342356,0.042086383939153565,21,241,315,21,2021-09-01,2021-09-30,2021-07-02,2021-09-30
2021-10-01,2021-09-30,Utilities,0.17876220760233918,1.8201973314695543,1.8201973314695543,0.4031746031746032,0.8980332007886357,0.36206417936557694,1.1820197331469555,1.0659028253101936,0.18201973314695544,0.06590282531019373,19,127,315,19,2021-09-01,2021-09-30,2021-07-02,2021-09-30
2021-11-01,2021-10-29,Comm,0.15646785525321238,1.0691544384493883,1.0691544384493883,0.7396825396825397,0.8487900210751975,0.6278351584460985,1.106915443844939,1.0671252746267221,0.10691544384493884,0.06712527462672212,21,233,315,21,2021-10-01,2021-10-29,2021-08-03,2021-10-29
2021-11-01,2021-10-29,Consumer,0.12318235123771731,0.15433570125202425,0.15433570125202425,0.8920634920634921,0.874097546614804,0.7797505098373331,1.0154335701252024,1.0120343341737368,0.015433570125202425,0.012034334173736824,21,281,315,21,2021-10-01,2021-10-29,2021-08-03,2021-10-29
2021-11-01,2021-10-29,Energy,0.16361306103552534,1.2655332623286342,1.2655332623286342,0.8095238095238095,0.8628317331390725,0.698482831588773,1.1265533262328633,1.0883953256541081,0.12655332623286342,0.08839532565410818,21,255,315,21,2021-10-01,2021-10-29,2021-08-03,2021-10-29
2021-11-01,2021-10-29,Financials,0.08773826440490726,-0.8198095225189773,-0.8198095225189773,0.8539682539682539,0.8524880013855131,0.727997690072073,0.9180190477481023,0.9403180561307095,-0.08198095225189773,-0.05968194386929047,21,269,315,21,2021-10-01,2021-10-29,2021-08-03,2021-10-29
2021-11-01,2021-10-29,Healthcare,0.080360808276872,-1.0225715145151433,-1.0225715145151433,0.7873015873015873,0.8701047218566718,0.6850348286363638,0.8977428485484856,0.9299502897785692,-0.10225715145151433,-0.07004971022143082,21,248,315,21,2021-10-01,2021-10-29,2021-08-03,2021-10-29
2021-11-01,2021-10-29,Industrials,0.09751139129389129,-0.5512049192992715,-0.5512049192992715,0.6031746031746031,0.8440506920632304,0.5091099412444882,0.9448795080700728,0.9719376095921874,-0.05512049192992716,-0.0280623904078125,21,190,315,21,2021-10-01,2021-10-29,2021-08-03,2021-10-29
2021-11-01,2021-10-29,Materials,0.06288643353174603,-1.502837201049675,-1.502837201049675,0.4634920634920635,0.864602130326998,0.4007362254848943,0.8497162798950325,0.939775869253307,-0.15028372010496752,-0.06022413074669301,20,146,315,20,2021-10-01,2021-10-29,2021-08-03,2021-10-29
2021-11-01,2021-10-29,RealEstate,0.1783223544973545,1.6698034594556421,1.6698034594556421,0.37777777777777777,0.9011077108919381,0.3404184685591766,1.1669803459455643,1.0568431936462706,0.1669803459455642,0.05684319364627049,21,119,315,21,2021-10-01,2021-10-29,2021-08-03,2021-10-29
2021-11-01,2021-10-29,Tech,0.10356124442554801,-0.38493076585531916,-0.38493076585531916,0.8444444444444444,0.8657603440455917,0.7310865127496108,0.9615069234144681,0.9718582308740797,-0.038493076585531916,-0.028141769125920223,21,266,315,21,2021-10-01,2021-10-29,2021-08-03,2021-10-29
2021-11-01,2021-10-29,Utilities,0.122025,0.12252706175269484,0.12252706175269484,0.40634920634920635,0.9003720953137113,0.36586548634969857,1.0122527061752695,1.004482842303915,0.012252706175269485,0.004482842303914925,18,128,315,18,2021-10-01,2021-10-29,2021-08-03,2021-10-29
2021-12-01,2021-11-30,Comm,0.07586781878306878,-0.959971460087147,-0.959971460087147,0.7714285714285715,0.8129121717532567,0.6271036753525123,0.9040028539912853,0.9397998369145832,-0.0959971460087147,-0.06020016308541675,21,243,315,21,2021-11-01,2021-11-30,2021-09-01,2021-11-30
2021-12-01,2021-11-30,Consumer,0.13081338570806714,0.6131966425464213,0.6131966425464213,0.9238095238095239,0.8635622869896815,0.797767065123801,1.061319664254642,1.0489188085868026,0.06131966425464213,0.048918808586802705,21,291,315,21,2021-11-01,2021-11-30,2021-09-01,2021-11-30
2021-12-01,2021-11-30,Energy,0.043229771130952374,-1.8944442187108033,-1.8944442187108033,0.765079365079365,0.8504803508453109,0.6506849668372061,0.8105555781289197,0.8767313626373224,-0.18944442187108035,-0.1232686373626776,20,241,315,20,2021-11-01,2021-11-30,2021-09-01,2021-11-30
2021-12-01,2021-11-30,Financials,0.10793918773123286,-0.041723501959523596,-0.041723501959523596,0.8571428571428571,0.8789692434193414,0.7534022086451497,0.9958276498040476,0.9968565421471285,-0.004172350195952359,-0.003143457852871531,21,270,315,21,2021-11-01,2021-11-30,2021-09-01,2021-11-30
2021-12-01,2021-11-30,Healthcare,0.10503119411276554,-0.1249834091596692,-0.1249834091596692,0.7904761904761904,0.8346366486682368,0.6597603984710825,0.9875016590840331,0.9917540896170542,-0.01249834091596692,-0.00824591038294577,21,249,315,21,2021-11-01,2021-11-30,2021-09-01,2021-11-30
2021-12-01,2021-11-30,Industrials,0.0926718998015873,-0.47884721782591694,-0.47884721782591694,0.6158730158730159,0.814217382540976,0.501454514961744,0.9521152782174083,0.9759879900644324,-0.0478847217825917,-0.024012009935567576,21,194,315,21,2021-11-01,2021-11-30,2021-09-01,2021-11-30
2021-12-01,2021-11-30,Materials,0.09426186994949495,-0.43332415817231096,-0.43332415817231096,0.45396825396825397,0.9165943749102511,0.41610474797512986,0.9566675841827689,0.9819691760372176,-0.0433324158172311,-0.018030823962782477,20,143,315,20,2021-11-01,2021-11-30,2021-09-01,2021-11-30
2021-12-01,2021-11-30,RealEstate,0.14654202614379083,1.063529523178061,1.063529523178061,0.40634920634920635,0.9211065085962908,0.3742908987311912,1.1063529523178062,1.0398069421057472,0.10635295231780612,0.03980694210574717,17,128,315,17,2021-11-01,2021-11-30,2021-09-01,2021-11-30
2021-12-01,2021-11-30,Tech,0.12408264317429478,0.42048611003661346,0.42048611003661346,0.8984126984126984,0.8288233850246209,0.7446254538475167,1.0420486110036613,1.031310466052259,0.04204861100366135,0.03131046605225901,21,283,315,21,2021-11-01,2021-11-30,2021-09-01,2021-11-30
2021-12-01,2021-11-30,Utilities,0.1735247222222222,1.8360816901542756,1.8360816901542756,0.4126984126984127,0.8977224683768925,0.3704886377428445,1.1836081690154276,1.0680247404169838,0.18360816901542756,0.06802474041698371,20,130,315,20,2021-11-01,2021-11-30,2021-09-01,2021-11-30
2022-01-03,2021-12-31,Comm,0.10888473544973545,-0.5328082085154138,-0.5328082085154138,0.746031746031746,0.8874122969039898,0.6620377453093258,0.9467191791484586,0.9647260854952154,-0.05328082085154138,-0.035273914504784565,21,235,315,21,2021-12-02,2021-12-31,2021-10-04,2021-12-31
2022-01-03,2021-12-31,Consumer,0.10893296385268007,-0.5309697362816612,-0.5309697362816612,0.9174603174603174,0.8377453629294977,0.7685981266242058,0.9469030263718339,0.9591897655399767,-0.05309697362816612,-0.04081023446002334,21,289,315,21,2021-12-02,2021-12-31,2021-10-04,2021-12-31
2022-01-03,2021-12-31,Energy,0.11273517384731671,-0.3860290566148981,-0.3860290566148981,0.7333333333333333,0.8649161154359135,0.6342718179863366,0.9613970943385102,0.9755152648465318,-0.038602905661489814,-0.02448473515346819,21,231,315,21,2021-12-02,2021-12-31,2021-10-04,2021-12-31
2022-01-03,2021-12-31,Financials,0.0853852346079846,-1.4286118670817638,-1.4286118670817638,0.8539682539682539,0.8364238620116811,0.714279425019499,0.8571388132918236,0.8979571937004804,-0.14286118670817638,-0.10204280629951952,21,269,315,21,2021-12-02,2021-12-31,2021-10-04,2021-12-31
2022-01-03,2021-12-31,Healthcare,0.12657117182984307,0.14140076821964045,0.14140076821964045,0.7936507936507936,0.8366048371094362,0.663972092943997,1.014140076821964,1.0093886164018684,0.014140076821964047,0.009388616401868369,21,250,315,21,2021-12-02,2021-12-31,2021-10-04,2021-12-31
2022-01-03,2021-12-31,Industrials,0.104660440287226,-0.6938388230345501,-0.6938388230345501,0.6476190476190476,0.8721601724606647,0.56482754026024,0.930616117696545,0.9608100724248335,-0.06938388230345502,-0.03918992757516649,21,204,315,21,2021-12-02,2021-12-31,2021-10-04,2021-12-31
2022-01-03,2021-12-31,Materials,0.11865239197530864,-0.1604640251154732,-0.1604640251154732,0.44126984126984126,0.8865242944827397,0.39119643470825655,0.9839535974884527,0.993722704547589,-0.01604640251154732,-0.006277295452410925,18,139,315,18,2021-12-02,2021-12-31,2021-10-04,2021-12-31
2022-01-03,2021-12-31,RealEstate,0.13450015873015872,0.4436546553068107,0.4436546553068107,0.4634920634920635,0.8511436348285534,0.39449831963482157,1.044365465530681,1.0175021016016703,0.044365465530681075,0.017502101601670282,21,146,315,21,2021-12-02,2021-12-31,2021-10-04,2021-12-31
2022-01-03,2021-12-31,Tech,0.14093263480339688,0.6888613785836584,0.6888613785836584,0.8984126984126984,0.8788431512006233,0.7895638469516711,1.0688861378583658,1.0543900040090946,0.06888613785836584,0.05439000400909448,21,283,315,21,2021-12-02,2021-12-31,2021-10-04,2021-12-31
2022-01-03,2021-12-31,Utilities,0.18736333333333333,2.45880491453365,2.0,0.4095238095238095,0.8996261425772192,0.3684183250554326,1.2,1.0736836650110866,0.2,0.07368366501108652,20,129,315,20,2021-12-02,2021-12-31,2021-10-04,2021-12-31
2022-02-01,2022-01-31,Comm,0.1349923464042571,0.06821550117705903,0.06821550117705903,0.7904761904761904,0.8561659968357712,0.6767788355939905,1.0068215501177058,1.004616680745607,0.006821550117705903,0.004616680745607051,21,249,315,21,2021-12-31,2022-01-31,2021-11-01,2022-01-31
2022-02-01,2022-01-31,Consumer,0.08062438289845852,-1.4268586536446128,-1.4268586536446128,0.946031746031746,0.8871704170633208,0.8392913786821257,0.8573141346355387,0.8802449833398092,-0.1426858653644613,-0.11975501666019088,21,298,315,21,2021-12-31,2022-01-31,2021-11-01,2022-01-31
2022-02-01,2022-01-31,Energy,0.14710283664384557,0.4012439942803133,0.4012439942803133,0.7492063492063492,0.8680176728864553,0.6503243517498521,1.0401243994280314,1.0260938740473866,0.04012439942803134,0.02609387404738662,21,236,315,21,2021-12-31,2022-01-31,2021-11-01,2022-01-31
2022-02-01,2022-01-31,Financials,0.1310201449803086,-0.04101676179078026,-0.04101676179078026,0.8825396825396825,0.8920661492857149,0.7872837761950119,0.995898323820922,0.9967708168890064,-0.004101676179078026,-0.003229183110993676,21,278,315,21,2021-12-31,2022-01-31,2021-11-01,2022-01-31
2022-02-01,2022-01-31,Healthcare,0.10196829402872261,-0.8399187015850691,-0.8399187015850691,0.8285714285714286,0.8841282701749112,0.7325634238592122,0.916008129841493,0.9384706280203458,-0.08399187015850691,-0.06152937197965422,21,261,315,21,2021-12-31,2022-01-31,2021-11-01,2022-01-31
2022-02-01,2022-01-31,Industrials,0.1278398392958075,-0.128472545063275,-0.128472545063275,0.7111111111111111,0.8683663003135496,0.617504924667413,0.9871527454936725,0.9920667570738871,-0.0128472545063275,-0.007933242926112844,21,224,315,21,2021-12-31,2022-01-31,2021-11-01,2022-01-31
2022-02-01,2022-01-31,Materials,0.08830669444444444,-1.2156014223439284,-1.2156014223439284,0.4507936507936508,0.9163739460452814,0.4130955566299364,0.8784398577656072,0.9497840453796692,-0.12156014223439285,-0.05021595462033076,20,142,315,20,2021-12-31,2022-01-31,2021-11-01,2022-01-31
2022-02-01,2022-01-31,RealEstate,0.15668363095238094,0.6647079357212334,0.6647079357212334,0.546031746031746,0.8273772424405984,0.45177424031677116,1.0664707935721234,1.030029792269299,0.06647079357212335,0.03002979226929894,21,172,315,21,2021-12-31,2022-01-31,2021-11-01,2022-01-31
2022-02-01,2022-01-31,Tech,0.14205367551482825,0.2623962276774887,0.2623962276774887,0.9111111111111111,0.8980416255802046,0.8182157033064086,1.0262396227677488,1.0214696713974085,0.026239622767748872,0.021469671397408494,21,287,315,21,2021-12-31,2022-01-31,2021-11-01,2022-01-31
2022-02-01,2022-01-31,Utilities,0.21452523809523807,2.2553044255715675,2.0,0.5111111111111111,0.8359772221424658,0.4272772468728158,1.2,1.0854554493745632,0.2,0.08545544937456317,21,161,315,21,2021-12-31,2022-01-31,2021-11-01,2022-01-31
2022-03-01,2022-02-28,Comm,0.1027646209372638,-0.14309579614148624,-0.14309579614148624,0.8,0.8158111874522889,0.6526489499618311,0.9856904203858514,0.9906608678904307,-0.014309579614148624,-0.009339132109569324,21,252,315,21,2022-01-28,2022-02-28,2021-11-29,2022-02-28
2022-03-01,2022-02-28,Consumer,0.07912099564192422,-0.7113179511582868,-0.7113179511582868,0.9587301587301588,0.8706865515204413,0.8347534557434072,0.9288682048841713,0.94062248821383,-0.07113179511582868,-0.059377511786170005,21,302,315,21,2022-01-28,2022-02-28,2021-11-29,2022-02-28
2022-03-01,2022-02-28,Energy,0.11100396052554244,0.0549184778239264,0.0549184778239264,0.8285714285714286,0.8792675171050206,0.72853594274416,1.0054918477823926,1.004001008501553,0.0054918477823926405,0.0040010085015528465,21,261,315,21,2022-01-28,2022-02-28,2021-11-29,2022-02-28
2022-03-01,2022-02-28,Financials,0.0631995166060791,-1.0939554281016377,-1.0939554281016377,0.9079365079365079,0.8753920686776152,0.7948004179104696,0.8906044571898362,0.9130523768569392,-0.10939554281016378,-0.08694762314306084,21,286,315,21,2022-01-28,2022-02-28,2021-11-29,2022-02-28
2022-03-01,2022-02-28,Healthcare,0.11035470318041747,0.03931501586751838,0.03931501586751838,0.8666666666666667,0.8565007144097341,0.7423006191551029,1.0039315015867518,1.0029183560620551,0.003931501586751838,0.0029183560620551587,21,273,315,21,2022-01-28,2022-02-28,2021-11-29,2022-02-28
2022-03-01,2022-02-28,Industrials,0.09051213139495565,-0.4375572387115249,-0.4375572387115249,0.7714285714285715,0.8527628019508937,0.6578455900764038,0.9562442761288475,0.9712154900107615,-0.043755723871152494,-0.028784509989238496,21,243,315,21,2022-01-28,2022-02-28,2021-11-29,2022-02-28
2022-03-01,2022-02-28,Materials,0.05587648677248678,-1.269948227061971,-1.269948227061971,0.49206349206349204,0.8619687930670359,0.4241433743663192,0.8730051772938029,0.9461359873703411,-0.1269948227061971,-0.0538640126296589,21,155,315,21,2022-01-28,2022-02-28,2021-11-29,2022-02-28
2022-03-01,2022-02-28,RealEstate,0.1532993849206349,1.0713953038996136,1.0713953038996136,0.6412698412698413,0.8609280970239084,0.5520872241232683,1.1071395303899614,1.0591503659268644,0.10713953038996137,0.05915036592686431,21,202,315,21,2022-01-28,2022-02-28,2021-11-29,2022-02-28
2022-03-01,2022-02-28,Tech,0.11669466980949676,0.19168206853858785,0.19168206853858785,0.9523809523809523,0.8812860945827449,0.8393200900788046,1.0191682068538588,1.01608826110323,0.019168206853858786,0.016088261103229917,21,300,315,21,2022-01-28,2022-02-28,2021-11-29,2022-02-28
2022-03-01,2022-02-28,Utilities,0.2043616521164021,2.2985637750452645,2.0,0.6158730158730159,0.854814511888932,0.5264571914490566,1.2,1.1052914382898114,0.2,0.10529143828981131,21,194,315,21,2022-01-28,2022-02-28,2021-11-29,2022-02-28
2022-04-01,2022-03-31,Comm,0.05889669198790627,-1.6210577676773383,-1.6210577676773383,0.8095238095238095,0.8413101810507524,0.681060622755371,0.8378942232322661,0.889596138722324,-0.16210577676773386,-0.11040386127767599,21,255,315,21,2022-03-03,2022-03-31,2021-12-31,2022-03-31
2022-04-01,2022-03-31,Consumer,0.10365379204459561,-0.47316391349701276,-0.47316391349701276,0.9809523809523809,0.8842588883102308,0.8674158618662263,0.9526836086502988,0.9589570116169992,-0.04731639134970128,-0.04104298838300079,21,309,315,21,2022-03-03,2022-03-31,2021-12-31,2022-03-31
2022-04-01,2022-03-31,Energy,0.13919427906617193,0.43834971394913497,0.43834971394913497,0.9174603174603174,0.852261264861875,0.7819158906193076,1.0438349713949135,1.0342752606985257,0.0438349713949135,0.034275260698525656,21,289,315,21,2022-03-03,2022-03-31,2021-12-31,2022-03-31
2022-04-01,2022-03-31,Financials,0.1084092262486191,-0.3512003883838255,-0.3512003883838255,0.8984126984126984,0.84181735332276,0.7562993999693368,0.9648799611616174,0.9734387356996315,-0.03512003883838255,-0.026561264300368526,21,283,315,21,2022-03-03,2022-03-31,2021-12-31,2022-03-31
2022-04-01,2022-03-31,Healthcare,0.0770392365835223,-1.1557524772514112,-1.1557524772514112,0.8857142857142857,0.8188787543659948,0.7252926110098811,0.8844247522748588,0.9161741268093185,-0.11557524772514112,-0.08382587319068142,21,279,315,21,2022-03-03,2022-03-31,2021-12-31,2022-03-31
2022-04-01,2022-03-31,Industrials,0.11255441965970536,-0.24488782490344102,-0.24488782490344102,0.8285714285714286,0.845551032825149,0.7005994271979806,0.9755112175096559,0.982843173014489,-0.024488782490344103,-0.017156826985511017,21,261,315,21,2022-03-03,2022-03-31,2021-12-31,2022-03-31
2022-04-01,2022-03-31,Materials,0.131990582010582,0.25359512602867157,0.25359512602867157,0.5365079365079365,0.8897019221820773,0.477332142377051,1.0253595126028672,1.0121049104803643,0.02535951260286716,0.012104910480364406,21,169,315,21,2022-03-03,2022-03-31,2021-12-31,2022-03-31
2022-04-01,2022-03-31,RealEstate,0.15845868386243386,0.9324275662242402,0.9324275662242402,0.6603174603174603,0.8592398964233269,0.5673711062096889,1.093242756622424,1.0529032459709056,0.09324275662242403,0.05290324597090552,21,208,315,21,2022-03-03,2022-03-31,2021-12-31,2022-03-31
2022-04-01,2022-03-31,Tech,0.12608133524412096,0.10203955076879088,0.10203955076879088,0.9619047619047619,0.8996372821003374,0.8653653856393723,1.010203955076879,1.0088301495201504,0.010203955076879089,0.008830149520150304,21,303,315,21,2022-03-03,2022-03-31,2021-12-31,2022-03-31
2022-04-01,2022-03-31,Utilities,0.20474924603174605,2.1196504147421926,2.0,0.6634920634920635,0.9176045884228751,0.608823361842479,1.2,1.1217646723684958,0.2,0.12176467236849581,21,209,315,21,2022-03-03,2022-03-31,2021-12-31,2022-03-31
2022-05-02,2022-04-29,Comm,0.09945681643944126,-0.669640186990343,-0.669640186990343,0.7777777777777778,0.8656561935769576,0.6732881505598559,0.9330359813009657,0.9549139196960715,-0.0669640186990343,-0.04508608030392842,21,245,315,21,2022-03-31,2022-04-29,2022-01-31,2022-04-29
2022-05-02,2022-04-29,Consumer,0.09049645474310937,-0.8998924330611568,-0.8998924330611568,0.9809523809523809,0.8871170315413229,0.8702195642738692,0.9100107566938843,0.9216895999008168,-0.08998924330611568,-0.07831040009918319,21,309,315,21,2022-03-31,2022-04-29,2022-01-31,2022-04-29
2022-05-02,2022-04-29,Energy,0.17009366237774573,1.1454977487149494,1.1454977487149494,0.9365079365079365,0.8591024605288,0.8045562725587175,1.114549774871495,1.0921617398930503,0.11454977487149494,0.09216173989305021,21,295,315,21,2022-03-31,2022-04-29,2022-01-31,2022-04-29
2022-05-02,2022-04-29,Financials,0.09663659019247171,-0.7421108583538026,-0.7421108583538026,0.8888888888888888,0.873077132321612,0.776068562063655,0.9257889141646197,0.9424071093265539,-0.07421108583538026,-0.057592890673446036,21,280,315,21,2022-03-31,2022-04-29,2022-01-31,2022-04-29
2022-05-02,2022-04-29,Healthcare,0.12418294718442932,-0.034258789049147025,-0.034258789049147025,0.8857142857142857,0.8552209655199821,0.7574814266034127,0.9965741210950853,0.9974049603597347,-0.0034258789049147025,-0.002595039640265326,21,279,315,21,2022-03-31,2022-04-29,2022-01-31,2022-04-29
2022-05-02,2022-04-29,Industrials,0.08108285996014566,-1.1417913000751077,-1.1417913000751077,0.8444444444444444,0.8544852902105288,0.7215653561777798,0.8858208699924892,0.9176122953880614,-0.11417913000751077,-0.08238770461193855,21,266,315,21,2022-03-31,2022-04-29,2022-01-31,2022-04-29
2022-05-02,2022-04-29,Materials,0.1402845185185185,0.379499392884644,0.379499392884644,0.6,0.8890479432090572,0.5334287659254343,1.0379499392884644,1.0202435892815906,0.03794993928846441,0.020243589281590722,21,189,315,21,2022-03-31,2022-04-29,2022-01-31,2022-04-29
2022-05-02,2022-04-29,RealEstate,0.11144072222222222,-0.3616926602386145,-0.3616926602386145,0.6857142857142857,0.8552537560094625,0.5864597184064886,0.9638307339761385,0.9787881824326768,-0.03616926602386145,-0.02121181756732316,21,216,315,21,2022-03-31,2022-04-29,2022-01-31,2022-04-29
2022-05-02,2022-04-29,Tech,0.12639190983975995,0.02250438972795974,0.02250438972795974,0.9682539682539683,0.8910050253125416,0.8627191514930957,1.002250438972796,1.0019414968010976,0.002250438972795974,0.0019414968010975366,21,305,315,21,2022-03-31,2022-04-29,2022-01-31,2022-04-29
2022-05-02,2022-04-29,Utilities,0.2150949402777778,2.301884696440621,2.0,0.6317460317460317,0.8627779958337162,0.5450565751457445,1.2,1.109011315029149,0.2,0.1090113150291489,20,199,315,20,2022-03-31,2022-04-29,2022-01-31,2022-04-29
2022-06-01,2022-05-31,Comm,0.0763487135298564,-1.2117147098536185,-1.2117147098536185,0.765079365079365,0.8390635709534962,0.6419502241263256,0.8788285290146381,0.9222139470432305,-0.12117147098536185,-0.0777860529567696,21,241,315,21,2022-05-02,2022-05-31,2022-03-02,2022-05-31
2022-06-01,2022-05-31,Consumer,0.07746773684007582,-1.1797927141394535,-1.1797927141394535,0.9777777777777777,0.8510373757863039,0.8321254341021638,0.8820207285860546,0.9018264475596137,-0.11797927141394536,-0.09817355244038628,21,308,315,21,2022-05-02,2022-05-31,2022-03-02,2022-05-31
2022-06-01,2022-05-31,Energy,0.16642518782143784,1.3578661022914993,1.3578661022914993,0.9333333333333333,0.881421010002604,0.8226596093357638,1.1357866102291498,1.11170615972414,0.13578661022914992,0.1117061597241401,21,294,315,21,2022-05-02,2022-05-31,2022-03-02,2022-05-31
2022-06-01,2022-05-31,Financials,0.10490115891912322,-0.3972088537009168,-0.3972088537009168,0.8952380952380953,0.8642938369256392,0.7737487682953342,0.9602791146299083,0.9692660138692915,-0.039720885370091684,-0.0307339861307086,21,282,315,21,2022-05-02,2022-05-31,2022-03-02,2022-05-31
2022-06-01,2022-05-31,Healthcare,0.06670237953514739,-1.4868923845493522,-1.4868923845493522,0.873015873015873,0.852292791858785,0.744065135749733,0.8513107615450648,0.8893655216045042,-0.14868923845493523,-0.1106344783954958,21,275,315,21,2022-05-02,2022-05-31,2022-03-02,2022-05-31
2022-06-01,2022-05-31,Industrials,0.15579240639959688,1.0545483788107402,1.0545483788107402,0.8539682539682539,0.7833446975375693,0.6689515036114481,1.105454837881074,1.070544172363646,0.10545483788107402,0.07054417236364595,21,269,315,21,2022-05-02,2022-05-31,2022-03-02,2022-05-31
2022-06-01,2022-05-31,Materials,0.11561514550264551,-0.09157461831241967,-0.09157461831241967,0.5746031746031746,0.8612298914783294,0.4948654297065956,0.990842538168758,0.9954682887158607,-0.009157461831241968,-0.004531711284139304,21,181,315,21,2022-05-02,2022-05-31,2022-03-02,2022-05-31
2022-06-01,2022-05-31,RealEstate,0.1314139537037037,0.3591125863930847,0.3591125863930847,0.6984126984126984,0.8578718056699977,0.599148562690157,1.0359112586393084,1.0215161789981362,0.03591125863930847,0.021516178998136154,21,220,315,21,2022-05-02,2022-05-31,2022-03-02,2022-05-31
2022-06-01,2022-05-31,Tech,0.13101968181039234,0.34786532677520116,0.34786532677520116,0.9682539682539683,0.8695017528366613,0.8418985225878785,1.03478653267752,1.0292867304671591,0.03478653267752012,0.02928673046715914,21,305,315,21,2022-05-02,2022-05-31,2022-03-02,2022-05-31
2022-06-01,2022-05-31,Utilities,0.1625665088813303,1.2477908862852327,1.2477908862852327,0.5682539682539682,0.8878337411963738,0.5045150465846061,1.1247790886285234,1.062952927712204,0.12477908862852327,0.06295292771220411,21,179,315,21,2022-05-02,2022-05-31,2022-03-02,2022-05-31
2022-07-01,2022-06-30,Comm,0.09147376766817839,-0.975659985625386,-0.975659985625386,0.7841269841269841,0.8772912200673054,0.6879077185924586,0.9024340014374614,0.932883596516649,-0.09756599856253861,-0.06711640348335103,21,247,315,21,2022-06-01,2022-06-30,2022-03-31,2022-06-30
2022-07-01,2022-06-30,Consumer,0.08564638454208004,-1.1422940620935935,-1.1422940620935935,0.9746031746031746,0.8420552697207826,0.8206697390612071,0.8857705937906406,0.9062553830130484,-0.11422940620935935,-0.09374461698695158,21,307,315,21,2022-06-01,2022-06-30,2022-03-31,2022-06-30
2022-07-01,2022-06-30,Energy,0.14139977100475,0.4519745593694962,0.4519745593694962,0.9238095238095239,0.8659835819652195,0.8000038804821552,1.0451974559369497,1.0361581401374809,0.045197455936949626,0.03615814013748093,21,291,315,21,2022-06-01,2022-06-30,2022-03-31,2022-06-30
2022-07-01,2022-06-30,Financials,0.08216731528722601,-1.241778080855835,-1.241778080855835,0.9079365079365079,0.8440970790263013,0.7663865542905466,0.8758221919144165,0.9048317975419369,-0.1241778080855835,-0.09516820245806311,21,286,315,21,2022-06-01,2022-06-30,2022-03-31,2022-06-30
2022-07-01,2022-06-30,Healthcare,0.13969956897203326,0.40335726591194143,0.40335726591194143,0.8634920634920635,0.8250561520887468,0.7124294392639338,1.040335726591194,1.0287363590776677,0.040335726591194145,0.02873635907766779,21,272,315,21,2022-06-01,2022-06-30,2022-03-31,2022-06-30
2022-07-01,2022-06-30,Industrials,0.1291438310056346,0.10151583736510783,0.10151583736510783,0.8666666666666667,0.8207201532945358,0.7112907995219311,1.0101515837365107,1.0072207281123566,0.010151583736510783,0.007220728112356588,21,273,315,21,2022-06-01,2022-06-30,2022-03-31,2022-06-30
2022-07-01,2022-06-30,Materials,0.10910958994708994,-0.47136347815146284,-0.47136347815146284,0.6095238095238096,0.8181829978459961,0.49870201773470246,0.9528636521848537,0.9764930082359418,-0.047136347815146286,-0.023506991764058186,21,192,315,21,2022-06-01,2022-06-30,2022-03-31,2022-06-30
2022-07-01,2022-06-30,RealEstate,0.15610051587301588,0.8723425000918622,0.8723425000918622,0.7174603174603175,0.8516560974560357,0.6110294540478224,1.0872342500091863,1.0533026961573844,0.08723425000918622,0.053302696157384304,21,226,315,21,2022-06-01,2022-06-30,2022-03-31,2022-06-30
2022-07-01,2022-06-30,Tech,0.11894742102309068,-0.19005060403172017,-0.19005060403172017,0.9714285714285714,0.8921457946674031,0.866655914819763,0.9809949395968279,0.9835291519900841,-0.019005060403172017,-0.016470848009915898,21,306,315,21,2022-06-01,2022-06-30,2022-03-31,2022-06-30
2022-07-01,2022-06-30,Utilities,0.20224890211640215,2.1919560480195894,2.0,0.6444444444444445,0.8169853968504289,0.5265017001924986,1.2,1.1053003400384998,0.2,0.10530034003849974,21,203,315,21,2022-06-01,2022-06-30,2022-03-31,2022-06-30
2022-08-01,2022-07-29,Comm,0.07032584948979592,-1.0214136191492782,-1.0214136191492782,0.780952380952381,0.8709961257464763,0.6802064982020101,0.8978586380850722,0.9305227818902628,-0.10214136191492783,-0.06947721810973721,21,246,315,21,2022-06-30,2022-07-29,2022-04-29,2022-07-29
2022-08-01,2022-07-29,Consumer,0.08725094041428234,-0.629392058579515,-0.629392058579515,0.9714285714285714,0.8578170428122229,0.8333079844461594,0.9370607941420485,0.9475522572238685,-0.0629392058579515,-0.05244774277613147,21,306,315,21,2022-06-30,2022-07-29,2022-04-29,2022-07-29
2022-08-01,2022-07-29,Energy,0.18718065253397395,1.6851953115700138,1.6851953115700138,0.946031746031746,0.8679846388796896,0.8211410234480873,1.1685195311570014,1.1383783002852519,0.16851953115700138,0.13837830028525194,21,298,315,21,2022-06-30,2022-07-29,2022-04-29,2022-07-29
2022-08-01,2022-07-29,Financials,0.07413962685202286,-0.9330783209889106,-0.9330783209889106,0.9079365079365079,0.8347238972499461,0.7578763003602685,0.906692167901109,0.9292842054142554,-0.09330783209889107,-0.07071579458574467,21,286,315,21,2022-06-30,2022-07-29,2022-04-29,2022-07-29
2022-08-01,2022-07-29,Healthcare,0.08174060992578851,-0.7570231813304875,-0.7570231813304875,0.8761904761904762,0.8451041853038753,0.740472238551967,0.9242976818669513,0.9439445350284482,-0.07570231813304876,-0.056055464971551776,21,276,315,21,2022-06-30,2022-07-29,2022-04-29,2022-07-29
2022-08-01,2022-07-29,Industrials,0.11479911800831444,0.008683070201109176,0.008683070201109176,0.8285714285714286,0.8576226073990902,0.7106015889878177,1.000868307020111,1.00061702034822,0.0008683070201109176,0.000617020348220095,21,261,315,21,2022-06-30,2022-07-29,2022-04-29,2022-07-29
2022-08-01,2022-07-29,Materials,0.07107385220754969,-1.0040882650916512,-1.0040882650916512,0.5746031746031746,0.8689546357907636,0.49930409231151807,0.8995911734908348,0.9498654620197766,-0.10040882650916512,-0.05013453798022338,21,181,315,21,2022-06-30,2022-07-29,2022-04-29,2022-07-29
2022-08-01,2022-07-29,RealEstate,0.1405420992063492,0.6049459622586821,0.6049459622586821,0.7428571428571429,0.7933631180368259,0.5893554591130707,1.0604945962258683,1.0356528205325564,0.06049459622586822,0.035652820532556403,21,234,315,21,2022-06-30,2022-07-29,2022-04-29,2022-07-29
2022-08-01,2022-07-29,Tech,0.13113029785683544,0.3869483710332784,0.3869483710332784,0.9682539682539683,0.88905541282621,0.8608314314666479,1.0386948371033278,1.0333097320140265,0.03869483710332784,0.03330973201402646,21,305,315,21,2022-06-30,2022-07-29,2022-04-29,2022-07-29
2022-08-01,2022-07-29,Utilities,0.18605931547619048,1.6592227300767581,1.6592227300767581,0.692063492063492,0.8136626756331145,0.5631062326603776,1.1659222730076757,1.093431866067799,0.1659222730076758,0.09343186606779899,20,218,315,20,2022-06-30,2022-07-29,2022-04-29,2022-07-29
2022-09-01,2022-08-31,Comm,0.041553112433862435,-1.608020500278467,-1.608020500278467,0.7936507936507936,0.8379296598596618,0.6650235395711601,0.8391979499721532,0.8930628515201826,-0.16080205002784673,-0.10693714847981739,21,250,315,21,2022-08-03,2022-08-31,2022-06-02,2022-08-31
2022-09-01,2022-08-31,Consumer,0.07979781315919722,-0.8153274886750227,-0.8153274886750227,0.9587301587301588,0.8536917838675087,0.818460059453929,0.9184672511324977,0.9332687015144618,-0.08153274886750228,-0.06673129848553817,21,302,315,21,2022-08-03,2022-08-31,2022-06-02,2022-08-31
2022-09-01,2022-08-31,Energy,0.16092782199175967,0.8662438091308381,0.8662438091308381,0.926984126984127,0.8836827652098342,0.8191598966389575,1.0866243809130838,1.0709592189151755,0.08662438091308382,0.07095921891517543,21,292,315,21,2022-08-03,2022-08-31,2022-06-02,2022-08-31
2022-09-01,2022-08-31,Financials,0.11352094038170824,-0.11635255171101165,-0.11635255171101165,0.8793650793650793,0.8209913666415898,0.7219511382848266,0.9883647448288988,0.9915999142849891,-0.011635255171101165,-0.008400085715010901,21,277,315,21,2022-08-03,2022-08-31,2022-06-02,2022-08-31
2022-09-01,2022-08-31,Healthcare,0.07994434920634921,-0.8122902548015091,-0.8122902548015091,0.8634920634920635,0.8408518365747064,0.7260688874549847,0.9187709745198491,0.9410221318405743,-0.08122902548015092,-0.058977868159425774,21,272,315,21,2022-08-03,2022-08-31,2022-06-02,2022-08-31
2022-09-01,2022-08-31,Industrials,0.11047913737717309,-0.1793996128368446,-0.1793996128368446,0.7587301587301587,0.8490697480837982,0.6442148247365961,0.9820600387163155,0.9884428109858499,-0.017939961283684462,-0.011557189014150105,21,239,315,21,2022-08-03,2022-08-31,2022-06-02,2022-08-31
2022-09-01,2022-08-31,Materials,0.08764203703703705,-0.6527412654470446,-0.6527412654470446,0.5682539682539682,0.8840730073806278,0.5023779946702615,0.9347258734552956,0.9672077152026185,-0.06527412654470446,-0.03279228479738151,18,179,315,18,2022-08-03,2022-08-31,2022-06-02,2022-08-31
2022-09-01,2022-08-31,RealEstate,0.18246694444444445,1.3126824403790003,1.3126824403790003,0.7428571428571429,0.836350620685123,0.6212890325089485,1.1312682440379,1.0815555203374554,0.13126824403790002,0.08155552033745546,21,234,315,21,2022-08-03,2022-08-31,2022-06-02,2022-08-31
2022-09-01,2022-08-31,Tech,0.13117787557208846,0.24962048157978062,0.24962048157978062,0.9587301587301588,0.8866883739132305,0.8500948854660179,1.024962048157978,1.0212201094698536,0.024962048157978062,0.021220109469853584,21,302,315,21,2022-08-03,2022-08-31,2022-06-02,2022-08-31
2022-09-01,2022-08-31,Utilities,0.20383546088435373,1.7555849426602785,1.7555849426602785,0.7111111111111111,0.8722034563488766,0.6202335689592012,1.1755584942660278,1.108887271459722,0.17555849426602788,0.10888727145972193,21,224,315,21,2022-08-03,2022-08-31,2022-06-02,2022-08-31
2022-10-03,2022-09-30,Comm,0.10184544623101767,-0.6075393385628708,-0.6075393385628708,0.8031746031746032,0.8573406690080471,0.6885942516159871,0.939246066143713,0.9581651903835028,-0.06075393385628708,-0.04183480961649718,21,253,315,21,2022-09-01,2022-09-30,2022-07-05,2022-09-30
2022-10-03,2022-09-30,Consumer,0.1329468340505394,0.03252965771169527,0.03252965771169527,0.9650793650793651,0.8498516345576815,0.8201742758905879,1.0032529657711695,1.0026679988458658,0.003252965771169527,0.002667998845865835,21,304,315,21,2022-09-01,2022-09-30,2022-07-05,2022-09-30
2022-10-03,2022-09-30,Energy,0.1777113056500378,0.9537859878703047,0.9537859878703047,0.9047619047619048,0.857457379486708,0.7757947719165453,1.0953785987870304,1.073994218291704,0.09537859878703048,0.073994218291704,21,285,315,21,2022-09-01,2022-09-30,2022-07-05,2022-09-30
2022-10-03,2022-09-30,Financials,0.11756915381708238,-0.2839442054218961,-0.2839442054218961,0.8825396825396825,0.8318178878063378,0.7341122946354346,0.9716055794578103,0.9791553067809297,-0.02839442054218961,-0.020844693219070336,21,278,315,21,2022-09-01,2022-09-30,2022-07-05,2022-09-30
2022-10-03,2022-09-30,Healthcare,0.09479242063492063,-0.7526911575167196,-0.7526911575167196,0.8857142857142857,0.8426592131276223,0.7463553030558939,0.9247308842483281,0.9438224963024118,-0.07526911575167196,-0.05617750369758828,21,279,315,21,2022-09-01,2022-09-30,2022-07-05,2022-09-30
2022-10-03,2022-09-30,Industrials,0.10988718287314926,-0.4420397688747706,-0.4420397688747706,0.7047619047619048,0.8305871562004258,0.5853661862745858,0.955796023112523,0.9741244866312077,-0.04420397688747706,-0.025875513368792385,21,222,315,21,2022-09-01,2022-09-30,2022-07-05,2022-09-30
2022-10-03,2022-09-30,Materials,0.08861277777777778,-0.8798686913251625,-0.8798686913251625,0.5428571428571428,0.866722824042589,0.470506675908834,0.9120131308674837,0.9586015906808342,-0.08798686913251626,-0.041398409319165816,20,171,315,20,2022-09-01,2022-09-30,2022-07-05,2022-09-30
2022-10-03,2022-09-30,RealEstate,0.20397955215419503,1.4943885574847484,1.4943885574847484,0.7142857142857143,0.8636552704131989,0.6168966217237135,1.149438855748475,1.0921883252654916,0.14943885574847485,0.09218832526549148,21,225,315,21,2022-09-01,2022-09-30,2022-07-05,2022-09-30
2022-10-03,2022-09-30,Tech,0.06825645869114173,-1.2988033318382008,-1.2988033318382008,0.9619047619047619,0.8739425531196432,0.8406495034769902,0.8701196668161799,0.8908161623975956,-0.12988033318382008,-0.10918383760240441,21,303,315,21,2022-09-01,2022-09-30,2022-07-05,2022-09-30
2022-10-03,2022-09-30,Utilities,0.21806082671957672,1.7841822904728681,1.7841822904728681,0.7142857142857143,0.8594057410573066,0.6138612436123618,1.1784182290472869,1.1095240359660827,0.17841822904728682,0.1095240359660827,21,225,315,21,2022-09-01,2022-09-30,2022-07-05,2022-09-30
2022-11-01,2022-10-31,Comm,0.11446831009070295,0.22661261389900336,0.22661261389900336,0.8126984126984127,0.850405695712998,0.6911233590556428,1.0226612613899004,1.015661727092226,0.022661261389900336,0.015661727092225866,21,256,315,21,2022-10-03,2022-10-31,2022-08-03,2022-10-31
2022-11-01,2022-10-31,Consumer,0.0908943246409675,-0.41857097059830134,-0.41857097059830134,0.9619047619047619,0.883228962679641,0.84958214505375,0.9581429029401699,0.9644389576941865,-0.04185709705983014,-0.0355610423058135,21,303,315,21,2022-10-03,2022-10-31,2022-08-03,2022-10-31
2022-11-01,2022-10-31,Energy,0.12216447484129629,0.43724476056155853,0.43724476056155853,0.8920634920634921,0.855891176762563,0.7635092719691435,1.043724476056156,1.0333840428808678,0.043724476056155856,0.033384042880867805,21,281,315,21,2022-10-03,2022-10-31,2022-08-03,2022-10-31
2022-11-01,2022-10-31,Financials,0.09140566674085396,-0.4045763268155367,-0.4045763268155367,0.873015873015873,0.8711368806643658,0.7605163243895257,0.9595423673184463,0.9692313098995232,-0.04045763268155367,-0.030768690100476743,21,275,315,21,2022-10-03,2022-10-31,2022-08-03,2022-10-31
2022-11-01,2022-10-31,Healthcare,0.05319287171888958,-1.4504015275860924,-1.4504015275860924,0.8603174603174604,0.8728916524743245,0.7509639295890221,0.8549598472413907,0.8910800769362027,-0.14504015275860924,-0.10891992306379725,21,271,315,21,2022-10-03,2022-10-31,2022-08-03,2022-10-31
2022-11-01,2022-10-31,Industrials,0.15322564553171697,1.2873410451909837,1.2873410451909837,0.6825396825396826,0.8326409995186308,0.5683105234809702,1.1287341045190984,1.0731609463291027,0.12873410451909836,0.07316094632910272,21,215,315,21,2022-10-03,2022-10-31,2022-08-03,2022-10-31
2022-11-01,2022-10-31,Materials,0.06988596560846562,-0.9935373212773716,-0.9935373212773716,0.526984126984127,0.8951789687044971,0.4717451073172905,0.9006462678722629,0.9531303629750273,-0.09935373212773717,-0.0468696370249727,21,166,315,21,2022-10-03,2022-10-31,2022-08-03,2022-10-31
2022-11-01,2022-10-31,RealEstate,0.12337151870748299,0.4702796875531062,0.4702796875531062,0.7015873015873015,0.845609521294707,0.5932689022416833,1.0470279687553106,1.0279002313981194,0.04702796875531062,0.027900231398119313,21,221,315,21,2022-10-03,2022-10-31,2022-08-03,2022-10-31
2022-11-01,2022-10-31,Tech,0.06937372563443239,-1.0075565384892526,-1.0075565384892526,0.9619047619047619,0.8812896590233227,0.847716719631958,0.8992443461510747,0.914587747634816,-0.10075565384892526,-0.08541225236518399,21,303,315,21,2022-10-03,2022-10-31,2022-08-03,2022-10-31
2022-11-01,2022-10-31,Utilities,0.17389994047619048,1.8531645775619012,1.8531645775619012,0.7396825396825397,0.8461674989145771,0.625895324593957,1.18531645775619,1.1159887044799128,0.18531645775619013,0.11598870447991294,21,233,315,21,2022-10-03,2022-10-31,2022-08-03,2022-10-31
2022-12-01,2022-11-30,Comm,0.12463159627739984,0.2082308561570184,0.2082308561570184,0.765079365079365,0.8542232460205028,0.6535485787014005,1.020823085615702,1.0136088980083195,0.020823085615701842,0.013608898008319515,21,241,315,21,2022-11-01,2022-11-30,2022-09-01,2022-11-30
2022-12-01,2022-11-30,Consumer,0.10964332079418143,-0.4444004781645219,-0.4444004781645219,0.9619047619047619,0.8614276422544762,0.8286113511209724,0.9555599521835478,0.963176471934929,-0.044440047816452194,-0.036823528065071075,21,303,315,21,2022-11-01,2022-11-30,2022-09-01,2022-11-30
2022-12-01,2022-11-30,Energy,0.1239275335914086,0.1775740023569303,0.1775740023569303,0.9111111111111111,0.8722835372726798,0.7947472228484416,1.017757400235693,1.0141126445223252,0.01775740023569303,0.014112644522325298,21,287,315,21,2022-11-01,2022-11-30,2022-09-01,2022-11-30
2022-12-01,2022-11-30,Financials,0.10596633938019652,-0.6045065083193126,-0.6045065083193126,0.873015873015873,0.8625940029324141,0.7530582565282979,0.9395493491680688,0.9544771382785049,-0.06045065083193127,-0.04552286172149506,21,275,315,21,2022-11-01,2022-11-30,2022-09-01,2022-11-30
2022-12-01,2022-11-30,Healthcare,0.11022840589569162,-0.418924240359994,-0.418924240359994,0.8952380952380953,0.8560368323027547,0.766356783204371,0.9581075759640006,0.967895456675138,-0.0418924240359994,-0.03210454332486197,21,282,315,21,2022-11-01,2022-11-30,2022-09-01,2022-11-30
2022-12-01,2022-11-30,Industrials,0.09858358465608465,-0.9259722481210994,-0.9259722481210994,0.6793650793650794,0.8771458758650897,0.5959022775718388,0.90740277518789,0.9448211028376321,-0.09259722481210994,-0.055178897162367894,21,214,315,21,2022-11-01,2022-11-30,2022-09-01,2022-11-30
2022-12-01,2022-11-30,Materials,0.1150349081035923,-0.20963572328717595,-0.20963572328717595,0.5142857142857142,0.9057118831884147,0.4657946827826132,0.9790364276712824,0.9902352794771546,-0.020963572328717595,-0.009764720522845381,19,162,315,19,2022-11-01,2022-11-30,2022-09-01,2022-11-30
2022-12-01,2022-11-30,RealEstate,0.14518907163742692,1.1033606921090175,1.1033606921090175,0.6285714285714286,0.8910430295086307,0.5600841899768536,1.1103360692109017,1.061797487949218,0.11033606921090176,0.06179748794921797,19,198,315,19,2022-11-01,2022-11-30,2022-09-01,2022-11-30
2022-12-01,2022-11-30,Tech,0.09141093602825745,-1.2382893822596872,-1.2382893822596872,0.9587301587301588,0.8837050598044764,0.8472346922569901,0.8761710617740313,0.8950878276296116,-0.12382893822596873,-0.10491217237038845,21,302,315,21,2022-11-01,2022-11-30,2022-09-01,2022-11-30
2022-12-01,2022-11-30,Utilities,0.17387814583333333,2.3525630298888163,2.0,0.7333333333333333,0.8583680765878376,0.6294699228310809,1.2,1.1258939845662161,0.2,0.1258939845662162,20,231,315,20,2022-11-01,2022-11-30,2022-09-01,2022-11-30
2023-01-03,2022-12-30,Comm,0.07510788869992442,-0.8303446280574887,-0.8303446280574887,0.7333333333333333,0.8129517162907411,0.5961645919465435,0.9169655371942511,0.9504977933639103,-0.08303446280574887,-0.049502206636089716,21,231,315,21,2022-12-01,2022-12-30,2022-10-03,2022-12-30
2023-01-03,2022-12-30,Consumer,0.12281185276694206,0.1219631648894297,0.1219631648894297,0.9492063492063492,0.8556478640948969,0.8121863852837276,1.012196316488943,1.0099056822029309,0.01219631648894297,0.009905682202930914,21,299,315,21,2022-12-01,2022-12-30,2022-10-03,2022-12-30
2023-01-03,2022-12-30,Energy,0.15711031987324844,0.8066588322260564,0.8066588322260564,0.926984126984127,0.868087079116044,0.8047029431805869,1.0806658832226057,1.0649120736434923,0.08066588322260565,0.06491207364349229,21,292,315,21,2022-12-01,2022-12-30,2022-10-03,2022-12-30
2023-01-03,2022-12-30,Financials,0.0895450312134955,-0.5421379015841067,-0.5421379015841067,0.8571428571428571,0.8492244210451452,0.7279066466101244,0.9457862098415893,0.9605374218057663,-0.05421379015841067,-0.039462578194233676,21,270,315,21,2022-12-01,2022-12-30,2022-10-03,2022-12-30
2023-01-03,2022-12-30,Healthcare,0.08039890922743367,-0.7247206997417934,-0.7247206997417934,0.9015873015873016,0.844041374842147,0.7609769855719675,0.9275279300258207,0.9448504226528883,-0.07247206997417935,-0.05514957734711169,21,284,315,21,2022-12-01,2022-12-30,2022-10-03,2022-12-30
2023-01-03,2022-12-30,Industrials,0.13335310563114136,0.3323967723753453,0.3323967723753453,0.6825396825396826,0.863582085015861,0.5894290421536829,1.0332396772375345,1.0195924311156175,0.033239677237534536,0.019592431115617558,21,215,315,21,2022-12-01,2022-12-30,2022-10-03,2022-12-30
2023-01-03,2022-12-30,Materials,0.036949166666666665,-1.5921020432298518,-1.5921020432298518,0.47619047619047616,0.9100266743185245,0.4333460353897735,0.8407897956770148,0.9310068891630385,-0.1592102043229852,-0.06899311083696141,20,150,315,20,2022-12-01,2022-12-30,2022-10-03,2022-12-30
2023-01-03,2022-12-30,RealEstate,0.17691323099415204,1.2019816728390103,1.2019816728390103,0.5873015873015873,0.8450671400777126,0.4963092727440534,1.120198167283901,1.059655464989841,0.12019816728390104,0.05965546498984099,19,185,315,19,2022-12-01,2022-12-30,2022-10-03,2022-12-30
2023-01-03,2022-12-30,Tech,0.08623097276334776,-0.608296002909261,-0.608296002909261,0.9333333333333333,0.8914485696646535,0.8320186650203433,0.9391703997090739,0.9493886371722225,-0.0608296002909261,-0.050611362827777416,21,294,315,21,2022-12-01,2022-12-30,2022-10-03,2022-12-30
2023-01-03,2022-12-30,Utilities,0.2086030291005291,1.83460083319266,1.83460083319266,0.6857142857142857,0.8588677375594067,0.5889378771835931,1.1834600833192659,1.1080465920179736,0.183460083319266,0.10804659201797365,21,216,315,21,2022-12-01,2022-12-30,2022-10-03,2022-12-30
2023-02-01,2023-01-31,Comm,0.1289600513811585,0.33603356871372564,0.33603356871372564,0.7206349206349206,0.8715472731853935,0.6280674000415375,1.0336033568713725,1.0211051729828708,0.033603356871372565,0.0211051729828709,21,227,315,21,2022-12-30,2023-01-31,2022-10-31,2023-01-31
2023-02-01,2023-01-31,Consumer,0.11468714188615618,-0.31686122670441474,-0.31686122670441474,0.9555555555555556,0.8794782750454451,0.840390351710092,0.9683138773295585,0.9733712882246586,-0.03168612267044148,-0.026628711775341433,21,301,315,21,2022-12-30,2023-01-31,2022-10-31,2023-01-31
2023-02-01,2023-01-31,Energy,0.16636269444669866,2.046966507854427,2.0,0.9238095238095239,0.8705344654403394,0.8042080299782184,1.2,1.1608416059956437,0.2,0.16084160599564368,21,291,315,21,2022-12-30,2023-01-31,2022-10-31,2023-01-31
2023-02-01,2023-01-31,Financials,0.10428365129103298,-0.7927547273334118,-0.7927547273334118,0.8666666666666667,0.8664079763910038,0.7508869128722033,0.9207245272666589,0.9404730850127769,-0.07927547273334118,-0.05952691498722309,21,273,315,21,2022-12-30,2023-01-31,2022-10-31,2023-01-31
2023-02-01,2023-01-31,Healthcare,0.11088747804677428,-0.490671671305048,-0.490671671305048,0.9047619047619048,0.8550635342048881,0.7736289118996607,0.9509328328694951,0.9620402208828288,-0.0490671671305048,-0.03795977911717122,21,285,315,21,2022-12-30,2023-01-31,2022-10-31,2023-01-31
2023-02-01,2023-01-31,Industrials,0.10255727215128475,-0.8717255885761552,-0.8717255885761552,0.6888888888888889,0.868173576930181,0.5980751307741247,0.9128274411423845,0.9478642604613166,-0.08717255885761553,-0.05213573953868349,21,217,315,21,2022-12-30,2023-01-31,2022-10-31,2023-01-31
2023-02-01,2023-01-31,Materials,0.11108764682539682,-0.4815152232932656,-0.4815152232932656,0.5174603174603175,0.8522511509883905,0.44100615114637354,0.9518484776706735,0.978764882465705,-0.04815152232932657,-0.021235117534294974,21,163,315,21,2022-12-30,2023-01-31,2022-10-31,2023-01-31
2023-02-01,2023-01-31,RealEstate,0.12497751984126984,0.1538580903438558,0.1538580903438558,0.5650793650793651,0.8681028742881263,0.49054702102630626,1.0153858090343857,1.0075474627878975,0.015385809034385581,0.007547462787897477,21,178,315,21,2022-12-30,2023-01-31,2022-10-31,2023-01-31
2023-02-01,2023-01-31,Tech,0.0967366165423523,-1.1379835477066376,-1.1379835477066376,0.9333333333333333,0.888007870441709,0.8288073457455951,0.8862016452293362,0.9056830876323105,-0.11379835477066376,-0.09431691236768941,21,294,315,21,2022-12-30,2023-01-31,2022-10-31,2023-01-31
2023-02-01,2023-01-31,Utilities,0.15560026455026454,1.5546538180069331,1.5546538180069331,0.6666666666666666,0.8553286134448751,0.5702190756299167,1.1554653818006932,1.0886493263028434,0.15546538180069333,0.08864932630284343,21,210,315,21,2022-12-30,2023-01-31,2022-10-31,2023-01-31
2023-03-01,2023-02-28,Comm,0.0970470627362056,-0.36855878712373547,-0.36855878712373547,0.7492063492063492,0.8667098977168759,0.6493445582894689,0.9631441212876265,0.9760678357171435,-0.03685587871237355,-0.023932164282856442,21,236,315,21,2023-01-30,2023-02-28,2022-11-28,2023-02-28
2023-03-01,2023-02-28,Consumer,0.09720019884097841,-0.36249529826546334,-0.36249529826546334,0.946031746031746,0.9010185033935534,0.852392107972314,0.9637504701734536,0.969101186858145,-0.036249529826546334,-0.0308988131418551,21,298,315,21,2023-01-30,2023-02-28,2022-11-28,2023-02-28
2023-03-01,2023-02-28,Energy,0.08897493812184289,-0.6881779764350038,-0.6881779764350038,0.9238095238095239,0.8657097664853056,0.7997509271340443,0.9311822023564996,0.9449629025312876,-0.06881779764350038,-0.05503709746871247,21,291,315,21,2023-01-30,2023-02-28,2022-11-28,2023-02-28
2023-03-01,2023-02-28,Financials,0.07914592109015323,-1.0773620643274973,-1.0773620643274973,0.8761904761904762,0.8567233256533501,0.7506528186676972,0.8922637935672503,0.9191275129686916,-0.10773620643274973,-0.08087248703130848,21,276,315,21,2023-01-30,2023-02-28,2022-11-28,2023-02-28
2023-03-01,2023-02-28,Healthcare,0.0949723441043084,-0.4507081491387966,-0.4507081491387966,0.8920634920634921,0.8566606539584041,0.7641956944835288,0.9549291850861203,0.9655570772959492,-0.04507081491387966,-0.03444292270405085,21,281,315,21,2023-01-30,2023-02-28,2022-11-28,2023-02-28
2023-03-01,2023-02-28,Industrials,0.11639491129785247,0.3975274624849096,0.3975274624849096,0.707936507936508,0.8792824027947244,0.6224761137245192,1.039752746248491,1.0247451349946377,0.03975274624849096,0.024745134994637614,21,223,315,21,2023-01-30,2023-02-28,2022-11-28,2023-02-28
2023-03-01,2023-02-28,Materials,0.08264993764172336,-0.9386190464665755,-0.9386190464665755,0.5841269841269842,0.8943987643885241,0.5224424528491697,0.9061380953533424,0.9509625563073053,-0.09386190464665756,-0.04903744369269465,21,184,315,21,2023-01-30,2023-02-28,2022-11-28,2023-02-28
2023-03-01,2023-02-28,RealEstate,0.13248930650037793,1.034791849847502,1.034791849847502,0.6222222222222222,0.8525350835276806,0.5304662741950013,1.1034791849847503,1.0548922177155957,0.1034791849847502,0.054892217715595756,21,196,315,21,2023-01-30,2023-02-28,2022-11-28,2023-02-28
2023-03-01,2023-02-28,Tech,0.10758741017795602,0.04879072930928627,0.04879072930928627,0.946031746031746,0.8653463829875871,0.818645149620003,1.0048790729309287,1.003994229389547,0.0048790729309286275,0.003994229389546973,21,298,315,21,2023-01-30,2023-02-28,2022-11-28,2023-02-28
2023-03-01,2023-02-28,Utilities,0.16708975583213084,2.4048112801153754,2.0,0.7047619047619048,0.8695875377850809,0.6128521694866285,1.2,1.1225704338973257,0.2,0.12257043389732569,21,222,315,21,2023-01-30,2023-02-28,2022-11-28,2023-02-28
2023-04-03,2023-03-31,Comm,0.12342134391534391,0.17092701726738965,0.17092701726738965,0.746031746031746,0.8411695844364122,0.6275392137858948,1.017092701726739,1.0107263406030746,0.017092701726738966,0.010726340603074577,21,235,315,21,2023-03-03,2023-03-31,2022-12-30,2023-03-31
2023-04-03,2023-03-31,Consumer,0.07721428481307052,-1.2314346532384026,-1.2314346532384026,0.9650793650793651,0.8339605602224839,0.8048381279607464,0.8768565346761598,0.9008894438981613,-0.12314346532384027,-0.09911055610183869,21,304,315,21,2023-03-03,2023-03-31,2022-12-30,2023-03-31
2023-04-03,2023-03-31,Energy,0.12069570011337867,0.08820505941961831,0.08820505941961831,0.9365079365079365,0.8882521430278996,0.8318551815658107,1.008820505941962,1.0073373835718529,0.008820505941961833,0.007337383571852972,21,295,315,21,2023-03-03,2023-03-31,2022-12-30,2023-03-31
2023-04-03,2023-03-31,Financials,0.06346412674362674,-1.6487452333665193,-1.6487452333665193,0.9206349206349206,0.8717299006442151,0.8025449878946741,0.835125476663348,0.8676807776646465,-0.16487452333665195,-0.1323192223353535,21,290,315,21,2023-03-03,2023-03-31,2022-12-30,2023-03-31
2023-04-03,2023-03-31,Healthcare,0.11009684750566893,-0.23346493943259636,-0.23346493943259636,0.8825396825396825,0.877121429675145,0.7740944680942549,0.9766535060567404,0.9819276081891267,-0.023346493943259636,-0.01807239181087331,21,278,315,21,2023-03-03,2023-03-31,2022-12-30,2023-03-31
2023-04-03,2023-03-31,Industrials,0.16525467970521543,1.4405483219097277,1.4405483219097277,0.692063492063492,0.8479213838805606,0.5868154339236895,1.1440548321909727,1.08453359886095,0.1440548321909728,0.08453359886094997,21,218,315,21,2023-03-03,2023-03-31,2022-12-30,2023-03-31
2023-04-03,2023-03-31,Materials,0.09233784924070639,-0.7724418610808526,-0.7724418610808526,0.6698412698412698,0.8757451639341073,0.5866102526669734,0.9227558138919147,0.9546877684700814,-0.07724418610808526,-0.04531223152991861,21,211,315,21,2023-03-03,2023-03-31,2022-12-30,2023-03-31
2023-04-03,2023-03-31,RealEstate,0.1587872619047619,1.2442653511534976,1.2442653511534976,0.6952380952380952,0.8699903464678895,0.6048504313538661,1.1244265351153497,1.0752594434363862,0.12442653511534976,0.07525944343638627,21,219,315,21,2023-03-03,2023-03-31,2022-12-30,2023-03-31
2023-04-03,2023-03-31,Tech,0.10989767001381381,-0.2395098790074536,-0.2395098790074536,0.9682539682539683,0.9002592867917404,0.8716796268935899,0.9760490120992547,0.9791224118029453,-0.02395098790074536,-0.0208775881970546,21,305,315,21,2023-03-03,2023-03-31,2022-12-30,2023-03-31
2023-04-03,2023-03-31,Utilities,0.15672414682539682,1.1816508163755908,1.1816508163755908,0.7555555555555555,0.8392478666111554,0.6340983881062062,1.118165081637559,1.0749282877968145,0.11816508163755908,0.07492828779681449,21,238,315,21,2023-03-03,2023-03-31,2022-12-30,2023-03-31
2023-05-01,2023-04-28,Comm,0.07850934452408262,-0.982283342595366,-0.982283342595366,0.7777777777777778,0.9114359332042612,0.7088946147144254,0.9017716657404634,0.930366462831046,-0.0982283342595366,-0.06963353716895399,21,245,315,21,2023-03-30,2023-04-28,2023-01-30,2023-04-28
2023-05-01,2023-04-28,Consumer,0.09600151444162501,-0.40869816563184896,-0.40869816563184896,0.9682539682539683,0.8769266284194276,0.8490876878346839,0.9591301834368151,0.9652979419521377,-0.0408698165631849,-0.03470205804786233,21,305,315,21,2023-03-30,2023-04-28,2023-01-30,2023-04-28
2023-05-01,2023-04-28,Energy,0.11805410036781273,0.3144274648989977,0.3144274648989977,0.9428571428571428,0.8993067454247138,0.8479177885433016,1.0314427464898999,1.0266608640694435,0.031442746489899774,0.026660864069443475,21,297,315,21,2023-03-30,2023-04-28,2023-01-30,2023-04-28
2023-05-01,2023-04-28,Financials,0.09004719529258642,-0.6039460519088649,-0.6039460519088649,0.9396825396825397,0.8988288129599373,0.8446137417020363,0.9396053948091135,0.9489898865311082,-0.06039460519088649,-0.051010113468891866,21,296,315,21,2023-03-30,2023-04-28,2023-01-30,2023-04-28
2023-05-01,2023-04-28,Healthcare,0.06905236877781415,-1.2923867278547976,-1.2923867278547976,0.9111111111111111,0.8745284924592419,0.7967926264628649,0.8707613272145203,0.8970235784706828,-0.12923867278547976,-0.1029764215293172,21,287,315,21,2023-03-30,2023-04-28,2023-01-30,2023-04-28
2023-05-01,2023-04-28,Industrials,0.10529458444168266,-0.10396940838534253,-0.10396940838534253,0.707936507936508,0.8636503929316918,0.6114096432500549,0.9896030591614657,0.9936432101110199,-0.010396940838534255,-0.006356789888980155,21,223,315,21,2023-03-30,2023-04-28,2023-01-30,2023-04-28
2023-05-01,2023-04-28,Materials,0.08835213756613756,-0.6595286348915224,-0.6595286348915224,0.6793650793650794,0.8795603670627412,0.5975425985759576,0.9340471365108478,0.9605903545671666,-0.06595286348915223,-0.03940964543283342,21,214,315,21,2023-03-30,2023-04-28,2023-01-30,2023-04-28
2023-05-01,2023-04-28,RealEstate,0.11695739984882843,0.2784655937176106,0.2784655937176106,0.7206349206349206,0.8742362547691092,0.6300051740717072,1.0278465593717612,1.0175434764843045,0.02784655937176106,0.017543476484304456,21,227,315,21,2023-03-30,2023-04-28,2023-01-30,2023-04-28
2023-05-01,2023-04-28,Tech,0.1507992246817126,1.3881717752286489,1.3881717752286489,0.9777777777777777,0.878857739438258,0.8593275674507411,1.1388171775228648,1.1192894274811012,0.1388171775228649,0.11928942748110119,21,308,315,21,2023-03-30,2023-04-28,2023-01-30,2023-04-28
2023-05-01,2023-04-28,Utilities,0.1715846961741962,2.06974749742249,2.0,0.780952380952381,0.8534212796335996,0.6664813802852873,1.2,1.1332962760570575,0.2,0.13329627605705746,21,246,315,21,2023-03-30,2023-04-28,2023-01-30,2023-04-28
2023-06-01,2023-05-31,Comm,0.1107765850340136,0.42522824636514445,0.42522824636514445,0.7873015873015873,0.8636460822507682,0.679949931422827,1.0425228246365144,1.0289133916955029,0.042522824636514446,0.028913391695502895,21,248,315,21,2023-05-02,2023-05-31,2023-03-02,2023-05-31
2023-06-01,2023-05-31,Consumer,0.07507600953318391,-0.9251978958390056,-0.9251978958390056,0.9682539682539683,0.8870286597525091,0.858869019760366,0.9074802104160995,0.92053761901164,-0.09251978958390056,-0.07946238098835999,21,305,315,21,2023-05-02,2023-05-31,2023-03-02,2023-05-31
2023-06-01,2023-05-31,Energy,0.10154276104280095,0.07594543690579493,0.07594543690579493,0.9301587301587302,0.9020258923699978,0.8390272586171725,1.0075945436905795,1.0063720291731553,0.007594543690579493,0.006372029173155256,21,293,315,21,2023-05-02,2023-05-31,2023-03-02,2023-05-31
2023-06-01,2023-05-31,Financials,0.05208118309204024,-1.7950106180693788,-1.7950106180693788,0.9777777777777777,0.8746019679608082,0.8551663686727903,0.8204989381930621,0.8464967288016508,-0.1795010618069379,-0.15350327119834917,21,308,315,21,2023-05-02,2023-05-31,2023-03-02,2023-05-31
2023-06-01,2023-05-31,Healthcare,0.09020753647014362,-0.3528259029376084,-0.3528259029376084,0.9301587301587302,0.8485683381198007,0.7893032478384178,0.9647174097062392,0.9721513368889824,-0.035282590293760845,-0.02784866311101767,21,293,315,21,2023-05-02,2023-05-31,2023-03-02,2023-05-31
2023-06-01,2023-05-31,Industrials,0.10651931216931217,0.2641907143271651,0.2641907143271651,0.7111111111111111,0.8689502422983221,0.617920172301029,1.0264190714327166,1.0163248771717375,0.026419071432716514,0.016324877171737383,21,224,315,21,2023-05-02,2023-05-31,2023-03-02,2023-05-31
2023-06-01,2023-05-31,Materials,0.07882728193499622,-0.7833005665419314,-0.7833005665419314,0.6603174603174603,0.8891062135663446,0.5870923568946022,0.9216699433458069,0.9540130224232021,-0.07833005665419314,-0.04598697757679796,21,208,315,21,2023-05-02,2023-05-31,2023-03-02,2023-05-31
2023-06-01,2023-05-31,RealEstate,0.11862007275132276,0.7219195660685283,0.7219195660685283,0.6952380952380952,0.896947901927375,0.6235923508637939,1.0721919566068527,1.0450183519339244,0.07219195660685283,0.04501835193392436,21,219,315,21,2023-05-02,2023-05-31,2023-03-02,2023-05-31
2023-06-01,2023-05-31,Tech,0.10720313223439397,0.2900572018976176,0.2900572018976176,0.9746031746031746,0.9051428725110685,0.8821551170187238,1.0290057201897618,1.0255875444882117,0.02900572018976176,0.025587544488211645,21,307,315,21,2023-05-02,2023-05-31,2023-03-02,2023-05-31
2023-06-01,2023-05-31,Utilities,0.15449640117157973,2.0789938178236795,2.0,0.746031746031746,0.8504375637058191,0.6344534205424365,1.2,1.1268906841084874,0.2,0.1268906841084873,21,235,315,21,2023-05-02,2023-05-31,2023-03-02,2023-05-31
2023-07-03,2023-06-30,Comm,0.11664211233211234,0.10222450941761745,0.10222450941761745,0.8095238095238095,0.8813140790112626,0.7134447306281649,1.0102224509417617,1.0072931537585048,0.010222450941761746,0.00729315375850484,21,255,315,21,2023-06-01,2023-06-30,2023-03-31,2023-06-30
2023-07-03,2023-06-30,Consumer,0.07543527112041398,-1.261819564826019,-1.261819564826019,0.9746031746031746,0.912799006865974,0.8896168098662033,0.8738180435173981,0.8877464104112716,-0.12618195648260191,-0.1122535895887284,21,307,315,21,2023-06-01,2023-06-30,2023-03-31,2023-06-30
2023-07-03,2023-06-30,Energy,0.07347992937882224,-1.3265460092054115,-1.3265460092054115,0.926984126984127,0.884975650863294,0.8203583811177202,0.8673453990794588,0.8911756863410076,-0.13265460092054115,-0.10882431365899238,21,292,315,21,2023-06-01,2023-06-30,2023-03-31,2023-06-30
2023-07-03,2023-06-30,Financials,0.09118788880960309,-0.7403705971079163,-0.7403705971079163,0.9746031746031746,0.878907762971789,0.85658629597568,0.9259629402892083,0.9365808692574027,-0.07403705971079164,-0.06341913074259727,21,307,315,21,2023-06-01,2023-06-30,2023-03-31,2023-06-30
2023-07-03,2023-06-30,Healthcare,0.12343362622826907,0.3270397103111509,0.3270397103111509,0.9301587301587302,0.8379821667888919,0.7794564281560169,1.032703971031115,1.0254913204464309,0.032703971031115095,0.02549132044643082,21,293,315,21,2023-06-01,2023-06-30,2023-03-31,2023-06-30
2023-07-03,2023-06-30,Industrials,0.11741106627499485,0.12767870678660667,0.12767870678660667,0.7301587301587301,0.861879867886794,0.6293091098855956,1.0127678706786607,1.0080349373319224,0.012767870678660668,0.008034937331922341,21,230,315,21,2023-06-01,2023-06-30,2023-03-31,2023-06-30
2023-07-03,2023-06-30,Materials,0.12265172335600907,0.3011568727002557,0.3011568727002557,0.6444444444444445,0.8324740712218655,0.53648329034298,1.0301156872700257,1.0161565629975635,0.030115687270025573,0.016156562997563517,21,203,315,21,2023-06-01,2023-06-30,2023-03-31,2023-06-30
2023-07-03,2023-06-30,RealEstate,0.11926451058201058,0.1890321046589889,0.1890321046589889,0.6761904761904762,0.877156240956835,0.5931246962660504,1.0189032104658988,1.0112119609660395,0.018903210465898893,0.011211960966039505,21,213,315,21,2023-06-01,2023-06-30,2023-03-31,2023-06-30
2023-07-03,2023-06-30,Tech,0.10958478616539705,-0.13138970741246697,-0.13138970741246697,0.9809523809523809,0.9191975186307942,0.9016889944663982,0.9868610292587533,0.9881527346840019,-0.013138970741246698,-0.01184726531599816,21,309,315,21,2023-06-01,2023-06-30,2023-03-31,2023-06-30
2023-07-03,2023-06-30,Utilities,0.18644888194444445,2.4129939746771907,2.0,0.726984126984127,0.8722726125811135,0.6341283437494444,1.2,1.126825668749889,0.2,0.12682566874988888,20,229,315,20,2023-06-01,2023-06-30,2023-03-31,2023-06-30
2023-08-01,2023-07-31,Comm,0.09087341612390877,-0.5222392486466177,-0.5222392486466177,0.8317460317460318,0.8813355227228747,0.7330473236615657,0.9477760751353382,0.961717391646857,-0.05222392486466178,-0.03828260835314301,21,262,315,21,2023-06-30,2023-07-31,2023-05-01,2023-07-31
2023-08-01,2023-07-31,Consumer,0.10588582099396009,-0.05354305004615868,-0.05354305004615868,0.9682539682539683,0.8964989656556951,0.8680386810317048,0.9946456949953841,0.9953522561459518,-0.005354305004615869,-0.004647743854048214,21,305,315,21,2023-06-30,2023-07-31,2023-05-01,2023-07-31
2023-08-01,2023-07-31,Energy,0.0898940366363565,-0.5528160580769808,-0.5528160580769808,0.9365079365079365,0.8888963810939677,0.832458515627684,0.944718394192302,0.9539803564878089,-0.05528160580769808,-0.0460196435121911,21,295,315,21,2023-06-30,2023-07-31,2023-05-01,2023-07-31
2023-08-01,2023-07-31,Financials,0.07838871467810941,-0.9120190446859057,-0.9120190446859057,0.9809523809523809,0.8980343163115881,0.880928900762796,0.9087980955314094,0.919657606549011,-0.09120190446859057,-0.08034239345098902,21,309,315,21,2023-06-30,2023-07-31,2023-05-01,2023-07-31
2023-08-01,2023-07-31,Healthcare,0.09612222273328525,-0.35836838809505916,-0.35836838809505916,0.9333333333333333,0.8341278670095525,0.7785193425422491,0.9641631611904941,0.9721003278112309,-0.035836838809505916,-0.0278996721887691,21,294,315,21,2023-06-30,2023-07-31,2023-05-01,2023-07-31
2023-08-01,2023-07-31,Industrials,0.09438902951995765,-0.4124797098691823,-0.4124797098691823,0.7301587301587301,0.8632281729566507,0.6302935866032687,0.9587520290130818,0.9740016684265478,-0.041247970986918236,-0.025998331573452264,21,230,315,21,2023-06-30,2023-07-31,2023-05-01,2023-07-31
2023-08-01,2023-07-31,Materials,0.06764766621572871,-1.247360958714896,-1.247360958714896,0.638095238095238,0.8912952347618074,0.5687312450384866,0.8752639041285104,0.9290586848937676,-0.1247360958714896,-0.0709413151062323,20,201,315,20,2023-06-30,2023-07-31,2023-05-01,2023-07-31
2023-08-01,2023-07-31,RealEstate,0.14209510411942555,1.0769322803127808,1.0769322803127808,0.707936507936508,0.8802515880635717,0.6231622353592905,1.1076932280312781,1.067110352713029,0.10769322803127808,0.06711035271302905,21,223,315,21,2023-06-30,2023-07-31,2023-05-01,2023-07-31
2023-08-01,2023-07-31,Tech,0.13131308220971433,0.740311150916659,0.740311150916659,0.9841269841269841,0.9056608961966099,0.8912853264157113,1.074031115091666,1.0659828465793946,0.0740311150916659,0.06598284657939454,21,310,315,21,2023-06-30,2023-07-31,2023-05-01,2023-07-31
2023-08-01,2023-07-31,Utilities,0.1793990306122449,2.2415830269053636,2.0,0.6857142857142857,0.8693403166182461,0.5961190742525116,1.2,1.1192238148505023,0.2,0.11922381485050233,21,216,315,21,2023-06-30,2023-07-31,2023-05-01,2023-07-31
2023-09-01,2023-08-31,Comm,0.0843082561728395,-0.7481062853385763,-0.7481062853385763,0.819047619047619,0.8971114338510323,0.7347769839160836,0.9251893714661423,0.9450308720010256,-0.07481062853385763,-0.05496912799897441,21,258,315,21,2023-08-03,2023-08-31,2023-06-02,2023-08-31
2023-09-01,2023-08-31,Consumer,0.08567978931330436,-0.6871458606786286,-0.6871458606786286,0.9809523809523809,0.8964865339567283,0.8794105999766001,0.9312854139321372,0.939571664638917,-0.06871458606786286,-0.060428335361083,21,309,315,21,2023-08-03,2023-08-31,2023-06-02,2023-08-31
2023-09-01,2023-08-31,Energy,0.10793217890068485,0.30190433353362667,0.30190433353362667,0.9396825396825397,0.8511861996331611,0.7998448098140181,1.0301904333533627,1.024147661423723,0.030190433353362668,0.02414766142372315,21,296,315,21,2023-08-03,2023-08-31,2023-06-02,2023-08-31
2023-09-01,2023-08-31,Financials,0.05714947300318728,-1.9552305657685027,-1.9552305657685027,0.9809523809523809,0.8721458740889018,0.8555335717253036,0.8044769434231497,0.8327234610521587,-0.1955230565768503,-0.16727653894784136,21,309,315,21,2023-08-03,2023-08-31,2023-06-02,2023-08-31
2023-09-01,2023-08-31,Healthcare,0.10394391803302519,0.124638419226386,0.124638419226386,0.9174603174603174,0.8551979021172762,0.7846101387679136,1.0124638419226386,1.0097792567405028,0.0124638419226386,0.009779256740502812,21,289,315,21,2023-08-03,2023-08-31,2023-06-02,2023-08-31
2023-09-01,2023-08-31,Industrials,0.08512584516847675,-0.7117669721270456,-0.7117669721270456,0.7333333333333333,0.8927063269182822,0.6546513064067403,0.9288233027872954,0.953404082183986,-0.07117669721270457,-0.04659591781601404,21,231,315,21,2023-08-03,2023-08-31,2023-06-02,2023-08-31
2023-09-01,2023-08-31,Materials,0.12477332497911446,1.0504414168981,1.0504414168981,0.6349206349206349,0.9142887935072107,0.5805008212744195,1.10504414168981,1.0609782105210013,0.10504414168981001,0.0609782105210012,19,200,315,19,2023-08-03,2023-08-31,2023-06-02,2023-08-31
2023-09-01,2023-08-31,RealEstate,0.10950595238095237,0.3718537185285494,0.3718537185285494,0.7301587301587301,0.8683589094107547,0.6340398386173763,1.037185371852855,1.0235770071685113,0.03718537185285494,0.023577007168511275,21,230,315,21,2023-08-03,2023-08-31,2023-06-02,2023-08-31
2023-09-01,2023-08-31,Tech,0.11269951252176953,0.5137976326911432,0.5137976326911432,0.9936507936507937,0.9043499928627003,0.8986080881461118,1.0513797632691144,1.0461702708406586,0.05137976326911432,0.04617027084065864,21,313,315,21,2023-08-03,2023-08-31,2023-06-02,2023-08-31
2023-09-01,2023-08-31,Utilities,0.14027884788359787,1.7396141630349427,1.7396141630349427,0.6952380952380952,0.8619604762688151,0.5992677596916524,1.1739614163034942,1.1042494682209818,0.17396141630349427,0.1042494682209819,21,219,315,21,2023-08-03,2023-08-31,2023-06-02,2023-08-31
2023-10-02,2023-09-29,Comm,0.11385362358276643,-0.3589599186640075,-0.3589599186640075,0.8285714285714286,0.863232335859645,0.7152496497122773,0.9641040081335992,0.9743254043914821,-0.03589599186640075,-0.025674595608517894,21,261,315,21,2023-08-31,2023-09-29,2023-07-03,2023-09-29
2023-10-02,2023-09-29,Consumer,0.104726531784388,-0.6290038039984046,-0.6290038039984046,0.9714285714285714,0.8846063085929963,0.8593318426331964,0.9370996196001595,0.9459477002086761,-0.06290038039984046,-0.05405229979132389,21,306,315,21,2023-08-31,2023-09-29,2023-07-03,2023-09-29
2023-10-02,2023-09-29,Energy,0.12866298494230635,0.07920566235510332,0.07920566235510332,0.9333333333333333,0.8382994568112715,0.7824128263571868,1.0079205662355104,1.006197152614675,0.007920566235510332,0.006197152614674942,21,294,315,21,2023-08-31,2023-09-29,2023-07-03,2023-09-29
2023-10-02,2023-09-29,Financials,0.13319632703936277,0.2133339630758866,0.2133339630758866,0.9777777777777777,0.877189982548621,0.8576968718253183,1.0213333963075886,1.0182975872784286,0.02133339630758866,0.01829758727842859,21,308,315,21,2023-08-31,2023-09-29,2023-07-03,2023-09-29
2023-10-02,2023-09-29,Healthcare,0.0762975622637944,-1.47013365729496,-1.47013365729496,0.9238095238095239,0.8311307518857312,0.7678065041230088,0.852986634270504,0.8871221815998783,-0.147013365729496,-0.11287781840012166,21,291,315,21,2023-08-31,2023-09-29,2023-07-03,2023-09-29
2023-10-02,2023-09-29,Industrials,0.1441564691987906,0.5376124340204935,0.5376124340204935,0.7492063492063492,0.8699358759367322,0.6517614816541867,1.0537612434020494,1.035039507655291,0.05376124340204935,0.035039507655291055,21,236,315,21,2023-08-31,2023-09-29,2023-07-03,2023-09-29
2023-10-02,2023-09-29,Materials,0.08060817460317461,-1.3425952770517111,-1.3425952770517111,0.6507936507936508,0.8780493391258514,0.5714289349866652,0.8657404722948289,0.9232802210716214,-0.1342595277051711,-0.0767197789283786,21,205,315,21,2023-08-31,2023-09-29,2023-07-03,2023-09-29
2023-10-02,2023-09-29,RealEstate,0.1948780634920635,2.0383156915185587,2.0,0.7714285714285715,0.8176324615172972,0.630745041741915,1.2,1.126149008348383,0.2,0.12614900834838302,21,243,315,21,2023-08-31,2023-09-29,2023-07-03,2023-09-29
2023-10-02,2023-09-29,Tech,0.12351398534762976,-0.07313813858910724,-0.07313813858910724,0.9936507936507937,0.9073618323767295,0.9016008048695757,0.9926861861410893,0.9934058595381399,-0.007313813858910724,-0.0065941404618601665,21,313,315,21,2023-08-31,2023-09-29,2023-07-03,2023-09-29
2023-10-02,2023-09-29,Utilities,0.15996576166426169,1.0053630446281472,1.0053630446281472,0.7428571428571429,0.8558356081865796,0.6357635946528877,1.1005363044628147,1.0639173223183962,0.10053630446281472,0.06391732231839624,21,234,315,21,2023-08-31,2023-09-29,2023-07-03,2023-09-29
2023-11-01,2023-10-31,Comm,0.08408503651198888,-1.1405372606631343,-1.1405372606631343,0.7841269841269841,0.8994329352962558,0.705269634978334,0.8859462739336865,0.9195613702492922,-0.11405372606631344,-0.08043862975070777,21,247,315,21,2023-10-03,2023-10-31,2023-08-03,2023-10-31
2023-11-01,2023-10-31,Consumer,0.10864592658003372,-0.13554390847235454,-0.13554390847235454,0.9809523809523809,0.8841855865043878,0.8673439562852566,0.9864456091527646,0.9882436810175221,-0.013554390847235455,-0.011756318982477872,21,309,315,21,2023-10-03,2023-10-31,2023-08-03,2023-10-31
2023-11-01,2023-10-31,Energy,0.11315561333256006,0.04898544670148218,0.04898544670148218,0.9015873015873016,0.8962613348647803,0.8080578384177702,1.0048985446701482,1.0039583074175529,0.0048985446701482185,0.003958307417552859,21,284,315,21,2023-10-03,2023-10-31,2023-08-03,2023-10-31
2023-11-01,2023-10-31,Financials,0.09250231969058112,-0.7961151483310354,-0.7961151483310354,0.946031746031746,0.8970395011671684,0.8486278455486227,0.9203884851668964,0.9324394516863211,-0.07961151483310354,-0.06756054831367887,21,298,315,21,2023-10-03,2023-10-31,2023-08-03,2023-10-31
2023-11-01,2023-10-31,Healthcare,0.11150441687009732,-0.018578939741296607,-0.018578939741296607,0.9238095238095239,0.864080371289798,0.7982456763343848,0.9981421060258704,0.9985169441680632,-0.0018578939741296608,-0.0014830558319367092,21,291,315,21,2023-10-03,2023-10-31,2023-08-03,2023-10-31
2023-11-01,2023-10-31,Industrials,0.08304505272646033,-1.1830917767228857,-1.1830917767228857,0.8095238095238095,0.8585486521142041,0.6950155755210223,0.8816908223277115,0.9177732787906755,-0.11830917767228857,-0.08222672120932453,21,255,315,21,2023-10-03,2023-10-31,2023-08-03,2023-10-31
2023-11-01,2023-10-31,Materials,0.09261812736205594,-0.7913764788592678,-0.7913764788592678,0.6571428571428571,0.8840277663747824,0.5809325321891428,0.9208623521140732,0.9540263658221357,-0.07913764788592678,-0.04597363417786421,21,207,315,21,2023-10-03,2023-10-31,2023-08-03,2023-10-31
2023-11-01,2023-10-31,RealEstate,0.15543089432591217,1.778824073991027,1.778824073991027,0.7492063492063492,0.8363967020754771,0.6266337196501988,1.1778824073991028,1.1114671146088317,0.17788240739910272,0.11146711460883177,21,236,315,21,2023-10-03,2023-10-31,2023-08-03,2023-10-31
2023-11-01,2023-10-31,Tech,0.12906045384641246,0.6997867385029021,0.6997867385029021,0.9904761904761905,0.8816527078859667,0.8732560154299099,1.06997867385029,1.0611092978915737,0.0699786738502902,0.061109297891573655,21,312,315,21,2023-10-03,2023-10-31,2023-08-03,2023-10-31
2023-11-01,2023-10-31,Utilities,0.1495368082010582,1.5376472535945622,1.5376472535945622,0.7555555555555555,0.8677895888782188,0.6556632449302098,1.1537647253594563,1.1008178787849836,0.15376472535945623,0.10081787878498359,21,238,315,21,2023-10-03,2023-10-31,2023-08-03,2023-10-31
2023-12-01,2023-11-30,Comm,0.0944655015117158,-0.7041932624667588,-0.7041932624667588,0.780952380952381,0.8886081076987703,0.6939606174409444,0.9295806737533241,0.9511317608780815,-0.07041932624667589,-0.048868239121918504,21,246,315,21,2023-11-01,2023-11-30,2023-09-01,2023-11-30
2023-12-01,2023-11-30,Consumer,0.0826801495702834,-1.074406233290479,-1.074406233290479,0.9809523809523809,0.8855681395801444,0.868700175016713,0.8925593766709521,0.9066663117101513,-0.1074406233290479,-0.09333368828984866,21,309,315,21,2023-11-01,2023-11-30,2023-09-01,2023-11-30
2023-12-01,2023-11-30,Energy,0.12087279632357995,0.12533844030306157,0.12533844030306157,0.9015873015873016,0.8984244095687052,0.8100080391032136,1.0125338440303062,1.0101525144254138,0.012533844030306157,0.01015251442541381,21,284,315,21,2023-11-01,2023-11-30,2023-09-01,2023-11-30
2023-12-01,2023-11-30,Financials,0.0821549663729128,-1.0909038001592066,-1.0909038001592066,0.9047619047619048,0.8819880664210791,0.7979892029524048,0.8909096199840794,0.9129470546013205,-0.10909038001592067,-0.08705294539867948,21,285,315,21,2023-11-01,2023-11-30,2023-09-01,2023-11-30
2023-12-01,2023-11-30,Healthcare,0.09833893311714742,-0.5825172506636662,-0.5825172506636662,0.926984126984127,0.8673599148277711,0.8040288734276482,0.9417482749336333,0.9531639311196721,-0.058251725066366625,-0.046836068880327854,21,292,315,21,2023-11-01,2023-11-30,2023-09-01,2023-11-30
2023-12-01,2023-11-30,Industrials,0.10190306393441215,-0.47055729691589754,-0.47055729691589754,0.873015873015873,0.8714876060657752,0.760822513232026,0.9529442703084102,0.9641989414740778,-0.047055729691589755,-0.035801058525922184,21,275,315,21,2023-11-01,2023-11-30,2023-09-01,2023-11-30
2023-12-01,2023-11-30,Materials,0.13381375264550263,0.5318523831235681,0.5318523831235681,0.7015873015873015,0.8743345784539343,0.6134220375819666,1.0531852383123568,1.0326249972548485,0.05318523831235681,0.03262499725484839,21,221,315,21,2023-11-01,2023-11-30,2023-09-01,2023-11-30
2023-12-01,2023-11-30,RealEstate,0.11017256155881155,-0.2107877713249202,-0.2107877713249202,0.7238095238095238,0.8770877321332505,0.6348444537345432,0.9789212228675079,0.9866182552459309,-0.02107877713249202,-0.013381744754069079,21,228,315,21,2023-11-01,2023-11-30,2023-09-01,2023-11-30
2023-12-01,2023-11-30,Tech,0.16179892848850466,1.4109500239363855,1.4109500239363855,0.9968253968253968,0.8971316975948568,0.894283660459635,1.1410950023936386,1.126178955213144,0.14109500239363856,0.12617895521314407,21,314,315,21,2023-11-01,2023-11-30,2023-09-01,2023-11-30
2023-12-01,2023-11-30,Utilities,0.18262709693877552,2.065224767457915,2.0,0.7333333333333333,0.8635203865472497,0.6332482834679831,1.2,1.1266496566935966,0.2,0.12664965669359662,21,231,315,21,2023-11-01,2023-11-30,2023-09-01,2023-11-30
